iceberg_id,timestamp,latitude,longitude,prev_latitude,prev_longitude,time_diff_hours,prev_speed_kmh,prev_direction_deg,drift_distance_km,drift_speed_kmh,drift_direction_deg,month,season,target_lat_delta,target_lon_delta,target_horizon_hours,target_latitude,target_longitude
A23A,2022-04-29 00:00:00+00:00,-74.87,-37.96,-74.95,-37.74,336.0,0.03256038682655062,324.2939729467957,6.563499598474751,0.039068449990921135,32.163515232894156,4,autumn,0.05000000000001137,0.11999999999999744,168.0,-74.82,-37.84
A23A,2022-05-06 00:00:00+00:00,-74.82,-37.84,-74.87,-37.96,168.0,0.039068449990921135,32.163515232894156,29.04514453476109,0.034577553017572725,276.11706219855023,5,autumn,0.029999999999986926,-0.9899999999999949,840.0,-74.79,-38.83
A23A,2022-06-10 00:00:00+00:00,-74.79,-38.83,-74.82,-37.84,840.0,0.034577553017572725,276.11706219855023,19.80742758293939,0.11790135466035351,205.93209487095748,6,winter,-0.1599999999999966,-0.30000000000000426,168.0,-74.95,-39.13
A23A,2022-06-17 00:00:00+00:00,-74.95,-39.13,-74.79,-38.83,168.0,0.11790135466035351,205.93209487095748,16.802430942054034,0.10001446989317878,6.976254182967978,6,winter,0.15000000000000568,0.07000000000000028,168.0,-74.8,-39.06
A23A,2022-06-24 00:00:00+00:00,-74.8,-39.06,-74.95,-39.13,168.0,0.10001446989317878,6.976254182967978,6.829686387362066,0.04065289516286944,12.372069410130678,6,winter,0.060000000000002274,0.05000000000000426,168.0,-74.74,-39.01
A23A,2022-07-01 00:00:00+00:00,-74.74,-39.01,-74.8,-39.06,168.0,0.04065289516286944,12.372069410130678,32.15407779309222,0.1913933201969775,21.16789277178532,7,winter,0.269999999999996,0.39000000000000057,168.0,-74.47,-38.62
A23A,2022-07-08 00:00:00+00:00,-74.47,-38.62,-74.74,-39.01,168.0,0.1913933201969775,21.16789277178532,6.9694188501412535,0.04148463601274556,50.42995312609696,7,winter,0.03999999999999204,0.17999999999999972,168.0,-74.43,-38.44
A23A,2022-07-15 00:00:00+00:00,-74.43,-38.44,-74.47,-38.62,168.0,0.04148463601274556,50.42995312609696,9.28529075441887,0.05526958782392185,212.9595892600574,7,winter,-0.06999999999999318,-0.1700000000000017,168.0,-74.5,-38.61
A23A,2022-07-22 00:00:00+00:00,-74.5,-38.61,-74.43,-38.44,168.0,0.05526958782392185,212.9595892600574,64.48277726836504,0.09595651379220989,310.1559745626535,7,winter,0.37999999999999545,-1.6199999999999974,672.0,-74.12,-40.23
A23A,2022-08-19 00:00:00+00:00,-74.12,-40.23,-74.5,-38.61,672.0,0.09595651379220989,310.1559745626535,5.071686504062062,0.03018861014322656,331.242378694287,8,winter,0.04000000000000625,-0.0800000000000054,168.0,-74.08,-40.31
A23A,2022-08-26 00:00:00+00:00,-74.08,-40.31,-74.12,-40.23,168.0,0.03018861014322656,331.242378694287,14.555928978400868,0.08664243439524326,336.35652511062096,8,winter,0.12000000000000455,-0.18999999999999773,168.0,-73.96,-40.5
A23A,2022-09-02 00:00:00+00:00,-73.96,-40.5,-74.08,-40.31,168.0,0.08664243439524326,336.35652511062096,13.54411455262586,0.08061972947991583,304.9046546192127,9,spring,0.06999999999999318,-0.35999999999999943,168.0,-73.89,-40.86
A23A,2022-09-09 00:00:00+00:00,-73.89,-40.86,-73.96,-40.5,168.0,0.08061972947991583,304.9046546192127,18.022531821360783,0.10727697512714751,262.6333579549612,9,spring,-0.01999999999999602,-0.5799999999999983,168.0,-73.91,-41.44
A23A,2022-09-16 00:00:00+00:00,-73.91,-41.44,-73.89,-40.86,168.0,0.10727697512714751,262.6333579549612,14.600732832002716,0.08690912400001617,302.02277668252685,9,spring,0.06999999999999318,-0.4000000000000057,168.0,-73.84,-41.84
A23A,2022-09-23 00:00:00+00:00,-73.84,-41.84,-73.91,-41.44,168.0,0.08690912400001617,302.02277668252685,66.93024267265575,0.07967886032459018,313.5094688183691,9,spring,0.4200000000000017,-1.529999999999994,840.0,-73.42,-43.37
A23A,2022-10-28 00:00:00+00:00,-73.42,-43.37,-73.84,-41.84,840.0,0.07967886032459018,313.5094688183691,23.46622628583677,0.139679918368076,319.0718885630863,10,spring,0.1599999999999966,-0.480000000000004,168.0,-73.26,-43.85
A23A,2022-11-04 00:00:00+00:00,-73.26,-43.85,-73.42,-43.37,168.0,0.139679918368076,319.0718885630863,17.80282251067449,0.10596918161115768,357.91889926930685,11,spring,0.1600000000000108,-0.01999999999999602,168.0,-73.1,-43.87
A23A,2022-11-11 00:00:00+00:00,-73.1,-43.87,-73.26,-43.85,168.0,0.10596918161115768,357.91889926930685,9.04189132490251,0.05382078169584827,349.6552570608837,11,spring,0.0799999999999983,-0.05000000000000426,168.0,-73.02,-43.92
A23A,2022-11-18 00:00:00+00:00,-73.02,-43.92,-73.1,-43.87,168.0,0.05382078169584827,349.6552570608837,20.715297759729378,0.12330534380791296,291.7879054663583,11,spring,0.06999999999999318,-0.5899999999999963,168.0,-72.95,-44.51
A23A,2022-11-25 00:00:00+00:00,-72.95,-44.51,-73.02,-43.92,168.0,0.12330534380791296,291.7879054663583,16.431359329040657,0.09780571029190867,312.41107171752475,11,spring,0.10000000000000853,-0.37000000000000455,168.0,-72.85,-44.88
A23A,2022-12-02 00:00:00+00:00,-72.85,-44.88,-72.95,-44.51,168.0,0.09780571029190867,312.41107171752475,16.70781543710451,0.09945128236371732,297.55126316330626,12,summer,0.06999999999999318,-0.44999999999999574,168.0,-72.78,-45.33
A23A,2022-12-09 00:00:00+00:00,-72.78,-45.33,-72.85,-44.88,168.0,0.09945128236371732,297.55126316330626,89.02235560814512,0.10597899477160133,321.108738411983,12,summer,0.6299999999999955,-1.6400000000000006,840.0,-72.15,-46.97
A23A,2023-01-13 00:00:00+00:00,-72.15,-46.97,-72.78,-45.33,840.0,0.10597899477160133,321.108738411983,10.817857315104277,0.06439200782800165,315.90992349738116,1,summer,0.07000000000000739,-0.21999999999999886,168.0,-72.08,-47.19
A23A,2023-01-20 00:00:00+00:00,-72.08,-47.19,-72.15,-46.97,168.0,0.06439200782800165,315.90992349738116,5.224044994949905,0.03109550592232086,328.32713627316036,1,summer,0.03999999999999204,-0.0800000000000054,168.0,-72.04,-47.27
A23A,2023-01-27 00:00:00+00:00,-72.04,-47.27,-72.08,-47.19,168.0,0.03109550592232086,328.32713627316036,6.171708889860555,0.03673636243964616,269.91438551159007,1,summer,0.0,-0.17999999999999972,168.0,-72.04,-47.45
A23A,2023-02-03 00:00:00+00:00,-72.04,-47.45,-72.04,-47.27,168.0,0.03673636243964616,269.91438551159007,9.847269044398018,0.058614696692845344,289.67279750242494,2,summer,0.030000000000001137,-0.269999999999996,168.0,-72.01,-47.72
A23A,2023-02-10 00:00:00+00:00,-72.01,-47.72,-72.04,-47.45,168.0,0.058614696692845344,289.67279750242494,11.732439464899471,0.06983594919583018,275.2766982379536,2,summer,0.010000000000005116,-0.3400000000000034,168.0,-72.0,-48.06
A23A,2023-02-17 00:00:00+00:00,-72.0,-48.06,-72.01,-47.72,168.0,0.06983594919583018,275.2766982379536,15.83038498196681,0.09422848203551673,281.9507433481848,2,summer,0.030000000000001137,-0.44999999999999574,168.0,-71.97,-48.51
A23A,2023-02-24 00:00:00+00:00,-71.97,-48.51,-72.0,-48.06,168.0,0.09422848203551673,281.9507433481848,55.07933770749081,0.06557064012796525,279.7211742488305,2,summer,0.09000000000000341,-1.5700000000000003,840.0,-71.88,-50.08
A23A,2023-03-31 00:00:00+00:00,-71.88,-50.08,-71.97,-48.51,840.0,0.06557064012796525,279.7211742488305,17.593784035733563,0.10472490497460454,292.0611059598117,3,autumn,0.060000000000002274,-0.46999999999999886,168.0,-71.82,-50.55
A23A,2023-04-07 00:00:00+00:00,-71.82,-50.55,-71.88,-50.08,168.0,0.10472490497460454,292.0611059598117,27.575381689222322,0.16413917672156145,283.63526893360626,4,autumn,0.05999999999998806,-0.7700000000000031,168.0,-71.76,-51.32
A23A,2023-04-14 00:00:00+00:00,-71.76,-51.32,-71.82,-50.55,168.0,0.16413917672156145,283.63526893360626,22.098355411538247,0.1315378298305848,293.46173082332524,4,autumn,0.0799999999999983,-0.5799999999999983,168.0,-71.68,-51.9
A23A,2023-04-21 00:00:00+00:00,-71.68,-51.9,-71.76,-51.32,168.0,0.1315378298305848,293.46173082332524,16.126411421266983,0.09599054417420823,344.8113543620799,4,autumn,0.14000000000000057,-0.12000000000000455,168.0,-71.54,-52.02
A23A,2023-04-28 00:00:00+00:00,-71.54,-52.02,-71.68,-51.9,168.0,0.09599054417420823,344.8113543620799,33.92027808054826,0.2019064171461206,308.1676530423188,4,autumn,0.19000000000001194,-0.75,168.0,-71.35,-52.77
A23A,2023-05-05 00:00:00+00:00,-71.35,-52.77,-71.54,-52.02,168.0,0.2019064171461206,308.1676530423188,61.0321104466885,0.36328637170647915,306.3114283896247,5,autumn,0.3299999999999983,-1.3599999999999994,168.0,-71.02,-54.13
A23A,2023-05-12 00:00:00+00:00,-71.02,-54.13,-71.35,-52.77,168.0,0.36328637170647915,306.3114283896247,190.21469388682914,0.23310624250836903,336.5307103414473,5,autumn,1.5799999999999983,-1.9399999999999977,816.0,-69.44,-56.07
A23A,2023-06-15 00:00:00+00:00,-69.44,-56.07,-71.02,-54.13,816.0,0.23310624250836903,336.5307103414473,124.09917505996704,0.646349870103995,162.23692614673178,6,winter,-1.0600000000000023,1.0200000000000031,192.0,-70.5,-55.05
A23A,2023-06-23 00:00:00+00:00,-70.5,-55.05,-69.44,-56.07,192.0,0.646349870103995,162.23692614673178,158.26335462598973,6.594306442749573,345.34903820277594,6,winter,1.3799999999999955,-1.0100000000000051,24.0,-69.12,-56.06
A23A,2023-06-24 00:00:00+00:00,-69.12,-56.06,-70.5,-55.05,24.0,6.594306442749573,345.34903820277594,87.95599637740581,0.6108055303986515,2.9435535680678413,6,winter,0.7900000000000063,0.10999999999999943,144.0,-68.33,-55.95
A23A,2023-06-30 00:00:00+00:00,-68.33,-55.95,-69.12,-56.06,144.0,0.6108055303986515,2.9435535680678413,15.718958451568714,0.0935652288783852,45.102311637160426,6,winter,0.09999999999999432,0.2700000000000031,168.0,-68.23,-55.68
A23A,2023-07-07 00:00:00+00:00,-68.23,-55.68,-68.33,-55.95,168.0,0.0935652288783852,45.102311637160426,47.0141927345519,0.2798463853247137,6.668521198331803,7,winter,0.4200000000000017,0.13000000000000256,168.0,-67.81,-55.55
A23A,2023-07-14 00:00:00+00:00,-67.81,-55.55,-68.23,-55.68,168.0,0.2798463853247137,6.668521198331803,0.0,0.0,0.0,7,winter,0.0,0.0,168.0,-67.81,-55.55
A23A,2023-07-21 00:00:00+00:00,-67.81,-55.55,-67.81,-55.55,168.0,0.0,0.0,212.29801479086967,0.31591966486736556,19.28250145126333,7,winter,1.8100000000000023,1.5499999999999972,672.0,-66.0,-54.0
A23A,2023-08-18 00:00:00+00:00,-66.0,-54.0,-67.81,-55.55,672.0,0.31591966486736556,19.28250145126333,0.0,0.0,0.0,8,winter,0.0,0.0,168.0,-66.0,-54.0
A23A,2023-08-25 00:00:00+00:00,-66.0,-54.0,-66.0,-54.0,168.0,0.0,0.0,39.09635315697788,0.23271638783915402,37.45456271686277,8,winter,0.28000000000000114,0.5200000000000031,168.0,-65.72,-53.48
A23A,2023-09-01 00:00:00+00:00,-65.72,-53.48,-66.0,-54.0,168.0,0.23271638783915402,37.45456271686277,29.72101117501249,0.17691078080364578,346.52151614987173,9,spring,0.2600000000000051,-0.15000000000000568,168.0,-65.46,-53.63
A23A,2023-09-08 00:00:00+00:00,-65.46,-53.63,-65.72,-53.48,168.0,0.17691078080364578,346.52151614987173,42.37934712153974,0.25225801858059366,355.56151854496113,9,spring,0.37999999999999545,-0.07000000000000028,168.0,-65.08,-53.7
A23A,2023-09-15 00:00:00+00:00,-65.08,-53.7,-65.46,-53.63,168.0,0.25225801858059366,355.56151854496113,50.443744532643215,0.30026038412287626,345.790116932499,9,spring,0.4399999999999977,-0.259999999999998,168.0,-64.64,-53.96
A23A,2023-09-22 00:00:00+00:00,-64.64,-53.96,-65.08,-53.7,168.0,0.30026038412287626,345.790116932499,47.66623435855011,0.24826163728411518,17.104734865296734,9,spring,0.4099999999999966,0.28999999999999915,192.0,-64.23,-53.67
A23A,2023-09-30 00:00:00+00:00,-64.23,-53.67,-64.64,-53.96,192.0,0.24826163728411518,17.104734865296734,139.08628941121367,0.1704488840823697,45.54168509467843,9,spring,0.8900000000000006,1.990000000000002,816.0,-63.34,-51.68
A23A,2023-11-03 00:00:00+00:00,-63.34,-51.68,-64.23,-53.67,816.0,0.1704488840823697,45.54168509467843,23.35630300389288,0.162196548638145,1.2329498028684043,11,spring,0.21000000000000085,0.00999999999999801,144.0,-63.13,-51.67
A23A,2023-11-09 00:00:00+00:00,-63.13,-51.67,-63.34,-51.68,144.0,0.162196548638145,1.2329498028684043,21.915490275534154,0.11414317851840705,329.50554159642405,11,spring,0.1700000000000017,-0.21999999999999886,192.0,-62.96,-51.89
A23A,2023-11-17 00:00:00+00:00,-62.96,-51.89,-63.13,-51.67,192.0,0.11414317851840705,329.50554159642405,31.92228119839001,0.1900135785618453,298.94190958917363,11,spring,0.14000000000000057,-0.5499999999999972,168.0,-62.82,-52.44
A23A,2023-11-24 00:00:00+00:00,-62.82,-52.44,-62.96,-51.89,168.0,0.1900135785618453,298.94190958917363,57.097609381949006,0.1699333612558006,326.5951363042847,11,spring,0.4299999999999997,-0.6099999999999994,336.0,-62.39,-53.05
A23A,2023-12-08 00:00:00+00:00,-62.39,-53.05,-62.82,-52.44,336.0,0.1699333612558006,326.5951363042847,24.447538649426814,0.14552106338944532,17.287995117749574,12,summer,0.21000000000000085,0.14000000000000057,168.0,-62.18,-52.91
A23A,2023-12-15 00:00:00+00:00,-62.18,-52.91,-62.39,-53.05,168.0,0.14552106338944532,17.287995117749574,39.602354499282484,0.2750163506894617,63.60565119897876,12,summer,0.1599999999999966,0.6799999999999997,144.0,-62.02,-52.23
A64,2022-01-14 00:00:00+00:00,-67.13,-59.15,-67.13,-59.19,168.0,0.010289278475320338,90.01842778059455,13.655200138834173,0.08128095320734627,235.12913673259163,1,summer,-0.07000000000000739,-0.259999999999998,168.0,-67.2,-59.41
A64,2022-01-21 00:00:00+00:00,-67.2,-59.41,-67.13,-59.15,168.0,0.08128095320734627,235.12913673259163,10.995212704225159,0.0654476946680069,258.2156002492203,1,summer,-0.01999999999999602,-0.25,168.0,-67.22,-59.66
A64,2022-01-28 00:00:00+00:00,-67.22,-59.66,-67.2,-59.41,168.0,0.0654476946680069,258.2156002492203,15.680229528648196,0.09333469957528688,244.6666044087416,1,summer,-0.060000000000002274,-0.3300000000000054,168.0,-67.28,-59.99
A64,2022-02-04 00:00:00+00:00,-67.28,-59.99,-67.22,-59.66,168.0,0.09333469957528688,244.6666044087416,11.646359498210272,0.06932356844172781,95.60323882607247,2,summer,-0.010000000000005116,0.2700000000000031,168.0,-67.29,-59.72
A64,2022-02-11 00:00:00+00:00,-67.29,-59.72,-67.28,-59.99,168.0,0.06932356844172781,95.60323882607247,5.106253383872494,0.030394365380193418,310.7483502481657,2,summer,0.030000000000001137,-0.09000000000000341,168.0,-67.26,-59.81
A64,2022-02-18 00:00:00+00:00,-67.26,-59.81,-67.29,-59.72,168.0,0.030394365380193418,310.7483502481657,34.572810263442875,0.04115810745647961,15.32771963920203,2,summer,0.30000000000001137,0.21000000000000085,840.0,-66.96,-59.6
A64,2022-03-25 00:00:00+00:00,-66.96,-59.6,-67.26,-59.81,840.0,0.04115810745647961,15.32771963920203,8.920669728212127,0.053099224572691235,29.290828930093483,3,autumn,0.06999999999999318,0.10000000000000142,168.0,-66.89,-59.5
A64,2022-04-01 00:00:00+00:00,-66.89,-59.5,-66.96,-59.6,168.0,0.053099224572691235,29.290828930093483,55.029904407203254,0.32755895480478125,335.16639898786036,4,autumn,0.45000000000000284,-0.5200000000000031,168.0,-66.44,-60.02
A64,2022-04-08 00:00:00+00:00,-66.44,-60.02,-66.89,-59.5,168.0,0.32755895480478125,335.16639898786036,31.866335769630027,0.18968057005732158,334.9900617175799,4,autumn,0.2599999999999909,-0.29999999999999716,168.0,-66.18,-60.32
A64,2022-04-15 00:00:00+00:00,-66.18,-60.32,-66.44,-60.02,168.0,0.18968057005732158,334.9900617175799,17.81398779085736,0.1060356416122462,357.09172036542867,4,autumn,0.1600000000000108,-0.020000000000003126,168.0,-66.02,-60.34
A64,2022-04-22 00:00:00+00:00,-66.02,-60.34,-66.18,-60.32,168.0,0.1060356416122462,357.09172036542867,18.071976894374615,0.10757129103794413,10.145213084392367,4,autumn,0.1599999999999966,0.07000000000000028,168.0,-65.86,-60.27
A64,2022-04-29 00:00:00+00:00,-65.86,-60.27,-66.02,-60.34,168.0,0.10757129103794413,10.145213084392367,8.89559413156451,0.05294996506883637,0.0,4,autumn,0.0799999999999983,0.0,168.0,-65.78,-60.27
A64,2022-05-06 00:00:00+00:00,-65.78,-60.27,-65.86,-60.27,168.0,0.05294996506883637,0.0,21.92845037528276,0.026105298065812813,87.31228558955223,5,autumn,0.010000000000005116,0.480000000000004,840.0,-65.77,-59.79
A64,2022-06-10 00:00:00+00:00,-65.77,-59.79,-65.78,-60.27,840.0,0.026105298065812813,87.31228558955223,12.431537392440077,0.07399724638357189,44.39701875870594,6,winter,0.0799999999999983,0.18999999999999773,168.0,-65.69,-59.6
A64,2022-06-17 00:00:00+00:00,-65.69,-59.6,-65.77,-59.79,168.0,0.07399724638357189,44.39701875870594,17.71482777006387,0.10544540339323732,19.747297509540942,6,winter,0.14999999999999147,0.13000000000000256,168.0,-65.54,-59.47
A64,2022-06-24 00:00:00+00:00,-65.54,-59.47,-65.69,-59.6,168.0,0.10544540339323732,19.747297509540942,1.3812340174947764,0.008221631056516526,269.98634624155676,6,winter,0.0,-0.030000000000001137,168.0,-65.54,-59.5
A64,2022-07-01 00:00:00+00:00,-65.54,-59.5,-65.54,-59.47,168.0,0.008221631056516526,269.98634624155676,2.407133093905344,0.014328173178008,22.509257064045755,7,winter,0.020000000000010232,0.020000000000003126,168.0,-65.52,-59.48
A64,2022-07-08 00:00:00+00:00,-65.52,-59.48,-65.54,-59.5,168.0,0.014328173178008,22.509257064045755,4.471563172957618,0.026616447458081057,185.90534229848518,7,winter,-0.04000000000000625,-0.010000000000005116,168.0,-65.56,-59.49
A64,2022-07-15 00:00:00+00:00,-65.56,-59.49,-65.52,-59.48,168.0,0.026616447458081057,185.90534229848518,26.503594175455362,0.15775948913961524,62.74830486048921,7,winter,0.10999999999999943,0.5100000000000051,168.0,-65.45,-58.98
A64,2022-07-22 00:00:00+00:00,-65.45,-58.98,-65.56,-59.49,168.0,0.15775948913961524,62.74830486048921,38.7575436195868,0.05767491610057559,61.1410355566652,7,winter,0.1700000000000017,0.7299999999999969,672.0,-65.28,-58.25
A64,2022-08-19 00:00:00+00:00,-65.28,-58.25,-65.45,-58.98,672.0,0.05767491610057559,61.1410355566652,20.022053566831563,0.1191788902787593,93.37891401156674,8,winter,-0.010000000000005116,0.4299999999999997,168.0,-65.29,-57.82
A64,2022-08-26 00:00:00+00:00,-65.29,-57.82,-65.28,-58.25,168.0,0.1191788902787593,93.37891401156674,30.015975007071837,0.17866651789923713,51.19427134165994,8,winter,0.1700000000000017,0.5,168.0,-65.12,-57.32
A64,2022-09-02 00:00:00+00:00,-65.12,-57.32,-65.29,-57.82,168.0,0.17866651789923713,51.19427134165994,24.73744389376534,0.14724668984384132,40.32289502545211,9,spring,0.1700000000000017,0.3400000000000034,168.0,-64.95,-56.98
A64,2022-09-09 00:00:00+00:00,-64.95,-56.98,-65.12,-57.32,168.0,0.14724668984384132,40.32289502545211,21.49529623521637,0.12794819187628792,59.02553517194053,9,spring,0.10000000000000853,0.38999999999999346,168.0,-64.85,-56.59
A64,2022-09-16 00:00:00+00:00,-64.85,-56.59,-64.95,-56.98,168.0,0.12794819187628792,59.02553517194053,40.98394189081151,0.2439520350643542,66.34326160721821,9,spring,0.14999999999999147,0.7900000000000063,168.0,-64.7,-55.8
A64,2022-09-23 00:00:00+00:00,-64.7,-55.8,-64.85,-56.59,168.0,0.2439520350643542,66.34326160721821,155.09602290145423,0.18463812250173123,53.083763974201986,9,spring,0.8599999999999994,2.529999999999994,840.0,-63.84,-53.27
A64,2022-10-28 00:00:00+00:00,-63.84,-53.27,-64.7,-55.8,840.0,0.18463812250173123,53.083763974201986,49.41655667874301,0.2941461707068036,331.1335658845054,10,spring,0.39000000000000057,-0.4799999999999969,168.0,-63.45,-53.75
A64,2022-11-04 00:00:00+00:00,-63.45,-53.75,-63.84,-53.27,168.0,0.2941461707068036,331.1335658845054,114.36327446288895,0.6807337765648152,7.499019201149736,11,spring,1.0200000000000031,0.28999999999999915,168.0,-62.43,-53.46
A64,2022-11-11 00:00:00+00:00,-62.43,-53.46,-63.45,-53.75,168.0,0.6807337765648152,7.499019201149736,99.33575999882707,0.591284285707304,43.89701727568439,11,spring,0.6499999999999986,1.3100000000000023,168.0,-61.78,-52.15
A64,2022-11-18 00:00:00+00:00,-61.78,-52.15,-62.43,-53.46,168.0,0.591284285707304,43.89701727568439,95.90557618436989,0.5708665249069637,51.860822395150365,11,spring,0.5399999999999991,1.4099999999999966,168.0,-61.24,-50.74
A64,2022-11-25 00:00:00+00:00,-61.24,-50.74,-61.78,-52.15,168.0,0.5708665249069637,51.860822395150365,101.52829510457184,0.6043350899081658,39.477572991233046,11,spring,0.7100000000000009,1.1799999999999997,168.0,-60.53,-49.56
A64,2022-12-02 00:00:00+00:00,-60.53,-49.56,-61.24,-50.74,168.0,0.6043350899081658,39.477572991233046,0.0,0.0,0.0,12,summer,0.0,0.0,168.0,-60.53,-49.56
A69A,2022-01-14 00:00:00+00:00,-67.02,-58.66,-67.09,-58.87,168.0,0.07129325640819968,49.56510584687379,1.4108748318834194,0.008398064475496545,322.0016598636334,1,summer,0.009999999999990905,-0.020000000000003126,168.0,-67.01,-58.68
A69A,2022-01-21 00:00:00+00:00,-67.01,-58.68,-67.02,-58.66,168.0,0.008398064475496545,322.0016598636334,14.981521769567467,0.08917572481885397,291.6365506175963,1,summer,0.05000000000001137,-0.3200000000000003,168.0,-66.96,-59.0
A69A,2022-01-28 00:00:00+00:00,-66.96,-59.0,-67.01,-58.68,168.0,0.08917572481885397,291.6365506175963,8.476471534247167,0.05045518770385219,321.8586012876067,1,summer,0.05999999999998806,-0.11999999999999744,168.0,-66.9,-59.12
A69A,2022-02-04 00:00:00+00:00,-66.9,-59.12,-66.96,-59.0,168.0,0.05045518770385219,321.8586012876067,20.144132575250577,0.1199055510431582,299.604220156707,2,summer,0.09000000000000341,-0.4000000000000057,168.0,-66.81,-59.52
A69A,2022-02-11 00:00:00+00:00,-66.81,-59.52,-66.9,-59.12,168.0,0.1199055510431582,299.604220156707,13.444525313951685,0.08002693639256955,305.2614331828245,2,summer,0.07000000000000739,-0.25,168.0,-66.74,-59.77
A69A,2022-02-18 00:00:00+00:00,-66.74,-59.77,-66.81,-59.52,168.0,0.08002693639256955,305.2614331828245,76.35620662011063,0.09090024597632218,43.81399539296967,2,summer,0.5,1.1799999999999997,840.0,-66.24,-58.59
A69A,2022-03-25 00:00:00+00:00,-66.24,-58.59,-66.74,-59.77,840.0,0.09090024597632218,43.81399539296967,10.82320065335478,0.06442381341282608,307.96857806064514,3,autumn,0.05999999999998806,-0.18999999999999773,168.0,-66.18,-58.78
A69A,2022-04-01 00:00:00+00:00,-66.18,-58.78,-66.24,-58.59,168.0,0.06442381341282608,307.96857806064514,50.468582562625805,0.3004082295394393,326.5695154643231,4,autumn,0.38000000000000966,-0.6099999999999994,168.0,-65.8,-59.39
A69A,2022-04-08 00:00:00+00:00,-65.8,-59.39,-66.18,-58.78,168.0,0.3004082295394393,326.5695154643231,25.591220612765078,0.15232869412360164,2.059691123079574,4,autumn,0.23000000000000398,0.020000000000003126,168.0,-65.57,-59.37
A69A,2022-04-15 00:00:00+00:00,-65.57,-59.37,-65.8,-59.39,168.0,0.15232869412360164,2.059691123079574,8.963026440587752,0.053351347860641385,41.955265755402024,4,autumn,0.05999999999998806,0.12999999999999545,168.0,-65.51,-59.24
A69A,2022-04-22 00:00:00+00:00,-65.51,-59.24,-65.57,-59.37,168.0,0.053351347860641385,41.955265755402024,11.222657278723075,0.06680153142097069,26.959048454769288,4,autumn,0.09000000000000341,0.10999999999999943,168.0,-65.42,-59.13
A69A,2022-04-29 00:00:00+00:00,-65.42,-59.13,-65.51,-59.24,168.0,0.06680153142097069,26.959048454769288,6.947841354333155,0.041356198537697356,36.890580364699076,4,autumn,0.04999999999999716,0.09000000000000341,168.0,-65.37,-59.04
A69A,2022-05-06 00:00:00+00:00,-65.37,-59.04,-65.42,-59.13,168.0,0.041356198537697356,36.890580364699076,36.44586528797727,0.04338793486663961,83.3448527769205,5,autumn,0.04000000000000625,0.7800000000000011,840.0,-65.33,-58.26
A69A,2022-06-10 00:00:00+00:00,-65.33,-58.26,-65.37,-59.04,840.0,0.04338793486663961,83.3448527769205,25.308161477007694,0.15064381831552198,66.93468140445344,6,winter,0.09000000000000341,0.5,168.0,-65.24,-57.76
A69A,2022-06-17 00:00:00+00:00,-65.24,-57.76,-65.33,-58.26,168.0,0.15064381831552198,66.93468140445344,45.67679401064049,0.2718856786347648,3.5616199716810684,6,winter,0.4099999999999966,0.05999999999999517,168.0,-64.83,-57.7
A69A,2022-06-24 00:00:00+00:00,-64.83,-57.7,-65.24,-57.76,168.0,0.2718856786347648,3.5616199716810684,1.2083731894805672,0.007192697556431947,336.95132826274795,6,winter,0.010000000000005116,-0.00999999999999801,168.0,-64.82,-57.71
A69A,2022-07-01 00:00:00+00:00,-64.82,-57.71,-64.83,-57.7,168.0,0.007192697556431947,336.95132826274795,12.644226816821046,0.07526325486203003,69.51784010665347,7,winter,0.03999999999999204,0.25,168.0,-64.78,-57.46
A69A,2022-07-08 00:00:00+00:00,-64.78,-57.46,-64.82,-57.71,168.0,0.07526325486203003,69.51784010665347,3.3165728449661285,0.019741505029560288,90.03166374374842,7,winter,0.0,0.07000000000000028,168.0,-64.78,-57.39
A69A,2022-07-15 00:00:00+00:00,-64.78,-57.39,-64.78,-57.46,168.0,0.019741505029560288,90.03166374374842,38.879168215936744,0.2314236203329568,66.73626304946066,7,winter,0.14000000000000057,0.75,168.0,-64.64,-56.64
A69A,2022-07-22 00:00:00+00:00,-64.64,-56.64,-64.78,-57.39,168.0,0.2314236203329568,66.73626304946066,53.16461463527901,0.0791140098739271,31.218530886412964,7,winter,0.4099999999999966,0.5700000000000003,672.0,-64.23,-56.07
A69A,2022-08-19 00:00:00+00:00,-64.23,-56.07,-64.64,-56.64,672.0,0.0791140098739271,31.218530886412964,23.909049823338286,0.14231577275796597,98.24080290747867,8,winter,-0.030000000000001137,0.490000000000002,168.0,-64.26,-55.58
A69A,2022-08-26 00:00:00+00:00,-64.26,-55.58,-64.23,-56.07,168.0,0.14231577275796597,98.24080290747867,17.423267477552184,0.10370992546162014,273.49694181205047,8,winter,0.010000000000005116,-0.35999999999999943,168.0,-64.25,-55.94
A69A,2022-09-02 00:00:00+00:00,-64.25,-55.94,-64.26,-55.58,168.0,0.10370992546162014,273.49694181205047,22.238665335517734,0.13237300794951032,334.06959914460873,9,spring,0.18000000000000682,-0.20000000000000284,168.0,-64.07,-56.14
A69A,2022-09-09 00:00:00+00:00,-64.07,-56.14,-64.25,-55.94,168.0,0.13237300794951032,334.06959914460873,40.01064700984337,0.23815861315382958,114.97407230631569,9,spring,-0.15000000000000568,0.75,168.0,-64.22,-55.39
A69A,2022-09-16 00:00:00+00:00,-64.22,-55.39,-64.07,-56.14,168.0,0.23815861315382958,114.97407230631569,26.314080548981728,0.15663143183917697,120.68109643868547,9,spring,-0.12000000000000455,0.46999999999999886,168.0,-64.34,-54.92
A69A,2022-09-23 00:00:00+00:00,-64.34,-54.92,-64.22,-55.39,168.0,0.15663143183917697,120.68109643868547,126.78054896574622,0.1509292249592217,57.439566166608586,9,spring,0.6300000000000026,2.1700000000000017,840.0,-63.71,-52.75
A69A,2022-10-28 00:00:00+00:00,-63.71,-52.75,-64.34,-54.92,840.0,0.1509292249592217,57.439566166608586,41.877606843042926,0.24927146930382693,315.53534608739926,10,spring,0.2700000000000031,-0.5900000000000034,168.0,-63.44,-53.34
A69A,2022-11-04 00:00:00+00:00,-63.44,-53.34,-63.71,-52.75,168.0,0.24927146930382693,315.53534608739926,88.21332856771363,0.5250793367125811,354.68326985851303,11,spring,0.7899999999999991,-0.1599999999999966,168.0,-62.65,-53.5
A69A,2022-11-11 00:00:00+00:00,-62.65,-53.5,-63.44,-53.34,168.0,0.5250793367125811,354.68326985851303,74.5571649503593,0.44379264851404343,22.62625450317711,11,spring,0.6199999999999974,0.5499999999999972,168.0,-62.03,-52.95
A69A,2022-11-18 00:00:00+00:00,-62.03,-52.95,-62.65,-53.5,168.0,0.44379264851404343,22.62625450317711,87.95240289655308,0.5235262077175779,61.93758182436039,11,spring,0.38000000000000256,1.470000000000006,168.0,-61.65,-51.48
A69A,2022-11-25 00:00:00+00:00,-61.65,-51.48,-62.03,-52.95,168.0,0.5235262077175779,61.93758182436039,114.91117216024347,0.6839950723824015,41.61709346507672,11,spring,0.7800000000000011,1.4099999999999966,168.0,-60.87,-50.07
A69A,2022-12-02 00:00:00+00:00,-60.87,-50.07,-61.65,-51.48,168.0,0.6839950723824015,41.61709346507672,16.08335481616112,0.0957342548581019,26.05911277127103,12,summer,0.12999999999999545,0.13000000000000256,168.0,-60.74,-49.94
A69B,2022-01-14 00:00:00+00:00,-66.57,-59.86,-66.5,-59.16,168.0,0.19021339711719962,255.58156379967383,18.686761183718676,0.11123072133165879,333.11070145505556,1,summer,0.14999999999999147,-0.18999999999999773,168.0,-66.42,-60.05
A69B,2022-01-21 00:00:00+00:00,-66.42,-60.05,-66.57,-59.86,168.0,0.11123072133165879,333.11070145505556,14.628600531560389,0.08707500316404994,33.34865172825005,1,summer,0.10999999999999943,0.17999999999999972,168.0,-66.31,-59.87
A69B,2022-01-28 00:00:00+00:00,-66.31,-59.87,-66.42,-60.05,168.0,0.08707500316404994,33.34865172825005,20.235082016807088,0.12044691676670885,83.89633990789798,1,summer,0.01999999999999602,0.44999999999999574,168.0,-66.29,-59.42
A69B,2022-02-04 00:00:00+00:00,-66.29,-59.42,-66.31,-59.87,168.0,0.12044691676670885,83.89633990789798,25.933054681099836,0.15436342072083237,90.26552217023686,2,summer,0.0,0.5799999999999983,168.0,-66.29,-58.84
A69B,2022-02-11 00:00:00+00:00,-66.29,-58.84,-66.29,-59.42,168.0,0.15436342072083237,90.26552217023686,17.12888436561824,0.10195764503344192,97.63389289907735,2,summer,-0.01999999999999602,0.38000000000000256,168.0,-66.31,-58.46
A69B,2022-02-18 00:00:00+00:00,-66.31,-58.46,-66.29,-58.84,168.0,0.10195764503344192,97.63389289907735,46.752006804992185,0.05565715095832403,12.907113815605612,2,summer,0.4099999999999966,0.23000000000000398,840.0,-65.9,-58.23
A69B,2022-03-25 00:00:00+00:00,-65.9,-58.23,-66.31,-58.46,840.0,0.05565715095832403,12.907113815605612,1.2011104982022238,0.007149467251203713,337.77983459275197,3,autumn,0.010000000000005116,-0.010000000000005116,168.0,-65.89,-58.24
A69B,2022-04-01 00:00:00+00:00,-65.89,-58.24,-65.9,-58.23,168.0,0.007149467251203713,337.77983459275197,52.31184164259738,0.31138000977736535,2.533839475706543,4,autumn,0.46999999999999886,0.05000000000000426,168.0,-65.42,-58.19
A69B,2022-04-08 00:00:00+00:00,-65.42,-58.19,-65.89,-58.24,168.0,0.31138000977736535,2.533839475706543,41.84765842024749,0.24909320488242553,34.7742361296643,4,autumn,0.3100000000000023,0.509999999999998,168.0,-65.11,-57.68
A69B,2022-04-15 00:00:00+00:00,-65.11,-57.68,-65.42,-58.19,168.0,0.24909320488242553,34.7742361296643,31.432082642131757,0.18709573001268903,39.08763600004187,4,autumn,0.21999999999999886,0.4200000000000017,168.0,-64.89,-57.26
A69B,2022-04-22 00:00:00+00:00,-64.89,-57.26,-65.11,-57.68,168.0,0.18709573001268903,39.08763600004187,49.54876910454328,0.29493314943180526,46.25827138051608,4,autumn,0.3100000000000023,0.75,168.0,-64.58,-56.51
A69B,2022-04-29 00:00:00+00:00,-64.58,-56.51,-64.89,-57.26,168.0,0.29493314943180526,46.25827138051608,28.748837392686596,0.17112403209932497,35.84297465169931,4,autumn,0.20999999999999375,0.3500000000000014,168.0,-64.37,-56.16
A69B,2022-05-06 00:00:00+00:00,-64.37,-56.16,-64.58,-56.51,168.0,0.17112403209932497,35.84297465169931,67.09017261048056,0.07986925310771496,59.620718697717734,5,autumn,0.3100000000000023,1.1899999999999977,840.0,-64.06,-54.97
A69B,2022-06-10 00:00:00+00:00,-64.06,-54.97,-64.37,-56.16,840.0,0.07986925310771496,59.620718697717734,90.37495104016656,0.5379461371438486,32.33947405310988,6,winter,0.6900000000000048,0.9699999999999989,168.0,-63.37,-54.0
A69B,2022-06-17 00:00:00+00:00,-63.37,-54.0,-64.06,-54.97,168.0,0.5379461371438486,32.33947405310988,53.5029440852133,0.3184699052691268,330.56256420850247,6,winter,0.4199999999999946,-0.5200000000000031,168.0,-62.95,-54.52
A69B,2022-06-24 00:00:00+00:00,-62.95,-54.52,-63.37,-54.0,168.0,0.3184699052691268,330.56256420850247,17.938954175874994,0.10677948914211306,115.85752297778225,6,winter,-0.07000000000000028,0.3200000000000003,168.0,-63.02,-54.2
A69B,2022-07-01 00:00:00+00:00,-63.02,-54.2,-62.95,-54.52,168.0,0.10677948914211306,115.85752297778225,77.92744724596987,0.46385385265458257,322.6297860586319,7,winter,0.5600000000000023,-0.9199999999999946,168.0,-62.46,-55.12
A69B,2022-07-08 00:00:00+00:00,-62.46,-55.12,-63.02,-54.2,168.0,0.46385385265458257,322.6297860586319,52.13163800449153,0.31030736907435436,252.1958402182592,7,winter,-0.14000000000000057,-0.970000000000006,168.0,-62.6,-56.09
A69B,2022-07-15 00:00:00+00:00,-62.6,-56.09,-62.46,-55.12,168.0,0.31030736907435436,252.1958402182592,43.601604911770906,0.25953336257006493,265.2348962281371,7,winter,-0.030000000000001137,-0.8499999999999943,168.0,-62.63,-56.94
A69B,2022-07-22 00:00:00+00:00,-62.63,-56.94,-62.6,-56.09,168.0,0.25953336257006493,265.2348962281371,118.39729672556811,0.17618645346066683,335.22339724491405,7,winter,0.970000000000006,-0.9400000000000048,672.0,-61.66,-57.88
A69B,2022-08-19 00:00:00+00:00,-61.66,-57.88,-62.63,-56.94,672.0,0.17618645346066683,335.22339724491405,95.96248404281225,0.5712052621595968,55.24247954041965,8,winter,0.5,1.470000000000006,168.0,-61.16,-56.41
A69B,2022-08-26 00:00:00+00:00,-61.16,-56.41,-61.66,-57.88,168.0,0.5712052621595968,55.24247954041965,179.42670199583358,1.0680160833085333,40.70940179499479,8,winter,1.2399999999999949,2.0999999999999943,168.0,-59.92,-54.31
A69B,2022-09-02 00:00:00+00:00,-59.92,-54.31,-61.16,-56.41,168.0,1.0680160833085333,40.70940179499479,113.55410977188664,0.6759173200707538,40.76434542035611,9,spring,0.7800000000000011,1.3000000000000043,168.0,-59.14,-53.01
A69C,2022-01-14 00:00:00+00:00,-66.58,-58.59,-66.57,-58.94,168.0,0.09233190034467377,94.27129093479533,7.832708468675983,0.0466232646944999,106.57256240061713,1,summer,-0.01999999999999602,0.1700000000000017,168.0,-66.6,-58.42
A69C,2022-01-21 00:00:00+00:00,-66.6,-58.42,-66.58,-58.59,168.0,0.0466232646944999,106.57256240061713,12.124308822942435,0.07216850489846688,100.69318493115958,1,summer,-0.020000000000010232,0.2700000000000031,168.0,-66.62,-58.15
A69C,2022-01-28 00:00:00+00:00,-66.62,-58.15,-66.6,-58.42,168.0,0.07216850489846688,100.69318493115958,7.1007330430213464,0.0422662681132223,38.511488537344974,1,summer,0.05000000000001137,0.10000000000000142,168.0,-66.57,-58.05
A69C,2022-02-04 00:00:00+00:00,-66.57,-58.05,-66.62,-58.15,168.0,0.0422662681132223,38.511488537344974,10.007543398010665,0.05956871070244443,180.0,2,summer,-0.09000000000000341,0.0,168.0,-66.66,-58.05
A69C,2022-02-11 00:00:00+00:00,-66.66,-58.05,-66.57,-58.05,168.0,0.05956871070244443,180.0,5.5771374103056335,0.033197246489914484,175.47865601246644,2,summer,-0.04999999999999716,0.00999999999999801,168.0,-66.71,-58.04
A69C,2022-02-18 00:00:00+00:00,-66.71,-58.04,-66.66,-58.05,168.0,0.033197246489914484,175.47865601246644,29.140895368921868,0.03469154210585937,313.15961632726294,2,summer,0.1799999999999926,-0.480000000000004,840.0,-66.53,-58.52
A69C,2022-03-25 00:00:00+00:00,-66.53,-58.52,-66.71,-58.04,840.0,0.03469154210585937,313.15961632726294,26.86795309686561,0.15992829224324767,6.689623399593245,3,autumn,0.23999999999999488,0.07000000000000028,168.0,-66.29,-58.45
A69C,2022-04-01 00:00:00+00:00,-66.29,-58.45,-66.53,-58.52,168.0,0.15992829224324767,6.689623399593245,55.6188485775328,0.33106457486626667,326.79836823696166,4,autumn,0.4200000000000017,-0.6699999999999946,168.0,-65.87,-59.12
A69C,2022-04-08 00:00:00+00:00,-65.87,-59.12,-66.29,-58.45,168.0,0.33106457486626667,326.79836823696166,26.721928693926014,0.15905909936860724,2.9526554214505154,4,autumn,0.2400000000000091,0.02999999999999403,168.0,-65.63,-59.09
A69C,2022-04-15 00:00:00+00:00,-65.63,-59.09,-65.87,-59.12,168.0,0.15905909936860724,2.9526554214505154,16.01749821381366,0.09534225127270035,25.58347841661464,4,autumn,0.12999999999999545,0.15000000000000568,168.0,-65.5,-58.94
A69C,2022-04-22 00:00:00+00:00,-65.5,-58.94,-65.63,-59.09,168.0,0.09534225127270035,25.58347841661464,14.450101108668939,0.08601250659921987,22.624596937509466,4,autumn,0.12000000000000455,0.11999999999999744,168.0,-65.38,-58.82
A69C,2022-04-29 00:00:00+00:00,-65.38,-58.82,-65.5,-58.94,168.0,0.08601250659921987,22.624596937509466,7.544886419025651,0.04491003820848601,42.58291268597094,4,autumn,0.04999999999999716,0.10999999999999943,168.0,-65.33,-58.71
A69C,2022-05-06 00:00:00+00:00,-65.33,-58.71,-65.38,-58.82,168.0,0.04491003820848601,42.58291268597094,50.527976449141526,0.06015235291564468,77.76904234511056,5,autumn,0.09999999999999432,1.0600000000000023,840.0,-65.23,-57.65
A69C,2022-06-10 00:00:00+00:00,-65.23,-57.65,-65.33,-58.71,840.0,0.06015235291564468,77.76904234511056,17.517644038601784,0.104271690705963,50.72959198346831,6,winter,0.10000000000000853,0.28999999999999915,168.0,-65.13,-57.36
A69C,2022-06-17 00:00:00+00:00,-65.13,-57.36,-65.23,-57.65,168.0,0.104271690705963,50.72959198346831,61.07629481252071,0.36354937388405184,31.47020784892635,6,winter,0.46999999999999886,0.6700000000000017,168.0,-64.66,-56.69
A69C,2022-06-24 00:00:00+00:00,-64.66,-56.69,-65.13,-57.36,168.0,0.36354937388405184,31.47020784892635,4.006439217494415,0.0238478524850858,56.31533825990391,6,winter,0.01999999999999602,0.07000000000000028,168.0,-64.64,-56.62
A69C,2022-07-01 00:00:00+00:00,-64.64,-56.62,-64.66,-56.69,168.0,0.0238478524850858,56.31533825990391,49.70627645367048,0.29587069317661,63.84322535905386,7,winter,0.20000000000000284,0.9299999999999997,168.0,-64.44,-55.69
A69C,2022-07-08 00:00:00+00:00,-64.44,-55.69,-64.64,-56.62,168.0,0.29587069317661,63.84322535905386,26.78387589212646,0.15942783269122893,34.0091604776178,7,winter,0.20000000000000284,0.30999999999999517,168.0,-64.24,-55.38
A69C,2022-07-15 00:00:00+00:00,-64.24,-55.38,-64.44,-55.69,168.0,0.15942783269122893,34.0091604776178,102.52835897679373,0.6102878510523436,46.72723026454048,7,winter,0.6399999999999935,1.5100000000000051,168.0,-63.6,-53.87
A69C,2022-07-22 00:00:00+00:00,-63.6,-53.87,-64.24,-55.38,168.0,0.6102878510523436,46.72723026454048,181.18539068831538,0.2696211170957074,12.984177818367414,7,winter,1.5900000000000034,0.779999999999994,672.0,-62.01,-53.09
A69C,2022-08-19 00:00:00+00:00,-62.01,-53.09,-63.6,-53.87,672.0,0.2696211170957074,12.984177818367414,87.4912305035998,0.5207811339499988,56.6096262724231,8,winter,0.4399999999999977,1.3800000000000026,168.0,-61.57,-51.71
A69C,2022-08-26 00:00:00+00:00,-61.57,-51.71,-62.01,-53.09,168.0,0.5207811339499988,56.6096262724231,30.064970778144186,0.1789581593937154,3.0543498998657697,8,winter,0.2700000000000031,0.030000000000001137,168.0,-61.3,-51.68
A69C,2022-09-02 00:00:00+00:00,-61.3,-51.68,-61.57,-51.71,168.0,0.1789581593937154,3.0543498998657697,29.709759275728306,0.1768438052126685,312.17232345590395,9,spring,0.17999999999999972,-0.4100000000000037,168.0,-61.12,-52.09
A69C,2022-09-09 00:00:00+00:00,-61.12,-52.09,-61.3,-51.68,168.0,0.1768438052126685,312.17232345590395,165.37126487549708,0.984352767116054,28.04365844280119,9,spring,1.3200000000000003,1.3900000000000006,168.0,-59.8,-50.7
A70,2022-01-14 00:00:00+00:00,-67.07,-60.03,-67.02,-59.98,168.0,0.035521551996442635,201.28316527665984,7.33012155867457,0.04363167594449149,24.502661386582986,1,summer,0.05999999999998806,0.07000000000000028,168.0,-67.01,-59.96
A70,2022-01-21 00:00:00+00:00,-67.01,-59.96,-67.07,-60.03,168.0,0.04363167594449149,24.502661386582986,15.103782064382074,0.08990346466894092,48.62241956985474,1,summer,0.09000000000000341,0.259999999999998,168.0,-66.92,-59.7
A70,2022-01-28 00:00:00+00:00,-66.92,-59.7,-67.01,-59.96,168.0,0.08990346466894092,48.62241956985474,10.464021729582425,0.06228584362846682,17.018175949871022,1,summer,0.09000000000000341,0.07000000000000028,168.0,-66.83,-59.63
A70,2022-02-04 00:00:00+00:00,-66.83,-59.63,-66.92,-59.7,168.0,0.06228584362846682,17.018175949871022,21.875894138468762,0.13021365558612358,324.2840022720012,2,summer,0.1599999999999966,-0.28999999999999915,168.0,-66.67,-59.92
A70,2022-02-11 00:00:00+00:00,-66.67,-59.92,-66.83,-59.63,168.0,0.13021365558612358,324.2840022720012,6.686247895951706,0.039799094618760154,356.214543442281,2,summer,0.060000000000002274,-0.00999999999999801,168.0,-66.61,-59.93
A70,2022-02-18 00:00:00+00:00,-66.61,-59.93,-66.67,-59.92,168.0,0.039799094618760154,356.214543442281,56.92716966451614,0.06777044007680494,17.012068207583525,2,summer,0.4899999999999949,0.36999999999999744,840.0,-66.12,-59.56
A70,2022-03-25 00:00:00+00:00,-66.12,-59.56,-66.61,-59.93,840.0,0.06777044007680494,17.012068207583525,37.77293065915637,0.2248388729711689,281.5167036558985,3,autumn,0.07000000000000739,-0.8200000000000003,168.0,-66.05,-60.38
A70,2022-04-01 00:00:00+00:00,-66.05,-60.38,-66.12,-59.56,168.0,0.2248388729711689,281.5167036558985,41.61492669827087,0.2477078970135171,303.7854265324295,4,autumn,0.20999999999999375,-0.759999999999998,168.0,-65.84,-61.14
A70,2022-04-08 00:00:00+00:00,-65.84,-61.14,-66.05,-60.38,168.0,0.2477078970135171,303.7854265324295,0.0,0.0,0.0,4,autumn,0.0,0.0,168.0,-65.84,-61.14
A70,2022-04-15 00:00:00+00:00,-65.84,-61.14,-65.84,-61.14,168.0,0.0,0.0,11.797279052597906,0.07022189912260658,318.86376561334055,4,autumn,0.0799999999999983,-0.1700000000000017,168.0,-65.76,-61.31
A70,2022-04-22 00:00:00+00:00,-65.76,-61.31,-65.84,-61.14,168.0,0.07022189912260658,318.86376561334055,1.7643315200214318,0.010501973333460904,309.0540262820844,4,autumn,0.010000000000005116,-0.030000000000001137,168.0,-65.75,-61.34
A70,2022-04-29 00:00:00+00:00,-65.75,-61.34,-65.76,-61.31,168.0,0.010501973333460904,309.0540262820844,1.4391138174811386,0.008566153675482968,39.415534331333276,4,autumn,0.010000000000005116,0.020000000000003126,168.0,-65.74,-61.32
A70,2022-05-06 00:00:00+00:00,-65.74,-61.32,-65.75,-61.34,168.0,0.008566153675482968,39.415534331333276,6.708257718684244,0.007986021093671719,131.5817371042873,5,autumn,-0.04000000000000625,0.10999999999999943,840.0,-65.78,-61.21
A70,2022-06-10 00:00:00+00:00,-65.78,-61.21,-65.74,-61.32,840.0,0.007986021093671719,131.5817371042873,10.101003071641733,0.060125018283581744,352.1861619498711,6,winter,0.09000000000000341,-0.030000000000001137,168.0,-65.69,-61.24
A70,2022-06-17 00:00:00+00:00,-65.69,-61.24,-65.78,-61.21,168.0,0.060125018283581744,352.1861619498711,3.335847799336888,0.01985623690081481,0.0,6,winter,0.030000000000001137,0.0,168.0,-65.66,-61.24
A70,2022-06-24 00:00:00+00:00,-65.66,-61.24,-65.69,-61.24,168.0,0.01985623690081481,0.0,1.76804223311051,0.010524060911372082,231.01617465736695,6,winter,-0.010000000000005116,-0.030000000000001137,168.0,-65.67,-61.27
A70,2022-07-01 00:00:00+00:00,-65.67,-61.27,-65.66,-61.24,168.0,0.010524060911372082,231.01617465736695,0.0,0.0,0.0,7,winter,0.0,0.0,168.0,-65.67,-61.27
A70,2022-07-08 00:00:00+00:00,-65.67,-61.27,-65.67,-61.27,168.0,0.0,0.0,0.0,0.0,0.0,7,winter,0.0,0.0,168.0,-65.67,-61.27
A70,2022-07-15 00:00:00+00:00,-65.67,-61.27,-65.67,-61.27,168.0,0.0,0.0,12.408897730963359,0.07386248649382951,26.405891246530302,7,winter,0.10000000000000853,0.12000000000000455,168.0,-65.57,-61.15
A70,2022-07-22 00:00:00+00:00,-65.57,-61.15,-65.67,-61.27,168.0,0.07386248649382951,26.405891246530302,13.613837753140539,0.02025868713264961,109.19672661498112,7,winter,-0.04000000000000625,0.28000000000000114,672.0,-65.61,-60.87
A70,2022-08-19 00:00:00+00:00,-65.61,-60.87,-65.57,-61.15,672.0,0.02025868713264961,109.19672661498112,1.3775232551500731,0.008199543185417102,90.01366133625658,8,winter,0.0,0.02999999999999403,168.0,-65.61,-60.84
A70,2022-08-26 00:00:00+00:00,-65.61,-60.84,-65.61,-60.87,168.0,0.008199543185417102,90.01366133625658,12.77529716054017,0.07604343547940577,134.2228924678442,8,winter,-0.0799999999999983,0.20000000000000284,168.0,-65.69,-60.64
A70,2022-09-02 00:00:00+00:00,-65.69,-60.64,-65.61,-60.84,168.0,0.07604343547940577,134.2228924678442,6.385114990513817,0.038006636848296534,314.1083487002968,9,spring,0.03999999999999204,-0.10000000000000142,168.0,-65.65,-60.74
A70,2022-09-09 00:00:00+00:00,-65.65,-60.74,-65.69,-60.64,168.0,0.038006636848296534,314.1083487002968,7.996194288306076,0.047596394573250454,166.77806940867663,9,spring,-0.06999999999999318,0.03999999999999915,168.0,-65.72,-60.7
A70,2022-09-16 00:00:00+00:00,-65.72,-60.7,-65.65,-60.74,168.0,0.047596394573250454,166.77806940867663,30.016109452223734,0.1786673181679984,109.75802157193459,9,spring,-0.09000000000000341,0.6200000000000045,168.0,-65.81,-60.08
A70,2022-09-23 00:00:00+00:00,-65.81,-60.08,-65.72,-60.7,168.0,0.1786673181679984,109.75802157193459,15.035990278511612,0.01789998842679954,269.8494883083258,9,spring,0.0,-0.3299999999999983,840.0,-65.81,-60.41
A70,2022-10-28 00:00:00+00:00,-65.81,-60.41,-65.81,-60.08,840.0,0.01789998842679954,269.8494883083258,17.35318941416268,0.10329279413192072,273.5005594391241,10,spring,0.010000000000005116,-0.38000000000000256,168.0,-65.8,-60.79
A70,2022-11-04 00:00:00+00:00,-65.8,-60.79,-65.81,-60.41,168.0,0.10329279413192072,273.5005594391241,10.137067513796634,0.06033968758212282,243.88366233731125,11,spring,-0.04000000000000625,-0.20000000000000284,168.0,-65.84,-60.99
A70,2022-11-11 00:00:00+00:00,-65.84,-60.99,-65.8,-60.79,168.0,0.06033968758212282,243.88366233731125,26.278400758367916,0.15641905213314236,338.4815080768034,11,spring,0.21999999999999886,-0.21000000000000085,168.0,-65.62,-61.2
A70,2022-11-18 00:00:00+00:00,-65.62,-61.2,-65.84,-60.99,168.0,0.15641905213314236,338.4815080768034,22.686973209754555,0.13504150720091998,309.4075142726957,11,spring,0.13000000000000966,-0.37999999999999545,168.0,-65.49,-61.58
A70,2022-11-25 00:00:00+00:00,-65.49,-61.58,-65.62,-61.2,168.0,0.13504150720091998,309.4075142726957,20.497522015555212,0.12200905961640007,330.1231340723242,11,spring,0.1599999999999966,-0.21999999999999886,168.0,-65.33,-61.8
A70,2022-12-02 00:00:00+00:00,-65.33,-61.8,-65.49,-61.58,168.0,0.12200905961640007,330.1231340723242,8.194544685233682,0.04877705169781953,105.82409027795575,12,summer,-0.01999999999999602,0.1699999999999946,168.0,-65.35,-61.63
A70,2022-12-09 00:00:00+00:00,-65.35,-61.63,-65.33,-61.8,168.0,0.04877705169781953,105.82409027795575,58.25611881582077,0.06935252239978663,77.31389588731929,12,summer,0.11999999999999034,1.220000000000006,840.0,-65.23,-60.41
A70,2023-01-13 00:00:00+00:00,-65.23,-60.41,-65.35,-61.63,840.0,0.06935252239978663,77.31389588731929,11.668722368843275,0.06945668076692425,61.645086857146794,1,summer,0.04999999999999716,0.21999999999999886,168.0,-65.18,-60.19
A70,2023-01-20 00:00:00+00:00,-65.18,-60.19,-65.23,-60.41,168.0,0.06945668076692425,61.645086857146794,15.573726371351603,0.0927007522104262,253.26032860764548,1,summer,-0.03999999999999204,-0.3200000000000003,168.0,-65.22,-60.51
A70,2023-01-27 00:00:00+00:00,-65.22,-60.51,-65.18,-60.19,168.0,0.0927007522104262,253.26032860764548,6.895715799823822,0.0410459273799037,71.2491164335716,1,summer,0.01999999999999602,0.14000000000000057,168.0,-65.2,-60.37
A70,2023-02-03 00:00:00+00:00,-65.2,-60.37,-65.22,-60.51,168.0,0.0410459273799037,71.2491164335716,14.083703921675308,0.08383157096235302,150.35073533742366,2,summer,-0.10999999999999943,0.14999999999999858,168.0,-65.31,-60.22
A70,2023-02-10 00:00:00+00:00,-65.31,-60.22,-65.2,-60.37,168.0,0.08383157096235302,150.35073533742366,22.396757261514338,0.13331403131853772,95.9166370270948,2,summer,-0.01999999999999602,0.4799999999999969,168.0,-65.33,-59.74
A70,2023-02-17 00:00:00+00:00,-65.33,-59.74,-65.31,-60.22,168.0,0.13331403131853772,95.9166370270948,15.067991597317778,0.08969042617451059,144.35352759574528,2,summer,-0.10999999999999943,0.19000000000000483,168.0,-65.44,-59.55
A70,2023-02-24 00:00:00+00:00,-65.44,-59.55,-65.33,-59.74,168.0,0.08969042617451059,144.35352759574528,158.4523581265871,0.18863375967450843,71.34332346762449,2,summer,0.4899999999999949,3.1899999999999977,840.0,-64.95,-56.36
A70,2023-03-31 00:00:00+00:00,-64.95,-56.36,-65.44,-59.55,840.0,0.18863375967450843,71.34332346762449,17.010729387878293,0.10125434159451364,31.898626268366456,3,autumn,0.13000000000000966,0.18999999999999773,168.0,-64.82,-56.17
A70,2023-04-07 00:00:00+00:00,-64.82,-56.17,-64.95,-56.36,168.0,0.10125434159451364,31.898626268366456,8.34152077057603,0.049651909348666846,105.53930950807342,4,autumn,-0.020000000000010232,0.1700000000000017,168.0,-64.84,-56.0
A70,2023-04-14 00:00:00+00:00,-64.84,-56.0,-64.82,-56.17,168.0,0.049651909348666846,105.53930950807342,20.967048634940017,0.124803860922262,71.63610301301622,4,autumn,0.060000000000002274,0.4200000000000017,168.0,-64.78,-55.58
A70,2023-04-21 00:00:00+00:00,-64.78,-55.58,-64.84,-56.0,168.0,0.124803860922262,71.63610301301622,58.61938720300753,0.34892492382742574,41.00791359223223,4,autumn,0.4000000000000057,0.7999999999999972,168.0,-64.38,-54.78
A70,2023-04-28 00:00:00+00:00,-64.38,-54.78,-64.78,-55.58,168.0,0.34892492382742574,41.00791359223223,72.19272598480336,0.42971860705240095,32.45563235682744,4,autumn,0.5499999999999972,0.7899999999999991,168.0,-63.83,-53.99
A70,2023-05-05 00:00:00+00:00,-63.83,-53.99,-64.38,-54.78,168.0,0.42971860705240095,32.45563235682744,93.62752153266747,0.5573066757896873,4.020820727217142,5,autumn,0.8399999999999963,0.13000000000000256,168.0,-62.99,-53.86
A70,2023-05-12 00:00:00+00:00,-62.99,-53.86,-63.83,-53.99,168.0,0.5573066757896873,4.020820727217142,134.59548584236194,0.2670545354015118,15.153568514092058,5,autumn,1.1700000000000017,0.6700000000000017,504.0,-61.82,-53.19
A70,2023-06-02 00:00:00+00:00,-61.82,-53.19,-62.99,-53.86,504.0,0.2670545354015118,15.153568514092058,47.366890908833604,0.15181695804113335,71.1878252228409,6,winter,0.14000000000000057,0.8499999999999943,312.0,-61.68,-52.34
A70,2023-06-15 00:00:00+00:00,-61.68,-52.34,-61.82,-53.19,312.0,0.15181695804113335,71.1878252228409,0.0,0.0,0.0,6,winter,0.0,0.0,216.0,-61.68,-52.34
A74A,2023-07-21 00:00:00+00:00,-74.8,-54.22,-74.8,-54.22,168.0,0.0,0.0,158.67375648396825,0.23612166143447655,343.03528104139184,7,winter,1.3699999999999903,-1.4600000000000009,672.0,-73.43,-55.68
A74A,2023-08-18 00:00:00+00:00,-73.43,-55.68,-74.8,-54.22,672.0,0.23612166143447655,343.03528104139184,0.0,0.0,0.0,8,winter,0.0,0.0,168.0,-73.43,-55.68
A74A,2023-08-25 00:00:00+00:00,-73.43,-55.68,-73.43,-55.68,168.0,0.0,0.0,28.759904440566114,0.1711899073843221,211.4947397416352,8,winter,-0.21999999999999886,-0.4799999999999969,168.0,-73.65,-56.16
A74A,2023-09-01 00:00:00+00:00,-73.65,-56.16,-73.43,-55.68,168.0,0.1711899073843221,211.4947397416352,41.263638513037826,0.24561689591093944,4.446425213666998,9,spring,0.37000000000000455,0.09999999999999432,168.0,-73.28,-56.06
A74A,2023-09-08 00:00:00+00:00,-73.28,-56.06,-73.65,-56.16,168.0,0.24561689591093944,4.446425213666998,50.742096674985326,0.30203628973205554,9.683064678385449,9,spring,0.45000000000000284,0.2600000000000051,168.0,-72.83,-55.8
A74A,2023-09-15 00:00:00+00:00,-72.83,-55.8,-73.28,-56.06,168.0,0.30203628973205554,9.683064678385449,44.68681156485429,0.26599292598127555,5.6038752447868205,9,spring,0.3999999999999915,0.12999999999999545,168.0,-72.43,-55.67
A74A,2023-09-22 00:00:00+00:00,-72.43,-55.67,-72.83,-55.8,168.0,0.26599292598127555,5.6038752447868205,2.685319561633376,0.013986039383507167,269.9618660451294,9,spring,0.0,-0.0799999999999983,192.0,-72.43,-55.75
A74A,2023-09-30 00:00:00+00:00,-72.43,-55.75,-72.43,-55.67,192.0,0.013986039383507167,269.9618660451294,114.53285343925566,0.14035888901869567,0.35486973556055545,9,spring,1.0300000000000011,0.020000000000003126,816.0,-71.4,-55.73
A74A,2023-11-03 00:00:00+00:00,-71.4,-55.73,-72.43,-55.75,816.0,0.14035888901869567,0.35486973556055545,28.24830341384038,0.19616877370722485,115.99871597324358,11,spring,-0.10999999999999943,0.7199999999999989,144.0,-71.51,-55.01
A74A,2023-11-09 00:00:00+00:00,-71.51,-55.01,-71.4,-55.73,144.0,0.19616877370722485,115.99871597324358,8.73196112299725,0.04547896418227734,139.89878334823936,11,spring,-0.05999999999998806,0.1599999999999966,192.0,-71.57,-54.85
A74A,2023-11-17 00:00:00+00:00,-71.57,-54.85,-71.51,-55.01,192.0,0.04547896418227734,139.89878334823936,8.914582184944098,0.053062989196095825,120.03387671874134,11,spring,-0.04000000000000625,0.21999999999999886,168.0,-71.61,-54.63
A74A,2023-11-24 00:00:00+00:00,-71.61,-54.63,-71.57,-54.85,168.0,0.053062989196095825,120.03387671874134,56.62360623298796,0.16852263759817845,169.2217648228601,11,spring,-0.5,0.3100000000000023,336.0,-72.11,-54.32
A74A,2023-12-08 00:00:00+00:00,-72.11,-54.32,-71.61,-54.63,336.0,0.16852263759817845,169.2217648228601,10.0581484880709,0.0598699314766125,48.55175952963771,12,summer,0.060000000000002274,0.21999999999999886,168.0,-72.05,-54.1
A74A,2023-12-15 00:00:00+00:00,-72.05,-54.1,-72.11,-54.32,168.0,0.0598699314766125,48.55175952963771,5.601718901336944,0.03890082570372878,187.00878206832647,12,summer,-0.04999999999999716,-0.01999999999999602,144.0,-72.1,-54.12
A74B,2023-06-24 00:00:00+00:00,-74.04,-54.49,-74.57,-53.7,216.0,0.2941786883430198,337.65893077849046,115.79777519422156,0.8041512166265385,3.0579166459492058,6,winter,1.0400000000000063,0.19000000000000483,144.0,-73.0,-54.3
A74B,2023-06-30 00:00:00+00:00,-73.0,-54.3,-74.04,-54.49,144.0,0.8041512166265385,3.0579166459492058,23.216087543648634,0.13819099728362283,30.616900536607602,6,winter,0.18000000000000682,0.35999999999999943,168.0,-72.82,-53.94
A74B,2023-07-07 00:00:00+00:00,-72.82,-53.94,-73.0,-54.3,168.0,0.13819099728362283,30.616900536607602,36.25654042144171,0.21581274060381972,11.16700606608515,7,winter,0.3199999999999932,0.21000000000000085,168.0,-72.5,-53.73
A74B,2023-07-14 00:00:00+00:00,-72.5,-53.73,-72.82,-53.94,168.0,0.21581274060381972,11.16700606608515,0.0,0.0,0.0,7,winter,0.0,0.0,168.0,-72.5,-53.73
A74B,2023-07-21 00:00:00+00:00,-72.5,-53.73,-72.5,-53.73,168.0,0.0,0.0,218.08959890064253,0.32453809360214664,346.17649203622426,7,winter,1.9099999999999966,-1.4100000000000037,672.0,-70.59,-55.14
A74B,2023-08-18 00:00:00+00:00,-70.59,-55.14,-72.5,-53.73,672.0,0.32453809360214664,346.17649203622426,0.0,0.0,0.0,8,winter,0.0,0.0,168.0,-70.59,-55.14
A74B,2023-08-25 00:00:00+00:00,-70.59,-55.14,-70.59,-55.14,168.0,0.0,0.0,28.78642359885691,0.17134775951700543,228.67597215120364,8,winter,-0.1700000000000017,-0.5899999999999963,168.0,-70.76,-55.73
A74B,2023-09-01 00:00:00+00:00,-70.76,-55.73,-70.59,-55.14,168.0,0.17134775951700543,228.67597215120364,50.280059419730875,0.29928606797458857,341.7810955756508,9,spring,0.4300000000000068,-0.4200000000000017,168.0,-70.33,-56.15
A74B,2023-09-08 00:00:00+00:00,-70.33,-56.15,-70.76,-55.73,168.0,0.29928606797458857,341.7810955756508,43.40715000057491,0.25837589286056495,357.48198313577853,9,spring,0.39000000000000057,-0.05000000000000426,168.0,-69.94,-56.2
A74B,2023-09-15 00:00:00+00:00,-69.94,-56.2,-70.33,-56.15,168.0,0.25837589286056495,357.48198313577853,40.05973425247496,0.23845079912187478,357.77990779435277,9,spring,0.35999999999999943,-0.03999999999999915,168.0,-69.58,-56.24
A74B,2023-09-22 00:00:00+00:00,-69.58,-56.24,-69.94,-56.2,168.0,0.23845079912187478,357.77990779435277,6.948733260784853,0.03619131906658778,343.74322148638345,9,spring,0.060000000000002274,-0.04999999999999716,192.0,-69.52,-56.29
A74B,2023-09-30 00:00:00+00:00,-69.52,-56.29,-69.58,-56.24,192.0,0.03619131906658778,343.74322148638345,98.52634469774124,0.12074306948252603,6.846593101499138,9,spring,0.8799999999999955,0.28999999999999915,816.0,-68.64,-56.0
A74B,2023-11-03 00:00:00+00:00,-68.64,-56.0,-69.52,-56.29,816.0,0.12074306948252603,6.846593101499138,51.703627764284256,0.35905297058530733,79.4221589183752,11,spring,0.09000000000000341,1.25,144.0,-68.55,-54.75
A74B,2023-11-09 00:00:00+00:00,-68.55,-54.75,-68.64,-56.0,144.0,0.35905297058530733,79.4221589183752,29.098021629158367,0.15155219598519984,43.67094936182343,11,spring,0.18999999999999773,0.490000000000002,192.0,-68.36,-54.26
A74B,2023-11-17 00:00:00+00:00,-68.36,-54.26,-68.55,-54.75,192.0,0.15155219598519984,43.67094936182343,19.864651751770104,0.11824197471291728,321.45804495206085,11,spring,0.14000000000000057,-0.30000000000000426,168.0,-68.22,-54.56
A74B,2023-11-24 00:00:00+00:00,-68.22,-54.56,-68.36,-54.26,168.0,0.11824197471291728,321.45804495206085,45.520260905025495,0.13547696697924255,312.78247403740113,11,spring,0.28000000000000114,-0.7999999999999972,336.0,-67.94,-55.36
A74B,2023-12-08 00:00:00+00:00,-67.94,-55.36,-68.22,-54.56,336.0,0.13547696697924255,312.78247403740113,36.71601173219099,0.21854768888208925,1.983278557880908,12,summer,0.3299999999999983,0.030000000000001137,168.0,-67.61,-55.33
A74B,2023-12-15 00:00:00+00:00,-67.61,-55.33,-67.94,-55.36,168.0,0.21854768888208925,1.983278557880908,14.137301957131466,0.09817570803563519,19.343641076534027,12,summer,0.12000000000000455,0.10999999999999943,144.0,-67.49,-55.22
A76A,2022-01-14 00:00:00+00:00,-72.02,-58.08,-72.1,-58.26,168.0,0.06442319023237969,34.80942620217206,11.854442107237249,0.07056215540022172,49.08255262486938,1,summer,0.06999999999999318,0.259999999999998,168.0,-71.95,-57.82
A76A,2022-01-21 00:00:00+00:00,-71.95,-57.82,-72.02,-58.08,168.0,0.07056215540022172,49.08255262486938,35.477310558623095,0.21117446761085176,28.880529277878054,1,summer,0.28000000000000114,0.490000000000002,168.0,-71.67,-57.33
A76A,2022-01-28 00:00:00+00:00,-71.67,-57.33,-71.95,-57.82,168.0,0.21117446761085176,28.880529277878054,34.45450500489374,0.20508633931484369,29.61024538796096,1,summer,0.269999999999996,0.4799999999999969,168.0,-71.4,-56.85
A76A,2022-02-04 00:00:00+00:00,-71.4,-56.85,-71.67,-57.33,168.0,0.20508633931484369,29.61024538796096,23.378386708952878,0.13915706374376713,48.482393135612654,2,summer,0.14000000000000057,0.490000000000002,168.0,-71.26,-56.36
A76A,2022-02-11 00:00:00+00:00,-71.26,-56.36,-71.4,-56.85,168.0,0.13915706374376713,48.482393135612654,37.86804842521614,0.22540505015009607,3.301625446291439,2,summer,0.3400000000000034,0.060000000000002274,168.0,-70.92,-56.3
A76A,2022-02-18 00:00:00+00:00,-70.92,-56.3,-71.26,-56.36,168.0,0.22540505015009607,3.301625446291439,167.94019558275795,0.19992880426518803,6.952011827309775,2,summer,1.5,0.519999999999996,840.0,-69.42,-55.78
A76A,2022-03-25 00:00:00+00:00,-69.42,-55.78,-70.92,-56.3,840.0,0.19992880426518803,6.952011827309775,28.022992824068503,0.16680352871469348,352.70427580131013,3,autumn,0.25,-0.0899999999999963,168.0,-69.17,-55.87
A76A,2022-04-01 00:00:00+00:00,-69.17,-55.87,-69.42,-55.78,168.0,0.16680352871469348,352.70427580131013,70.16752134842511,0.4176638175501495,356.67624826259964,4,autumn,0.6299999999999955,-0.10000000000000142,168.0,-68.54,-55.97
A76A,2022-04-08 00:00:00+00:00,-68.54,-55.97,-69.17,-55.87,168.0,0.4176638175501495,356.67624826259964,58.969226932024,0.3510073031668095,2.0231884599339764,4,autumn,0.5300000000000011,0.04999999999999716,168.0,-68.01,-55.92
A76A,2022-04-15 00:00:00+00:00,-68.01,-55.92,-68.54,-55.97,168.0,0.3510073031668095,2.0231884599339764,39.423640280178624,0.23466452547725372,9.254105290519647,4,autumn,0.3500000000000085,0.14999999999999858,168.0,-67.66,-55.77
A76A,2022-04-22 00:00:00+00:00,-67.66,-55.77,-68.01,-55.92,168.0,0.23466452547725372,9.254105290519647,39.5099774812837,0.23517843738859345,10.00303609282355,4,autumn,0.3499999999999943,0.1600000000000037,168.0,-67.31,-55.61
A76A,2022-04-29 00:00:00+00:00,-67.31,-55.61,-67.66,-55.77,168.0,0.23517843738859345,10.00303609282355,48.669817948478816,0.28970129731237393,10.858957505925389,4,autumn,0.4300000000000068,0.21000000000000085,168.0,-66.88,-55.4
A76A,2022-05-06 00:00:00+00:00,-66.88,-55.4,-67.31,-55.61,168.0,0.28970129731237393,10.858957505925389,275.9519448828725,0.32851422009865777,17.25892102533794,5,autumn,2.3799999999999955,1.7100000000000009,840.0,-64.5,-53.69
A76A,2022-06-10 00:00:00+00:00,-64.5,-53.69,-66.88,-55.4,840.0,0.32851422009865777,17.25892102533794,28.49927722701043,0.16963855492268115,35.13368271842842,6,winter,0.20999999999999375,0.3399999999999963,168.0,-64.29,-53.35
A76A,2022-06-17 00:00:00+00:00,-64.29,-53.35,-64.5,-53.69,168.0,0.16963855492268115,35.13368271842842,37.6305122367363,0.2239911442662875,31.207462741303402,6,winter,0.29000000000000625,0.3999999999999986,168.0,-64.0,-52.95
A76A,2022-06-24 00:00:00+00:00,-64.0,-52.95,-64.29,-53.35,168.0,0.2239911442662875,31.207462741303402,32.33632362566532,0.19247811681943644,61.482814696585706,6,winter,0.14000000000000057,0.5800000000000054,168.0,-63.86,-52.37
A76A,2022-07-01 00:00:00+00:00,-63.86,-52.37,-64.0,-52.95,168.0,0.19247811681943644,61.482814696585706,21.88281716112375,0.13025486405430803,23.92501759962454,7,winter,0.17999999999999972,0.17999999999999972,168.0,-63.68,-52.19
A76A,2022-07-08 00:00:00+00:00,-63.68,-52.19,-63.86,-52.37,168.0,0.13025486405430803,23.92501759962454,24.34103171495955,0.14488709354142587,24.076156394781606,7,winter,0.20000000000000284,0.19999999999999574,168.0,-63.48,-51.99
A76A,2022-07-15 00:00:00+00:00,-63.48,-51.99,-63.68,-52.19,168.0,0.14488709354142587,24.076156394781606,26.70540509732838,0.15896074462695464,2.1488166738669747,7,winter,0.23999999999999488,0.020000000000003126,168.0,-63.24,-51.97
A76A,2022-07-22 00:00:00+00:00,-63.24,-51.97,-63.48,-51.99,168.0,0.15896074462695464,2.1488166738669747,172.85445657519065,0.25722389371308135,343.00291198254877,7,winter,1.490000000000002,-0.9600000000000009,672.0,-61.75,-52.93
A76A,2022-08-19 00:00:00+00:00,-61.75,-52.93,-63.24,-51.97,672.0,0.25722389371308135,343.00291198254877,33.12319034355417,0.19716184728306055,53.04466167913972,8,winter,0.17999999999999972,0.5,168.0,-61.57,-52.43
A76A,2022-08-26 00:00:00+00:00,-61.57,-52.43,-61.75,-52.93,168.0,0.19716184728306055,53.04466167913972,17.503056948446453,0.10418486278837175,17.692778957875817,8,winter,0.14999999999999858,0.10000000000000142,168.0,-61.42,-52.33
A76A,2022-09-02 00:00:00+00:00,-61.42,-52.33,-61.57,-52.43,168.0,0.10418486278837175,17.692778957875817,15.892537687543262,0.09459843861632894,348.3620459864165,9,spring,0.14000000000000057,-0.060000000000002274,168.0,-61.28,-52.39
A76A,2022-09-09 00:00:00+00:00,-61.28,-52.39,-61.42,-52.33,168.0,0.09459843861632894,348.3620459864165,36.536159205564765,0.2174771381283617,28.18385266212931,9,spring,0.28999999999999915,0.3200000000000003,168.0,-60.99,-52.07
A76A,2022-09-16 00:00:00+00:00,-60.99,-52.07,-61.28,-52.39,168.0,0.2174771381283617,28.18385266212931,21.133958098959845,0.12579736963666574,358.52914396266425,9,spring,0.19000000000000483,-0.00999999999999801,168.0,-60.8,-52.08
A76A,2022-09-23 00:00:00+00:00,-60.8,-52.08,-60.99,-52.07,168.0,0.12579736963666574,358.52914396266425,253.310075912135,0.3015596141811131,25.510884969781955,9,spring,2.0700000000000003,1.8900000000000006,840.0,-58.73,-50.19
A76A,2022-10-28 00:00:00+00:00,-58.73,-50.19,-60.8,-52.08,840.0,0.3015596141811131,25.510884969781955,12.448101396846763,0.0740958416478974,10.722598451439808,10,spring,0.10999999999999943,0.03999999999999915,168.0,-58.62,-50.15
A76A,2022-11-04 00:00:00+00:00,-58.62,-50.15,-58.73,-50.19,168.0,0.0740958416478974,10.722598451439808,90.02121753999485,0.5358405805952074,133.2838984781696,11,spring,-0.5500000000000043,1.1499999999999986,168.0,-59.17,-49.0
A76A,2022-11-11 00:00:00+00:00,-59.17,-49.0,-58.62,-50.15,168.0,0.5358405805952074,133.2838984781696,13.048749450663392,0.07767112768252019,211.5022004981111,11,spring,-0.10000000000000142,-0.11999999999999744,168.0,-59.27,-49.12
A76A,2022-11-18 00:00:00+00:00,-59.27,-49.12,-59.17,-49.0,168.0,0.07767112768252019,211.5022004981111,33.51732247949475,0.19950787190175448,40.431124241812086,11,spring,0.23000000000000398,0.37999999999999545,168.0,-59.04,-48.74
A76A,2022-11-25 00:00:00+00:00,-59.04,-48.74,-59.27,-49.12,168.0,0.19950787190175448,40.431124241812086,39.07002854852963,0.2325596937412478,258.2212832645399,11,spring,-0.07000000000000028,-0.6699999999999946,168.0,-59.11,-49.41
A76A,2022-12-02 00:00:00+00:00,-59.11,-49.41,-59.04,-48.74,168.0,0.2325596937412478,258.2212832645399,8.423453886716473,0.05013960646855044,37.662249729766586,12,summer,0.060000000000002274,0.0899999999999963,168.0,-59.05,-49.32
A76A,2022-12-09 00:00:00+00:00,-59.05,-49.32,-59.11,-49.41,168.0,0.05013960646855044,37.662249729766586,52.241658113582595,0.062192450135217375,50.61733894492966,12,summer,0.29999999999999716,0.7000000000000028,840.0,-58.75,-48.62
A76A,2023-01-13 00:00:00+00:00,-58.75,-48.62,-59.05,-49.32,840.0,0.062192450135217375,50.61733894492966,32.81143280747903,0.19530614766356566,208.1074084248726,1,summer,-0.259999999999998,-0.2700000000000031,168.0,-59.01,-48.89
A76A,2023-01-20 00:00:00+00:00,-59.01,-48.89,-58.75,-48.62,168.0,0.19530614766356566,208.1074084248726,37.70614788501115,0.2244413564583997,325.5024183325477,1,summer,0.28000000000000114,-0.36999999999999744,168.0,-58.73,-49.26
A76A,2023-01-27 00:00:00+00:00,-58.73,-49.26,-59.01,-48.89,168.0,0.2244413564583997,325.5024183325477,77.99320211834042,0.46424525070440725,54.69622283358939,1,summer,0.4099999999999966,1.0899999999999963,168.0,-58.32,-48.17
A76A,2023-02-03 00:00:00+00:00,-58.32,-48.17,-58.73,-49.26,168.0,0.46424525070440725,54.69622283358939,24.13227093946413,0.1436444698777627,22.915049148542437,2,summer,0.20000000000000284,0.1600000000000037,168.0,-58.12,-48.01
A76A,2023-02-10 00:00:00+00:00,-58.12,-48.01,-58.32,-48.17,168.0,0.1436444698777627,22.915049148542437,82.31106795397645,0.48994683305938364,9.639654036543561,2,summer,0.7299999999999969,0.22999999999999687,168.0,-57.39,-47.78
A76A,2023-02-17 00:00:00+00:00,-57.39,-47.78,-58.12,-48.01,168.0,0.48994683305938364,9.639654036543561,105.29883733950645,0.6267787936875384,18.350393176415878,2,summer,0.8999999999999986,0.5399999999999991,168.0,-56.49,-47.24
A76A,2023-02-24 00:00:00+00:00,-56.49,-47.24,-57.39,-47.78,168.0,0.6267787936875384,18.350393176415878,191.31084920928188,0.2277510109634308,88.63181593018987,2,summer,0.0800000000000054,3.1099999999999994,840.0,-56.41,-44.13
A76A,2023-03-31 00:00:00+00:00,-56.41,-44.13,-56.49,-47.24,840.0,0.2277510109634308,88.63181593018987,47.96356292680541,0.2854973983738417,53.190345587176694,3,autumn,0.259999999999998,0.6200000000000045,168.0,-56.15,-43.51
A76A,2023-04-07 00:00:00+00:00,-56.15,-43.51,-56.41,-44.13,168.0,0.2854973983738417,53.190345587176694,82.96176462442875,0.4938200275263616,323.2034801445562,4,autumn,0.6000000000000014,-0.7899999999999991,168.0,-55.55,-44.3
A76A,2023-04-14 00:00:00+00:00,-55.55,-44.3,-56.15,-43.51,168.0,0.4938200275263616,323.2034801445562,425.1140611880637,0.3614915486293059,86.7563074772516,4,autumn,0.3999999999999986,6.689999999999998,1176.0,-55.15,-37.61
A76A,2023-06-02 00:00:00+00:00,-55.15,-37.61,-55.55,-44.3,1176.0,0.3614915486293059,86.7563074772516,159.14569050175098,0.510082341351766,117.93242451054493,6,winter,-0.6499999999999986,2.25,312.0,-55.8,-35.36
A76A,2023-06-15 00:00:00+00:00,-55.8,-35.36,-55.15,-37.61,312.0,0.510082341351766,117.93242451054493,71.21587698791951,0.3297031342033311,57.26717405113209,6,winter,0.3499999999999943,0.9500000000000028,216.0,-55.45,-34.41
A76B,2022-01-14 00:00:00+00:00,-73.05,-58.67,-73.06,-58.88,168.0,0.041047317347190505,80.82118850765426,13.399947442509177,0.07976159191969748,284.2236982811963,1,summer,0.030000000000001137,-0.3999999999999986,168.0,-73.02,-59.07
A76B,2022-01-21 00:00:00+00:00,-73.02,-59.07,-73.05,-58.67,168.0,0.07976159191969748,284.2236982811963,6.007712950711752,0.035760196135189,22.299492019938953,1,summer,0.04999999999999716,0.07000000000000028,168.0,-72.97,-59.0
A76B,2022-01-28 00:00:00+00:00,-72.97,-59.0,-73.02,-59.07,168.0,0.035760196135189,22.299492019938953,9.108618868412693,0.05421796945483746,12.444562748631085,1,summer,0.0799999999999983,0.060000000000002274,168.0,-72.89,-58.94
A76B,2022-02-04 00:00:00+00:00,-72.89,-58.94,-72.97,-59.0,168.0,0.05421796945483746,12.444562748631085,5.723811842970166,0.03407030858910813,320.9404069659915,2,summer,0.04000000000000625,-0.10999999999999943,168.0,-72.85,-59.05
A76B,2022-02-11 00:00:00+00:00,-72.85,-59.05,-72.89,-58.94,168.0,0.03407030858910813,320.9404069659915,0.0,0.0,0.0,2,summer,0.0,0.0,168.0,-72.85,-59.05
A76B,2022-02-18 00:00:00+00:00,-72.85,-59.05,-72.85,-59.05,168.0,0.0,0.0,81.56849877930374,0.0971053556896473,5.765181724799675,2,summer,0.7299999999999898,0.23999999999999488,840.0,-72.12,-58.81
A76B,2022-03-25 00:00:00+00:00,-72.12,-58.81,-72.85,-59.05,840.0,0.0971053556896473,5.765181724799675,46.275941118470385,0.2754520304670856,350.01209082391915,3,autumn,0.4100000000000108,-0.22999999999999687,168.0,-71.71,-59.04
A76B,2022-04-01 00:00:00+00:00,-71.71,-59.04,-72.12,-58.81,168.0,0.2754520304670856,350.01209082391915,53.74255230961875,0.31989614470011163,335.25639815677727,4,autumn,0.4399999999999977,-0.6300000000000026,168.0,-71.27,-59.67
A76B,2022-04-08 00:00:00+00:00,-71.27,-59.67,-71.71,-59.04,168.0,0.31989614470011163,335.25639815677727,22.28527076674829,0.13265042123064458,3.7123793850341826,4,autumn,0.20000000000000284,0.03999999999999915,168.0,-71.07,-59.63
A76B,2022-04-15 00:00:00+00:00,-71.07,-59.63,-71.27,-59.67,168.0,0.13265042123064458,3.7123793850341826,23.353750513409913,0.13901041972267805,359.1054981972161,4,autumn,0.20999999999999375,-0.00999999999999801,168.0,-70.86,-59.64
A76B,2022-04-22 00:00:00+00:00,-70.86,-59.64,-71.07,-59.63,168.0,0.13901041972267805,359.1054981972161,22.908084347532025,0.13635764492578586,346.0470237230935,4,autumn,0.20000000000000284,-0.14999999999999858,168.0,-70.66,-59.79
A76B,2022-04-29 00:00:00+00:00,-70.66,-59.79,-70.86,-59.64,168.0,0.13635764492578586,346.0470237230935,16.679238996682862,0.09928118450406466,0.0,4,autumn,0.14999999999999147,0.0,168.0,-70.51,-59.79
A76B,2022-05-06 00:00:00+00:00,-70.51,-59.79,-70.66,-59.79,168.0,0.09928118450406466,0.0,102.36962582374987,0.1218686021711308,357.8290231078775,5,autumn,0.9200000000000017,-0.10000000000000142,840.0,-69.59,-59.89
A76B,2022-06-10 00:00:00+00:00,-69.59,-59.89,-70.51,-59.79,840.0,0.1218686021711308,357.8290231078775,22.26967653547939,0.13255759842547257,356.97750135687494,6,winter,0.20000000000000284,-0.030000000000001137,168.0,-69.39,-59.92
A76B,2022-06-17 00:00:00+00:00,-69.39,-59.92,-69.59,-59.89,168.0,0.13255759842547257,356.97750135687494,35.66094056227524,0.21226750334687644,356.1679030936288,6,winter,0.3200000000000074,-0.05999999999999517,168.0,-69.07,-59.98
A76B,2022-06-24 00:00:00+00:00,-69.07,-59.98,-69.39,-59.92,168.0,0.21226750334687644,356.1679030936288,2.361658428820684,0.014057490647742168,19.67572690206623,6,winter,0.01999999999999602,0.01999999999999602,168.0,-69.05,-59.96
A76B,2022-07-01 00:00:00+00:00,-69.05,-59.96,-69.07,-59.98,168.0,0.014057490647742168,19.67572690206623,14.965904278552772,0.08908276356281412,27.00623947181765,7,winter,0.11999999999999034,0.1700000000000017,168.0,-68.93,-59.79
A76B,2022-07-08 00:00:00+00:00,-68.93,-59.79,-69.05,-59.96,168.0,0.08908276356281412,27.00623947181765,13.73774840071387,0.08177231190901113,61.0851800108054,7,winter,0.060000000000002274,0.29999999999999716,168.0,-68.87,-59.49
A76B,2022-07-15 00:00:00+00:00,-68.87,-59.49,-68.93,-59.79,168.0,0.08177231190901113,61.0851800108054,34.508217876000685,0.20540605878571835,2.700393465875891,7,winter,0.3100000000000023,0.03999999999999915,168.0,-68.56,-59.45
A76B,2022-07-22 00:00:00+00:00,-68.56,-59.45,-68.87,-59.49,168.0,0.20540605878571835,2.700393465875891,39.674524357172736,0.05903947076960229,330.09899395523865,7,winter,0.3100000000000023,-0.4799999999999969,672.0,-68.25,-59.93
A76B,2022-08-19 00:00:00+00:00,-68.25,-59.93,-68.56,-59.45,672.0,0.05903947076960229,330.09899395523865,20.4268709832403,0.12158851775738273,40.49923144940402,8,winter,0.14000000000000057,0.3200000000000003,168.0,-68.11,-59.61
A76B,2022-08-26 00:00:00+00:00,-68.11,-59.61,-68.25,-59.93,168.0,0.12158851775738273,40.49923144940402,16.904114238117792,0.100619727607844,258.4330496503637,8,winter,-0.030000000000001137,-0.3999999999999986,168.0,-68.14,-60.01
A76B,2022-09-02 00:00:00+00:00,-68.14,-60.01,-68.11,-59.61,168.0,0.100619727607844,258.4330496503637,27.876539260640758,0.16593178131333786,355.6949100125915,9,spring,0.25,-0.05000000000000426,168.0,-67.89,-60.06
A76B,2022-09-09 00:00:00+00:00,-67.89,-60.06,-68.14,-60.01,168.0,0.16593178131333786,355.6949100125915,3.5645979942167845,0.021217845203671336,20.65170026515193,9,spring,0.030000000000001137,0.030000000000001137,168.0,-67.86,-60.03
A76B,2022-09-16 00:00:00+00:00,-67.86,-60.03,-67.89,-60.06,168.0,0.021217845203671336,20.65170026515193,30.61643477186173,0.18224068316584363,43.64867379728611,9,spring,0.20000000000000284,0.5,168.0,-67.66,-59.53
A76B,2022-09-23 00:00:00+00:00,-67.66,-59.53,-67.86,-60.03,168.0,0.18224068316584363,43.64867379728611,29.328261522970074,0.03491459705115485,341.31233638687564,9,spring,0.25,-0.21999999999999886,840.0,-67.41,-59.75
A76B,2022-10-28 00:00:00+00:00,-67.41,-59.75,-67.66,-59.53,840.0,0.03491459705115485,341.31233638687564,15.490591780777832,0.09220590345701091,338.87424794821413,10,spring,0.12999999999999545,-0.13000000000000256,168.0,-67.28,-59.88
A76B,2022-11-04 00:00:00+00:00,-67.28,-59.88,-67.41,-59.75,168.0,0.09220590345701091,338.87424794821413,9.53809071638982,0.05677434950232036,21.186944226174717,11,spring,0.0799999999999983,0.0800000000000054,168.0,-67.2,-59.8
A76B,2022-11-11 00:00:00+00:00,-67.2,-59.8,-67.28,-59.88,168.0,0.05677434950232036,21.186944226174717,6.82379470438276,0.04061782562132595,49.37734942966836,11,spring,0.04000000000000625,0.11999999999999744,168.0,-67.16,-59.68
A76B,2022-11-18 00:00:00+00:00,-67.16,-59.68,-67.2,-59.8,168.0,0.04061782562132595,49.37734942966836,6.905511114812241,0.04110423282626334,298.82159861852875,11,spring,0.030000000000001137,-0.14000000000000057,168.0,-67.13,-59.82
A76B,2022-11-25 00:00:00+00:00,-67.13,-59.82,-67.16,-59.68,168.0,0.04110423282626334,298.82159861852875,16.773554679154614,0.09984258737592032,48.61090279826908,11,spring,0.09999999999999432,0.28999999999999915,168.0,-67.03,-59.53
A76B,2022-12-02 00:00:00+00:00,-67.03,-59.53,-67.13,-59.82,168.0,0.09984258737592032,48.61090279826908,11.034971381471296,0.06568435346113867,45.22414607596386,12,summer,0.07000000000000739,0.17999999999999972,168.0,-66.96,-59.35
A76B,2022-12-09 00:00:00+00:00,-66.96,-59.35,-67.03,-59.53,168.0,0.06568435346113867,45.22414607596386,18.558463568431392,0.02209340901003737,48.91790505620571,12,summer,0.10999999999999943,0.3200000000000003,840.0,-66.85,-59.03
A76B,2023-01-13 00:00:00+00:00,-66.85,-59.03,-66.96,-59.35,840.0,0.02209340901003737,48.91790505620571,3.1188391086943024,0.01856451850413275,44.539103779745915,1,summer,0.01999999999999602,0.05000000000000426,168.0,-66.83,-58.98
A76B,2023-01-20 00:00:00+00:00,-66.83,-58.98,-66.85,-59.03,168.0,0.01856451850413275,44.539103779745915,3.7675246684800423,0.022425742074285965,332.28505978400347,1,summer,0.030000000000001137,-0.04000000000000625,168.0,-66.8,-59.02
A76B,2023-01-27 00:00:00+00:00,-66.8,-59.02,-66.83,-58.98,168.0,0.022425742074285965,332.28505978400347,7.938932706464572,0.04725555182419388,304.0042196232914,1,summer,0.03999999999999204,-0.14999999999999858,168.0,-66.76,-59.17
A76B,2023-02-03 00:00:00+00:00,-66.76,-59.17,-66.8,-59.02,168.0,0.04725555182419388,304.0042196232914,2.0773300114501567,0.01236505959196522,122.38114938607418,2,summer,-0.009999999999990905,0.03999999999999915,168.0,-66.77,-59.13
A76B,2023-02-10 00:00:00+00:00,-66.77,-59.13,-66.76,-59.17,168.0,0.01236505959196522,122.38114938607418,11.197379806953602,0.06665107027948573,6.77562641241434,2,summer,0.09999999999999432,0.030000000000001137,168.0,-66.67,-59.1
A76B,2023-02-17 00:00:00+00:00,-66.67,-59.1,-66.77,-59.13,168.0,0.06665107027948573,6.77562641241434,3.452697695480983,0.020551771996910613,130.12611899383455,2,summer,-0.01999999999999602,0.060000000000002274,168.0,-66.69,-59.04
A76B,2023-02-24 00:00:00+00:00,-66.69,-59.04,-66.67,-59.1,168.0,0.020551771996910613,130.12611899383455,49.590660698720356,0.059036500831809946,315.49121481178923,2,summer,0.3199999999999932,-0.7800000000000011,840.0,-66.37,-59.82
A76B,2023-03-31 00:00:00+00:00,-66.37,-59.82,-66.69,-59.04,840.0,0.059036500831809946,315.49121481178923,1.1119492664461563,0.006618745633608074,0.0,3,autumn,0.010000000000005116,0.0,168.0,-66.36,-59.82
A76B,2023-04-07 00:00:00+00:00,-66.36,-59.82,-66.37,-59.82,168.0,0.006618745633608074,0.0,7.470353322387647,0.04446638882373599,243.40908886139908,4,autumn,-0.030000000000001137,-0.14999999999999858,168.0,-66.39,-59.97
A76B,2023-04-14 00:00:00+00:00,-66.39,-59.97,-66.36,-59.82,168.0,0.04446638882373599,243.40908886139908,5.7894923607908595,0.034461264052326544,269.94044096120155,4,autumn,0.0,-0.13000000000000256,168.0,-66.39,-60.1
A76B,2023-04-21 00:00:00+00:00,-66.39,-60.1,-66.39,-59.97,168.0,0.034461264052326544,269.94044096120155,4.585139371787734,0.027292496260641272,61.02725314334407,4,autumn,0.01999999999999602,0.09000000000000341,168.0,-66.37,-60.01
A76B,2023-04-28 00:00:00+00:00,-66.37,-60.01,-66.39,-60.1,168.0,0.027292496260641272,61.02725314334407,6.688783842957349,0.03981418954141279,60.144038095630265,4,autumn,0.030000000000001137,0.12999999999999545,168.0,-66.34,-59.88
A76B,2023-05-05 00:00:00+00:00,-66.34,-59.88,-66.37,-60.01,168.0,0.03981418954141279,60.144038095630265,21.112489538071877,0.12566958058376118,333.4575538300921,5,autumn,0.1700000000000017,-0.21000000000000085,168.0,-66.17,-60.09
A76B,2023-05-12 00:00:00+00:00,-66.17,-60.09,-66.34,-59.88,168.0,0.12566958058376118,333.4575538300921,44.75597021656629,0.05484800271638026,6.439844147583301,5,autumn,0.4000000000000057,0.11000000000000654,816.0,-65.77,-59.98
A76B,2023-06-15 00:00:00+00:00,-65.77,-59.98,-66.17,-60.09,816.0,0.05484800271638026,6.439844147583301,14.711086716637737,0.07662024331582155,169.32813753367236,6,winter,-0.13000000000000966,0.05999999999999517,192.0,-65.9,-59.92
A76B,2023-06-23 00:00:00+00:00,-65.9,-59.92,-65.77,-59.98,192.0,0.07662024331582155,169.32813753367236,17.18732945418679,0.7161387272577829,334.85033272807044,6,winter,0.14000000000000057,-0.1599999999999966,24.0,-65.76,-60.08
A76B,2023-06-24 00:00:00+00:00,-65.76,-60.08,-65.9,-59.92,24.0,0.7161387272577829,334.85033272807044,1.2019826655584782,0.008347101844156098,157.687383028966,6,winter,-0.009999999999990905,0.00999999999999801,144.0,-65.77,-60.07
A76B,2023-06-30 00:00:00+00:00,-65.77,-60.07,-65.76,-60.08,144.0,0.008347101844156098,157.687383028966,2.4040325141415826,0.01430971734608085,22.33019660127212,6,winter,0.01999999999999602,0.020000000000003126,168.0,-65.75,-60.05
A76B,2023-07-07 00:00:00+00:00,-65.75,-60.05,-65.77,-60.07,168.0,0.01430971734608085,22.33019660127212,6.733786197220451,0.04008206069774078,187.77761717929934,7,winter,-0.060000000000002274,-0.020000000000003126,168.0,-65.81,-60.07
A76B,2023-07-14 00:00:00+00:00,-65.81,-60.07,-65.75,-60.05,168.0,0.04008206069774078,187.77761717929934,0.0,0.0,0.0,7,winter,0.0,0.0,168.0,-65.81,-60.07
A76B,2023-07-21 00:00:00+00:00,-65.81,-60.07,-65.81,-60.07,168.0,0.0,0.0,40.31041388972563,0.059985734954948855,48.84650613604259,7,winter,0.2400000000000091,0.6600000000000037,672.0,-65.57,-59.41
A76B,2023-08-18 00:00:00+00:00,-65.57,-59.41,-65.81,-60.07,672.0,0.059985734954948855,48.84650613604259,0.0,0.0,0.0,8,winter,0.0,0.0,168.0,-65.57,-59.41
A76B,2023-08-25 00:00:00+00:00,-65.57,-59.41,-65.57,-59.41,168.0,0.0,0.0,38.217748083214296,0.22748659573341842,56.75473058821245,8,winter,0.18999999999999773,0.6899999999999977,168.0,-65.38,-58.72
A76B,2023-09-01 00:00:00+00:00,-65.38,-58.72,-65.57,-59.41,168.0,0.22748659573341842,56.75473058821245,10.686286116392454,0.06360884593090746,51.449327525092656,9,spring,0.060000000000002274,0.17999999999999972,168.0,-65.32,-58.54
A76B,2023-09-08 00:00:00+00:00,-65.32,-58.54,-65.38,-58.72,168.0,0.06360884593090746,51.449327525092656,3.939116503212492,0.0234471220429315,304.34048015768155,9,spring,0.01999999999999602,-0.07000000000000028,168.0,-65.3,-58.61
A76B,2023-09-15 00:00:00+00:00,-65.3,-58.61,-65.32,-58.54,168.0,0.0234471220429315,304.34048015768155,2.576023969742859,0.015333476010374162,64.4501852312224,9,spring,0.009999999999990905,0.04999999999999716,168.0,-65.29,-58.56
A76B,2023-09-22 00:00:00+00:00,-65.29,-58.56,-65.3,-58.61,168.0,0.015333476010374162,64.4501852312224,4.7363869757964965,0.02466868216560675,241.95502205142455,9,spring,-0.01999999999999602,-0.0899999999999963,192.0,-65.31,-58.65
A76B,2023-09-30 00:00:00+00:00,-65.31,-58.65,-65.29,-58.56,192.0,0.02466868216560675,241.95502205142455,13.304993937017587,0.016305139628698024,65.41802565735219,9,spring,0.04999999999999716,0.259999999999998,816.0,-65.26,-58.39
A76B,2023-11-03 00:00:00+00:00,-65.26,-58.39,-65.31,-58.65,816.0,0.016305139628698024,65.41802565735219,7.247414644138965,0.05032926836207615,140.14271330100974,11,spring,-0.04999999999999716,0.10000000000000142,144.0,-65.31,-58.29
A76B,2023-11-09 00:00:00+00:00,-65.31,-58.29,-65.26,-58.39,144.0,0.05032926836207615,140.14271330100974,14.616680831978691,0.07612854599988901,107.85206278237064,11,spring,-0.03999999999999204,0.29999999999999716,192.0,-65.35,-57.99
A76B,2023-11-17 00:00:00+00:00,-65.35,-57.99,-65.31,-58.29,192.0,0.07612854599988901,107.85206278237064,11.434116433936918,0.06806021686867213,54.39451905429405,11,spring,0.05999999999998806,0.20000000000000284,168.0,-65.29,-57.79
A76B,2023-11-24 00:00:00+00:00,-65.29,-57.79,-65.35,-57.99,168.0,0.06806021686867213,54.39451905429405,42.237654358966054,0.12570730463977992,63.782230228588105,11,spring,0.1700000000000017,0.8100000000000023,336.0,-65.12,-56.98
A76B,2023-12-08 00:00:00+00:00,-65.12,-56.98,-65.29,-57.79,336.0,0.12570730463977992,63.782230228588105,15.008602021223135,0.08933691679299485,94.39393285566894,12,summer,-0.009999999999990905,0.3200000000000003,168.0,-65.13,-56.66
A76B,2023-12-15 00:00:00+00:00,-65.13,-56.66,-65.12,-56.98,168.0,0.08933691679299485,94.39393285566894,10.815105773991744,0.07510490120827601,84.20307959657134,12,summer,0.009999999999990905,0.22999999999999687,144.0,-65.12,-56.43
A76C,2022-01-14 00:00:00+00:00,-70.0,-60.04,-70.09,-60.22,168.0,0.07212221257790896,34.4006596809665,9.425412388543073,0.05610364516989924,145.73691765749368,1,summer,-0.06999999999999318,0.14000000000000057,168.0,-70.07,-59.9
A76C,2022-01-21 00:00:00+00:00,-70.07,-59.9,-70.0,-60.04,168.0,0.05610364516989924,145.73691765749368,5.177735728687385,0.0308198555279011,149.24001706615337,1,summer,-0.04000000000000625,0.07000000000000028,168.0,-70.11,-59.83
A76C,2022-01-28 00:00:00+00:00,-70.11,-59.83,-70.07,-59.9,168.0,0.0308198555279011,149.24001706615337,21.839581592018376,0.12999750947629987,336.3054862291186,1,summer,0.1799999999999926,-0.23000000000000398,168.0,-69.93,-60.06
A76C,2022-02-04 00:00:00+00:00,-69.93,-60.06,-70.11,-59.83,168.0,0.12999750947629987,336.3054862291186,13.006513295420667,0.07741972199655159,70.15358903527118,2,summer,0.04000000000000625,0.3200000000000003,168.0,-69.89,-59.74
A76C,2022-02-11 00:00:00+00:00,-69.89,-59.74,-69.93,-60.06,168.0,0.07741972199655159,70.15358903527118,27.200025203523932,0.1619049119257377,52.44157920779662,2,summer,0.15000000000000568,0.5600000000000023,168.0,-69.74,-59.18
A76C,2022-02-18 00:00:00+00:00,-69.74,-59.18,-69.89,-59.74,168.0,0.1619049119257377,52.44157920779662,44.99756842907053,0.053568533844131586,321.9227413191435,2,summer,0.3199999999999932,-0.7100000000000009,840.0,-69.42,-59.89
A76C,2022-03-25 00:00:00+00:00,-69.42,-59.89,-69.74,-59.18,840.0,0.053568533844131586,321.9227413191435,34.74136640191505,0.20679384763044673,352.78803635723386,3,autumn,0.3100000000000023,-0.10999999999999943,168.0,-69.11,-60.0
A76C,2022-04-01 00:00:00+00:00,-69.11,-60.0,-69.42,-59.89,168.0,0.20679384763044673,352.78803635723386,13.278167724224408,0.0790367126441929,337.0368562593818,4,autumn,0.10999999999999943,-0.13000000000000256,168.0,-69.0,-60.13
A76C,2022-04-08 00:00:00+00:00,-69.0,-60.13,-69.11,-60.0,168.0,0.0790367126441929,337.0368562593818,1.6328526460934922,0.00971936098865174,312.9067105198567,4,autumn,0.010000000000005116,-0.02999999999999403,168.0,-68.99,-60.16
A76C,2022-04-15 00:00:00+00:00,-68.99,-60.16,-69.0,-60.13,168.0,0.00971936098865174,312.9067105198567,3.5880130657904012,0.02135722062970477,90.04200830504726,4,autumn,0.0,0.0899999999999963,168.0,-68.99,-60.07
A76C,2022-04-22 00:00:00+00:00,-68.99,-60.07,-68.99,-60.16,168.0,0.02135722062970477,90.04200830504726,1.111949266444576,0.006618745633598667,0.0,4,autumn,0.009999999999990905,0.0,168.0,-68.98,-60.07
A76C,2022-04-29 00:00:00+00:00,-68.98,-60.07,-68.99,-60.07,168.0,0.006618745633598667,0.0,0.0,0.0,0.0,4,autumn,0.0,0.0,168.0,-68.98,-60.07
A76C,2022-05-06 00:00:00+00:00,-68.98,-60.07,-68.98,-60.07,168.0,0.0,0.0,82.1703011678389,0.09782178710457012,18.996792523514898,5,autumn,0.7000000000000028,0.6499999999999986,840.0,-68.28,-59.42
A76C,2022-06-10 00:00:00+00:00,-68.28,-59.42,-68.98,-60.07,840.0,0.09782178710457012,18.996792523514898,16.23292821726531,0.09662457272181732,153.0190230788927,6,winter,-0.12999999999999545,0.17999999999999972,168.0,-68.41,-59.24
A76C,2022-06-17 00:00:00+00:00,-68.41,-59.24,-68.28,-59.42,168.0,0.09662457272181732,153.0190230788927,51.01745567358393,0.30367533139038055,343.37317703316046,6,winter,0.4399999999999977,-0.3500000000000014,168.0,-67.97,-59.59
A76C,2022-06-24 00:00:00+00:00,-67.97,-59.59,-68.41,-59.24,168.0,0.30367533139038055,343.37317703316046,0.0,0.0,0.0,6,winter,0.0,0.0,168.0,-67.97,-59.59
A76C,2022-07-01 00:00:00+00:00,-67.97,-59.59,-67.97,-59.59,168.0,0.0,0.0,23.384737482616696,0.13919486596795652,3.094992462395453,7,winter,0.20999999999999375,0.030000000000001137,168.0,-67.76,-59.56
A76C,2022-07-08 00:00:00+00:00,-67.76,-59.56,-67.97,-59.59,168.0,0.13919486596795652,3.094992462395453,15.036638882860625,0.0895038028741704,42.42290013481056,7,winter,0.10000000000000853,0.240000000000002,168.0,-67.66,-59.32
A76C,2022-07-15 00:00:00+00:00,-67.66,-59.32,-67.76,-59.56,168.0,0.0895038028741704,42.42290013481056,31.708547307845897,0.18874135302289224,18.878929382919864,7,winter,0.269999999999996,0.240000000000002,168.0,-67.39,-59.08
A76C,2022-07-22 00:00:00+00:00,-67.39,-59.08,-67.66,-59.32,168.0,0.18874135302289224,18.878929382919864,58.093608293484365,0.08644882186530412,354.3906262655715,7,winter,0.519999999999996,-0.13000000000000256,672.0,-66.87,-59.21
A76C,2022-08-19 00:00:00+00:00,-66.87,-59.21,-67.39,-59.08,672.0,0.08644882186530412,354.3906262655715,16.88512691864322,0.10050670784906679,8.98422044993788,8,winter,0.15000000000000568,0.060000000000002274,168.0,-66.72,-59.15
A76C,2022-08-26 00:00:00+00:00,-66.72,-59.15,-66.87,-59.21,168.0,0.10050670784906679,8.98422044993788,3.796967466565235,0.022600996824793065,305.8205752919316,8,winter,0.01999999999999602,-0.07000000000000028,168.0,-66.7,-59.22
A76C,2022-09-02 00:00:00+00:00,-66.7,-59.22,-66.72,-59.15,168.0,0.022600996824793065,305.8205752919316,20.947453978174565,0.12468722606056289,342.77671209575806,9,spring,0.18000000000000682,-0.14000000000000057,168.0,-66.52,-59.36
A76C,2022-09-09 00:00:00+00:00,-66.52,-59.36,-66.7,-59.22,168.0,0.12468722606056289,342.77671209575806,4.447797065783044,0.026474982534422882,180.0,9,spring,-0.04000000000000625,0.0,168.0,-66.56,-59.36
A76C,2022-09-16 00:00:00+00:00,-66.56,-59.36,-66.52,-59.36,168.0,0.026474982534422882,180.0,9.895242567146132,0.058900253375869835,116.8025870312149,9,spring,-0.03999999999999204,0.20000000000000284,168.0,-66.6,-59.16
A76C,2022-09-23 00:00:00+00:00,-66.6,-59.16,-66.56,-59.36,168.0,0.058900253375869835,116.8025870312149,16.82563357236471,0.020030516157577033,352.41340848868487,9,spring,0.14999999999999147,-0.05000000000000426,840.0,-66.45,-59.21
A76C,2022-10-28 00:00:00+00:00,-66.45,-59.21,-66.6,-59.16,840.0,0.020030516157577033,352.41340848868487,34.12924646005819,0.2031502765479654,305.6209105814627,10,spring,0.18000000000000682,-0.6199999999999974,168.0,-66.27,-59.83
A76C,2022-11-04 00:00:00+00:00,-66.27,-59.83,-66.45,-59.21,168.0,0.2031502765479654,305.6209105814627,4.577246159126757,0.02724551285194498,43.2470594071242,11,spring,0.030000000000001137,0.07000000000000028,168.0,-66.24,-59.76
A76C,2022-11-11 00:00:00+00:00,-66.24,-59.76,-66.27,-59.83,168.0,0.02724551285194498,43.2470594071242,10.807263549390886,0.06432894969875527,128.2086482325849,11,spring,-0.060000000000002274,0.18999999999999773,168.0,-66.3,-59.57
A76C,2022-11-18 00:00:00+00:00,-66.3,-59.57,-66.24,-59.76,168.0,0.06432894969875527,128.2086482325849,7.367253364867298,0.043852698600400586,154.93461576274217,11,spring,-0.060000000000002274,0.07000000000000028,168.0,-66.36,-59.5
A76C,2022-11-25 00:00:00+00:00,-66.36,-59.5,-66.3,-59.57,168.0,0.043852698600400586,154.93461576274217,5.577632447856834,0.033200193142004966,355.4056911858625,11,spring,0.04999999999999716,-0.00999999999999801,168.0,-66.31,-59.51
A76C,2022-12-02 00:00:00+00:00,-66.31,-59.51,-66.36,-59.5,168.0,0.033200193142004966,355.4056911858625,11.418937050353207,0.06796986339495957,38.902256574479,12,summer,0.0799999999999983,0.1599999999999966,168.0,-66.23,-59.35
A76C,2022-12-09 00:00:00+00:00,-66.23,-59.35,-66.31,-59.51,168.0,0.06796986339495957,38.902256574479,13.72836872742068,0.013619413420060199,144.1747774268274,12,summer,-0.09999999999999432,0.17999999999999972,1008.0,-66.33,-59.17
A76C,2023-01-20 00:00:00+00:00,-66.33,-59.17,-66.23,-59.35,1008.0,0.013619413420060199,144.1747774268274,11.384078180467984,0.15811219695094422,281.150766040283,1,summer,0.01999999999999602,-0.25,72.0,-66.31,-59.42
A76C,2023-01-23 00:00:00+00:00,-66.31,-59.42,-66.33,-59.17,72.0,0.15811219695094422,281.150766040283,26.515756388114635,0.27620579570952747,109.8581848477885,1,summer,-0.0799999999999983,0.5600000000000023,96.0,-66.39,-58.86
A76C,2023-01-27 00:00:00+00:00,-66.39,-58.86,-66.31,-59.42,96.0,0.27620579570952747,109.8581848477885,11.349208222207269,0.06755481084647183,101.41485391554778,1,summer,-0.01999999999999602,0.25,168.0,-66.41,-58.61
A76C,2023-02-03 00:00:00+00:00,-66.41,-58.61,-66.39,-58.86,168.0,0.06755481084647183,101.41485391554778,8.094546087734127,0.04818182195079838,164.09155002239356,2,summer,-0.07000000000000739,0.04999999999999716,168.0,-66.48,-58.56
A76C,2023-02-10 00:00:00+00:00,-66.48,-58.56,-66.41,-58.61,168.0,0.04818182195079838,164.09155002239356,1.4225865843098817,0.00846777728755882,218.57993767649387,2,summer,-0.009999999999990905,-0.01999999999999602,168.0,-66.49,-58.58
A76C,2023-02-17 00:00:00+00:00,-66.49,-58.58,-66.48,-58.56,168.0,0.00846777728755882,218.57993767649387,7.18505218259695,0.04276816775355327,278.8294366177162,2,summer,0.009999999999990905,-0.1600000000000037,168.0,-66.48,-58.74
A76C,2023-02-24 00:00:00+00:00,-66.48,-58.74,-66.49,-58.58,168.0,0.04276816775355327,278.8294366177162,14.618074288448573,0.017402469391010207,326.7142530013144,2,summer,0.10999999999999943,-0.17999999999999972,840.0,-66.37,-58.92
A76C,2023-03-31 00:00:00+00:00,-66.37,-58.92,-66.48,-58.74,840.0,0.017402469391010207,326.7142530013144,6.622525798104549,0.03941979641728898,312.1415403920074,3,autumn,0.04000000000000625,-0.10999999999999943,168.0,-66.33,-59.03
A76C,2023-04-07 00:00:00+00:00,-66.33,-59.03,-66.37,-58.92,168.0,0.03941979641728898,312.1415403920074,42.61599601747738,0.25366664296117486,310.38548026465963,4,autumn,0.25,-0.7199999999999989,168.0,-66.08,-59.75
A76C,2023-04-14 00:00:00+00:00,-66.08,-59.75,-66.33,-59.03,168.0,0.25366664296117486,310.38548026465963,13.262134614008732,0.07894127746433768,326.90247934786015,4,autumn,0.09999999999999432,-0.1599999999999966,168.0,-65.98,-59.91
A76C,2023-04-21 00:00:00+00:00,-65.98,-59.91,-66.08,-59.75,168.0,0.07894127746433768,326.90247934786015,21.596890122203842,0.1285529173940705,330.97192785087253,4,autumn,0.1700000000000017,-0.23000000000000398,168.0,-65.81,-60.14
A76C,2023-04-28 00:00:00+00:00,-65.81,-60.14,-65.98,-59.91,168.0,0.1285529173940705,330.97192785087253,8.62996357413957,0.05136883079844982,39.423019357222245,4,autumn,0.060000000000002274,0.11999999999999744,168.0,-65.75,-60.02
A76C,2023-05-05 00:00:00+00:00,-65.75,-60.02,-65.81,-60.14,168.0,0.05136883079844982,39.423019357222245,14.746995731407797,0.08777973649647498,325.95700349274574,5,autumn,0.10999999999999943,-0.17999999999999972,168.0,-65.64,-60.2
A76C,2023-05-12 00:00:00+00:00,-65.64,-60.2,-65.75,-60.02,168.0,0.08777973649647498,325.95700349274574,9.037550205807046,0.011075429173783144,30.587663979887054,5,autumn,0.07000000000000739,0.10000000000000142,816.0,-65.57,-60.1
A76C,2023-06-15 00:00:00+00:00,-65.57,-60.1,-65.64,-60.2,816.0,0.011075429173783144,30.587663979887054,5.578697317112535,0.029055715193294456,175.28054798849564,6,winter,-0.05000000000001137,0.00999999999999801,192.0,-65.62,-60.09
A76C,2023-06-23 00:00:00+00:00,-65.62,-60.09,-65.57,-60.1,192.0,0.029055715193294456,175.28054798849564,6.422921268201792,0.267621719508408,329.9205682192926,6,winter,0.05000000000001137,-0.06999999999999318,24.0,-65.57,-60.16
A76C,2023-06-24 00:00:00+00:00,-65.57,-60.16,-65.62,-60.09,24.0,0.267621719508408,329.9205682192926,0.45988131817128447,0.0031936202650783645,90.00455233614656,6,winter,0.0,0.00999999999999801,144.0,-65.57,-60.15
A76C,2023-06-30 00:00:00+00:00,-65.57,-60.15,-65.57,-60.16,144.0,0.0031936202650783645,90.00455233614656,0.9197626334397478,0.005474777579998499,269.9908953276257,6,winter,0.0,-0.020000000000003126,168.0,-65.57,-60.17
A76C,2023-07-07 00:00:00+00:00,-65.57,-60.17,-65.57,-60.15,168.0,0.005474777579998499,269.9908953276257,5.635167892999639,0.033542666029759756,189.37553676645797,7,winter,-0.05000000000001137,-0.01999999999999602,168.0,-65.62,-60.19
A76C,2023-07-14 00:00:00+00:00,-65.62,-60.19,-65.57,-60.17,168.0,0.033542666029759756,189.37553676645797,0.0,0.0,0.0,7,winter,0.0,0.0,168.0,-65.62,-60.19
A76C,2023-07-21 00:00:00+00:00,-65.62,-60.19,-65.62,-60.19,168.0,0.0,0.0,11.077256973659864,0.016484013353660513,72.5784488827237,7,winter,0.030000000000001137,0.22999999999999687,672.0,-65.59,-59.96
A76C,2023-08-18 00:00:00+00:00,-65.59,-59.96,-65.62,-60.19,672.0,0.016484013353660513,72.5784488827237,0.0,0.0,0.0,8,winter,0.0,0.0,168.0,-65.59,-59.96
A76C,2023-08-25 00:00:00+00:00,-65.59,-59.96,-65.59,-59.96,168.0,0.0,0.0,24.866307442475442,0.14801373477663954,36.54452001991734,8,winter,0.18000000000000682,0.3200000000000003,168.0,-65.41,-59.64
A76C,2023-09-01 00:00:00+00:00,-65.41,-59.64,-65.59,-59.96,168.0,0.14801373477663954,36.54452001991734,6.0151854805216525,0.03580467547929555,90.05910507313388,9,spring,0.0,0.13000000000000256,168.0,-65.41,-59.51
A76C,2023-09-08 00:00:00+00:00,-65.41,-59.51,-65.41,-59.64,168.0,0.03580467547929555,90.05910507313388,1.4467714319479041,0.00861173471397562,320.21681219178896,9,spring,0.009999999999990905,-0.020000000000003126,168.0,-65.4,-59.53
A76C,2023-09-15 00:00:00+00:00,-65.4,-59.53,-65.41,-59.51,168.0,0.00861173471397562,320.21681219178896,0.46288312110354884,0.00275525667323541,90.00454618053715,9,spring,0.0,0.00999999999999801,168.0,-65.4,-59.52
A76C,2023-09-22 00:00:00+00:00,-65.4,-59.52,-65.4,-59.53,168.0,0.00275525667323541,90.00454618053715,1.4467714319476936,0.007535267874727571,219.76500235944317,9,spring,-0.009999999999990905,-0.01999999999999602,192.0,-65.41,-59.54
A76C,2023-09-30 00:00:00+00:00,-65.41,-59.54,-65.4,-59.52,192.0,0.007535267874727571,219.76500235944317,0.46270665700418656,0.000567042471818856,90.00454654374073,9,spring,0.0,0.00999999999999801,816.0,-65.41,-59.53
A76C,2023-11-03 00:00:00+00:00,-65.41,-59.53,-65.41,-59.54,816.0,0.000567042471818856,90.00454654374073,4.648295429933431,0.032279829374537716,135.89259354157298,11,spring,-0.030000000000001137,0.07000000000000028,144.0,-65.44,-59.46
A76C,2023-11-09 00:00:00+00:00,-65.44,-59.46,-65.41,-59.53,144.0,0.032279829374537716,135.89259354157298,8.853147399665371,0.04611014270659047,82.8710440952621,11,spring,0.009999999999990905,0.18999999999999773,192.0,-65.43,-59.27
A76C,2023-11-17 00:00:00+00:00,-65.43,-59.27,-65.44,-59.46,192.0,0.04611014270659047,82.8710440952621,17.125398131290655,0.10193689363863485,71.21488763983535,11,spring,0.05000000000001137,0.3500000000000014,168.0,-65.38,-58.92
A76C,2023-11-24 00:00:00+00:00,-65.38,-58.92,-65.43,-59.27,168.0,0.10193689363863485,71.21488763983535,58.343501413205146,0.17364137325358675,68.12161496901331,11,spring,0.19999999999998863,1.1600000000000037,336.0,-65.18,-57.76
A76C,2023-12-08 00:00:00+00:00,-65.18,-57.76,-65.38,-58.92,336.0,0.17364137325358675,68.12161496901331,8.936246961432133,0.05319194619900079,97.23413725511455,12,summer,-0.009999999999990905,0.18999999999999773,168.0,-65.19,-57.57
A76C,2023-12-15 00:00:00+00:00,-65.19,-57.57,-65.18,-57.76,168.0,0.05319194619900079,97.23413725511455,10.49923228235492,0.07291133529413138,102.32859148730216,12,summer,-0.01999999999999602,0.21999999999999886,144.0,-65.21,-57.35
A76F,2023-06-15 00:00:00+00:00,-55.81,-35.04,-55.44,-36.88,312.0,0.3930161198947723,110.36132296349183,37.48535074392328,0.1735432904811263,44.78200181987597,6,winter,0.240000000000002,0.4200000000000017,216.0,-55.57,-34.62
A76F,2023-06-24 00:00:00+00:00,-55.57,-34.62,-55.81,-35.04,216.0,0.1735432904811263,44.78200181987597,50.98460009767917,0.35405972290054977,20.428781471729963,6,winter,0.4299999999999997,0.27999999999999403,144.0,-55.14,-34.34
A76F,2023-06-30 00:00:00+00:00,-55.14,-34.34,-55.57,-34.62,144.0,0.35405972290054977,20.428781471729963,0.0,0.0,0.0,6,winter,0.0,0.0,168.0,-55.14,-34.34
A76H,2023-06-15 00:00:00+00:00,-55.52,-36.34,-55.29,-37.58,312.0,0.26396031130215986,108.60126865591423,29.641425380158054,0.13722882120443544,124.4034340719885,6,winter,-0.14999999999999858,0.39000000000000057,216.0,-55.67,-35.95
A76H,2023-06-24 00:00:00+00:00,-55.67,-35.95,-55.52,-36.34,216.0,0.13722882120443544,124.4034340719885,70.96635727744138,0.4928219255377873,87.77237653108773,6,winter,0.030000000000001137,1.1300000000000026,144.0,-55.64,-34.82
A76H,2023-06-30 00:00:00+00:00,-55.64,-34.82,-55.67,-35.95,144.0,0.4928219255377873,87.77237653108773,0.0,0.0,0.0,6,winter,0.0,0.0,168.0,-55.64,-34.82
A76L,2023-06-15 00:00:00+00:00,-56.02,-35.1,-55.14,-37.35,312.0,0.5511514371565376,125.60451374652723,54.65840661660759,0.2530481787805907,78.61869801295256,6,winter,0.10000000000000142,0.8599999999999994,216.0,-55.92,-34.24
A76L,2023-06-24 00:00:00+00:00,-55.92,-34.24,-56.02,-35.1,216.0,0.2530481787805907,78.61869801295256,15.030534686453654,0.1043787131003726,35.591783906677676,6,winter,0.10999999999999943,0.14000000000000057,144.0,-55.81,-34.1
A76L,2023-06-30 00:00:00+00:00,-55.81,-34.1,-55.92,-34.24,144.0,0.1043787131003726,35.591783906677676,0.0,0.0,0.0,6,winter,0.0,0.0,168.0,-55.81,-34.1
A77,2022-01-14 00:00:00+00:00,-74.78,-26.3,-74.8,-26.46,168.0,0.030775992004549963,64.60179704142752,10.16052969960215,0.0604793434500128,350.01576480962876,1,summer,0.09000000000000341,-0.05999999999999872,168.0,-74.69,-26.36
A77,2022-01-21 00:00:00+00:00,-74.69,-26.36,-74.78,-26.3,168.0,0.0604793434500128,350.01576480962876,22.117945017777334,0.13165443462962698,263.8677273534151,1,summer,-0.01999999999999602,-0.75,168.0,-74.71,-27.11
A77,2022-01-28 00:00:00+00:00,-74.71,-27.11,-74.69,-26.36,168.0,0.13165443462962698,263.8677273534151,20.989596799001887,0.12493807618453505,251.13892792609101,1,summer,-0.060000000000002274,-0.6799999999999997,168.0,-74.77,-27.79
A77,2022-02-04 00:00:00+00:00,-74.77,-27.79,-74.71,-27.11,168.0,0.12493807618453505,251.13892792609101,16.574344870320598,0.09865681470428928,237.30883564183858,2,summer,-0.0799999999999983,-0.4800000000000004,168.0,-74.85,-28.27
A77,2022-02-11 00:00:00+00:00,-74.85,-28.27,-74.77,-27.79,168.0,0.09865681470428928,237.30883564183858,10.823874114802322,0.06442782211191858,114.42693142433188,2,summer,-0.04000000000000625,0.33999999999999986,168.0,-74.89,-27.93
A77,2022-02-18 00:00:00+00:00,-74.89,-27.93,-74.85,-28.27,168.0,0.06442782211191858,114.42693142433188,20.797138281559715,0.024758497954237756,282.01089939751176,2,summer,0.04000000000000625,-0.6999999999999993,840.0,-74.85,-28.63
A77,2022-03-25 00:00:00+00:00,-74.85,-28.63,-74.89,-27.93,840.0,0.024758497954237756,282.01089939751176,754.0816420586928,0.0614874137360317,258.05479962447475,3,autumn,0.0799999999999983,-26.09,12264.0,-74.77,-54.72
A77,2023-08-18 00:00:00+00:00,-74.77,-54.72,-74.85,-28.63,12264.0,0.0614874137360317,258.05479962447475,0.0,0.0,0.0,8,winter,0.0,0.0,168.0,-74.77,-54.72
A77,2023-08-25 00:00:00+00:00,-74.77,-54.72,-74.77,-54.72,168.0,0.0,0.0,42.752176363338116,0.254477240257965,243.1232190617004,8,winter,-0.1700000000000017,-1.3200000000000003,168.0,-74.94,-56.04
A77,2023-09-01 00:00:00+00:00,-74.94,-56.04,-74.77,-54.72,168.0,0.254477240257965,243.1232190617004,38.9226111125117,0.23168220900304584,359.13006577939285,9,spring,0.3499999999999943,-0.020000000000003126,168.0,-74.59,-56.06
A77,2023-09-08 00:00:00+00:00,-74.59,-56.06,-74.94,-56.04,168.0,0.23168220900304584,359.13006577939285,70.5030319841677,0.4196609046676649,12.322042593329911,9,spring,0.6200000000000045,0.490000000000002,168.0,-73.97,-55.57
A77,2023-09-15 00:00:00+00:00,-73.97,-55.57,-74.59,-56.06,168.0,0.4196609046676649,12.322042593329911,39.233625019307794,0.2335334822577845,352.65280698338023,9,spring,0.3499999999999943,-0.1599999999999966,168.0,-73.62,-55.73
A77,2023-09-22 00:00:00+00:00,-73.62,-55.73,-73.97,-55.57,168.0,0.2335334822577845,352.65280698338023,7.884475533321357,0.04106497673604873,350.8077925725306,9,spring,0.07000000000000739,-0.04000000000000625,192.0,-73.55,-55.77
A77,2023-09-30 00:00:00+00:00,-73.55,-55.77,-73.62,-55.73,192.0,0.04106497673604873,350.8077925725306,128.32420278631545,0.15726005243421012,4.960450854328201,9,spring,1.1499999999999915,0.3300000000000054,816.0,-72.4,-55.44
A77,2023-11-03 00:00:00+00:00,-72.4,-55.44,-73.55,-55.77,816.0,0.15726005243421012,4.960450854328201,31.568645398130037,0.2192267041536808,119.93634347090142,11,spring,-0.14000000000000057,0.8200000000000003,144.0,-72.54,-54.62
A77,2023-11-09 00:00:00+00:00,-72.54,-54.62,-72.4,-55.44,144.0,0.2192267041536808,119.93634347090142,17.00691563700415,0.0885776856093966,168.7821900581755,11,spring,-0.14999999999999147,0.09999999999999432,192.0,-72.69,-54.52
A77,2023-11-17 00:00:00+00:00,-72.69,-54.52,-72.54,-54.62,192.0,0.0885776856093966,168.7821900581755,20.23757647184278,0.12046176471334988,351.45316484078313,11,spring,0.1799999999999926,-0.0899999999999963,168.0,-72.51,-54.61
A77,2023-11-24 00:00:00+00:00,-72.51,-54.61,-72.69,-54.52,168.0,0.12046176471334988,351.45316484078313,37.36640856482229,0.11120954930006632,253.9508222531428,11,spring,-0.0899999999999892,-1.0799999999999983,336.0,-72.6,-55.69
A77,2023-12-08 00:00:00+00:00,-72.6,-55.69,-72.51,-54.61,336.0,0.11120954930006632,253.9508222531428,28.191177156939954,0.1678046259341664,9.638404494282838,12,summer,0.25,0.14000000000000057,168.0,-72.35,-55.55
A77,2023-12-15 00:00:00+00:00,-72.35,-55.55,-72.6,-55.69,168.0,0.1678046259341664,9.638404494282838,1.111949266444576,0.007721869905865111,0.0,12,summer,0.009999999999990905,0.0,144.0,-72.34,-55.55
A78,2022-01-14 00:00:00+00:00,-70.92,-11.84,-70.78,-11.45,168.0,0.12552515202243955,222.23798702137486,41.15199792488641,0.24495236860051434,242.17848632084667,1,summer,-0.1700000000000017,-1.0099999999999998,168.0,-71.09,-12.85
A78,2022-01-21 00:00:00+00:00,-71.09,-12.85,-70.92,-11.84,168.0,0.24495236860051434,242.17848632084667,127.78029562084585,0.76059699774313,241.0347056276051,1,summer,-0.5300000000000011,-3.1899999999999995,168.0,-71.62,-16.04
A78,2022-01-28 00:00:00+00:00,-71.62,-16.04,-71.09,-12.85,168.0,0.76059699774313,241.0347056276051,92.86816978396244,0.5527867249045384,228.75019927826497,1,summer,-0.539999999999992,-2.0500000000000007,168.0,-72.16,-18.09
A78,2022-02-04 00:00:00+00:00,-72.16,-18.09,-71.62,-16.04,168.0,0.5527867249045384,228.75019927826497,93.07160267761864,0.5539976349858252,241.83408809236903,2,summer,-0.38000000000000966,-2.460000000000001,168.0,-72.54,-20.55
A78,2022-02-11 00:00:00+00:00,-72.54,-20.55,-72.16,-18.09,168.0,0.5539976349858252,241.83408809236903,90.54880982520979,0.538981010864344,202.4157410241054,2,summer,-0.75,-1.0799999999999983,168.0,-73.29,-21.63
A78,2022-02-18 00:00:00+00:00,-73.29,-21.63,-72.54,-20.55,168.0,0.538981010864344,202.4157410241054,232.11744023064097,0.2763302859888583,275.1168484263819,2,summer,0.3100000000000023,-7.120000000000001,840.0,-72.98,-28.75
A78,2022-03-25 00:00:00+00:00,-72.98,-28.75,-73.29,-21.63,840.0,0.2763302859888583,275.1168484263819,26.637562386187465,0.15855691896540158,236.80523205595932,3,autumn,-0.12999999999999545,-0.6900000000000013,168.0,-73.11,-29.44
A78,2022-04-01 00:00:00+00:00,-73.11,-29.44,-72.98,-28.75,168.0,0.15855691896540158,236.80523205595932,33.43632094648549,0.19902571991955648,254.0929445576528,4,autumn,-0.0799999999999983,-1.0,168.0,-73.19,-30.44
A78,2022-04-08 00:00:00+00:00,-73.19,-30.44,-73.11,-29.44,168.0,0.19902571991955648,254.0929445576528,41.76769973791756,0.24861726034474738,275.4952026061193,4,autumn,0.03999999999999204,-1.2899999999999991,168.0,-73.15,-31.73
A78,2022-04-15 00:00:00+00:00,-73.15,-31.73,-73.19,-30.44,168.0,0.24861726034474738,275.4952026061193,28.105170091995465,0.16729267911902063,278.69390502058803,4,autumn,0.04000000000000625,-0.860000000000003,168.0,-73.11,-32.59
A78,2022-04-22 00:00:00+00:00,-73.11,-32.59,-73.15,-31.73,168.0,0.16729267911902063,278.69390502058803,8.848405389183114,0.05266907969751854,331.53989602218826,4,autumn,0.06999999999999318,-0.12999999999999545,168.0,-73.04,-32.72
A78,2022-04-29 00:00:00+00:00,-73.04,-32.72,-73.11,-32.59,168.0,0.05266907969751854,331.53989602218826,27.249767395945245,0.16220099640443597,298.96923930746055,4,autumn,0.12000000000000455,-0.730000000000004,168.0,-72.92,-33.45
A78,2022-05-06 00:00:00+00:00,-72.92,-33.45,-73.04,-32.72,168.0,0.16220099640443597,298.96923930746055,134.576500433489,0.1602101195636774,288.4704707501322,5,autumn,0.4200000000000017,-3.8200000000000003,840.0,-72.5,-37.27
A78,2022-06-10 00:00:00+00:00,-72.5,-37.27,-72.92,-33.45,840.0,0.1602101195636774,288.4704707501322,100.36439954383823,0.5974071401418942,225.5637764427953,6,winter,-0.6200000000000045,-2.219999999999999,168.0,-73.12,-39.49
A78,2022-06-17 00:00:00+00:00,-73.12,-39.49,-72.5,-37.27,168.0,0.5974071401418942,225.5637764427953,58.746599010490506,0.3496821369672054,332.4297727299825,6,winter,0.46999999999999886,-0.8200000000000003,168.0,-72.65,-40.31
A78,2022-06-24 00:00:00+00:00,-72.65,-40.31,-73.12,-39.49,168.0,0.3496821369672054,332.4297727299825,28.191707454440696,0.16780778246690892,329.995318639825,6,winter,0.21999999999999886,-0.4199999999999946,168.0,-72.43,-40.73
A78,2022-07-01 00:00:00+00:00,-72.43,-40.73,-72.65,-40.31,168.0,0.16780778246690892,329.995318639825,49.21419675289366,0.29294164733865274,319.747309887436,7,winter,0.3400000000000034,-0.9299999999999997,168.0,-72.09,-41.66
A78,2022-07-08 00:00:00+00:00,-72.09,-41.66,-72.43,-40.73,168.0,0.29294164733865274,319.747309887436,71.50390527431769,0.42561848377570055,5.678515100360983,7,winter,0.6400000000000006,0.19999999999999574,168.0,-71.45,-41.46
A78,2022-07-15 00:00:00+00:00,-71.45,-41.46,-72.09,-41.66,168.0,0.42561848377570055,5.678515100360983,9.333114060918618,0.05555425036261082,162.42483629218304,7,winter,-0.0799999999999983,0.0799999999999983,168.0,-71.53,-41.38
A78,2022-07-22 00:00:00+00:00,-71.53,-41.38,-71.45,-41.46,168.0,0.05555425036261082,162.42483629218304,94.82650144962798,0.14111086525242258,296.08549831735644,7,winter,0.39000000000000057,-2.3699999999999974,672.0,-71.14,-43.75
A78,2022-08-19 00:00:00+00:00,-71.14,-43.75,-71.53,-41.38,672.0,0.14111086525242258,296.08549831735644,27.32444661959038,0.16264551559279988,253.10437046619464,8,winter,-0.06999999999999318,-0.7299999999999969,168.0,-71.21,-44.48
A78,2022-08-26 00:00:00+00:00,-71.21,-44.48,-71.14,-43.75,168.0,0.16264551559279988,253.10437046619464,11.684892789575901,0.06955293327128513,342.0560291386531,8,winter,0.09999999999999432,-0.10000000000000142,168.0,-71.11,-44.58
A78,2022-09-02 00:00:00+00:00,-71.11,-44.58,-71.21,-44.48,168.0,0.06955293327128513,342.0560291386531,54.23037249623155,0.3227998362870926,312.05926611645543,9,spring,0.3299999999999983,-1.1000000000000014,168.0,-70.78,-45.68
A78,2022-09-09 00:00:00+00:00,-70.78,-45.68,-71.11,-44.58,168.0,0.3227998362870926,312.05926611645543,21.178194297385364,0.12606068034157955,4.0021803164717085,9,spring,0.18999999999999773,0.03999999999999915,168.0,-70.59,-45.64
A78,2022-09-16 00:00:00+00:00,-70.59,-45.64,-70.78,-45.68,168.0,0.12606068034157955,4.0021803164717085,26.944420603506245,0.16038345597325146,7.976942213089899,9,spring,0.2400000000000091,0.10000000000000142,168.0,-70.35,-45.54
A78,2022-09-23 00:00:00+00:00,-70.35,-45.54,-70.59,-45.64,168.0,0.16038345597325146,7.976942213089899,98.81246510930897,0.11763388703489164,351.83195784712314,9,spring,0.8799999999999955,-0.35999999999999943,840.0,-69.47,-45.9
A78,2022-10-28 00:00:00+00:00,-69.47,-45.9,-70.35,-45.54,840.0,0.11763388703489164,351.83195784712314,65.1209863696018,0.3876249188666773,269.21802513311786,10,spring,0.0,-1.6700000000000017,168.0,-69.47,-47.57
A78,2022-11-04 00:00:00+00:00,-69.47,-47.57,-69.47,-45.9,168.0,0.3876249188666773,269.21802513311786,18.861224608757205,0.11226919409974527,340.5327783444092,11,spring,0.1599999999999966,-0.1599999999999966,168.0,-69.31,-47.73
A78,2022-11-11 00:00:00+00:00,-69.31,-47.73,-69.47,-47.57,168.0,0.11226919409974527,340.5327783444092,26.0516820841782,0.15506953621534642,53.55330855909142,11,spring,0.14000000000000057,0.529999999999994,168.0,-69.17,-47.2
A78,2022-11-18 00:00:00+00:00,-69.17,-47.2,-69.31,-47.73,168.0,0.15506953621534642,53.55330855909142,44.456599179295495,0.2646226141624732,34.66658001307326,11,spring,0.3299999999999983,0.6300000000000026,168.0,-68.84,-46.57
A78,2022-11-25 00:00:00+00:00,-68.84,-46.57,-69.17,-47.2,168.0,0.2646226141624732,34.66658001307326,18.186515630977183,0.10825306923200705,23.57526056946415,11,spring,0.15000000000000568,0.17999999999999972,168.0,-68.69,-46.39
A78,2022-12-02 00:00:00+00:00,-68.69,-46.39,-68.84,-46.57,168.0,0.10825306923200705,23.57526056946415,67.83385121186906,0.06729548731336216,0.701264239483578,12,summer,0.6099999999999994,0.020000000000003126,1008.0,-68.08,-46.37
A78,2023-01-13 00:00:00+00:00,-68.08,-46.37,-68.69,-46.39,1008.0,0.06729548731336216,0.701264239483578,18.982406012087093,0.11299051197670888,200.3317638980274,1,summer,-0.1599999999999966,-0.1600000000000037,168.0,-68.24,-46.53
A78,2023-01-20 00:00:00+00:00,-68.24,-46.53,-68.08,-46.37,168.0,0.11299051197670888,200.3317638980274,7.116524380888875,0.04236026417195759,20.393075953138634,1,summer,0.05999999999998806,0.060000000000002274,168.0,-68.18,-46.47
A78,2023-01-27 00:00:00+00:00,-68.18,-46.47,-68.24,-46.53,168.0,0.04236026417195759,20.393075953138634,9.759372260385485,0.0580915015499136,297.01544716523875,1,summer,0.04000000000000625,-0.21000000000000085,168.0,-68.14,-46.68
A78,2023-02-03 00:00:00+00:00,-68.14,-46.68,-68.18,-46.47,168.0,0.0580915015499136,297.01544716523875,17.523064016872084,0.10430395248138145,262.5139104588832,2,summer,-0.01999999999999602,-0.4200000000000017,168.0,-68.16,-47.1
A78,2023-02-10 00:00:00+00:00,-68.16,-47.1,-68.14,-46.68,168.0,0.10430395248138145,262.5139104588832,3.9883263108678593,0.023740037564689637,56.14701701874776,2,summer,0.01999999999999602,0.0799999999999983,168.0,-68.14,-47.02
A78,2023-02-17 00:00:00+00:00,-68.14,-47.02,-68.16,-47.1,168.0,0.023740037564689637,56.14701701874776,8.963367400581314,0.05335337738441258,231.58497834427877,2,summer,-0.04999999999999716,-0.1699999999999946,168.0,-68.19,-47.19
A78,2023-02-24 00:00:00+00:00,-68.19,-47.19,-68.14,-47.02,168.0,0.05335337738441258,231.58497834427877,27.22387004324222,0.032409369099097876,237.66861478586574,2,summer,-0.12999999999999545,-0.5600000000000023,840.0,-68.32,-47.75
A78,2023-03-31 00:00:00+00:00,-68.32,-47.75,-68.19,-47.19,840.0,0.032409369099097876,237.66861478586574,3.083551374351244,0.018354472466376455,291.10493286695964,3,autumn,0.009999999999990905,-0.07000000000000028,168.0,-68.31,-47.82
A78,2023-04-07 00:00:00+00:00,-68.31,-47.82,-68.32,-47.75,168.0,0.018354472466376455,291.10493286695964,6.981749463137116,0.04155803251867331,342.8374002476564,4,autumn,0.060000000000002274,-0.04999999999999716,168.0,-68.25,-47.87
A78,2023-04-14 00:00:00+00:00,-68.25,-47.87,-68.31,-47.82,168.0,0.04155803251867331,342.8374002476564,7.635418561852566,0.045448920011027176,29.14059983541773,4,autumn,0.060000000000002274,0.0899999999999963,168.0,-68.19,-47.78
A78,2023-04-21 00:00:00+00:00,-68.19,-47.78,-68.25,-47.87,168.0,0.045448920011027176,29.14059983541773,14.7433749063284,0.08775818396624048,11.3766552967532,4,autumn,0.12999999999999545,0.07000000000000028,168.0,-68.06,-47.71
A78,2023-04-28 00:00:00+00:00,-68.06,-47.71,-68.19,-47.78,168.0,0.08775818396624048,11.3766552967532,26.17409696510817,0.15579819622088195,90.29218673543221,4,autumn,0.0,0.6300000000000026,168.0,-68.06,-47.08
A78,2023-05-05 00:00:00+00:00,-68.06,-47.08,-68.06,-47.71,168.0,0.15579819622088195,90.29218673543221,24.175537190036724,0.14390200708355194,344.9226083329184,5,autumn,0.21000000000000796,-0.14999999999999858,168.0,-67.85,-47.23
A78,2023-05-12 00:00:00+00:00,-67.85,-47.23,-68.06,-47.08,168.0,0.14390200708355194,344.9226083329184,119.10904120119226,0.14596696225636305,357.25727193003326,5,autumn,1.0699999999999932,-0.13000000000000256,816.0,-66.78,-47.36
A78,2023-06-15 00:00:00+00:00,-66.78,-47.36,-67.85,-47.23,816.0,0.14596696225636305,357.25727193003326,100.01092557479903,0.520890237368745,153.28974742982905,6,winter,-0.7999999999999972,1.0600000000000023,192.0,-67.58,-46.3
A78,2023-06-23 00:00:00+00:00,-67.58,-46.3,-66.78,-47.36,192.0,0.520890237368745,153.28974742982905,135.7217803993578,5.655074183306575,343.03341371392895,6,winter,1.1700000000000017,-0.8900000000000006,24.0,-66.41,-47.19
A78,2023-06-24 00:00:00+00:00,-66.41,-47.19,-67.58,-46.3,24.0,5.655074183306575,343.03341371392895,120.2838504310625,0.8353045168823785,3.3182038270871885,6,winter,1.0799999999999983,0.14999999999999858,144.0,-65.33,-47.04
A78,2023-06-30 00:00:00+00:00,-65.33,-47.04,-66.41,-47.19,144.0,0.8353045168823785,3.3182038270871885,40.050299451932645,0.23839463959483717,72.59050651132799,6,winter,0.10999999999999943,0.8200000000000003,168.0,-65.22,-46.22
A78,2023-07-07 00:00:00+00:00,-65.22,-46.22,-65.33,-47.04,168.0,0.23839463959483717,72.59050651132799,82.37103027180989,0.490303751617916,2.6668212837415126,7,winter,0.7399999999999949,0.0799999999999983,168.0,-64.48,-46.14
A78,2023-07-14 00:00:00+00:00,-64.48,-46.14,-65.22,-46.22,168.0,0.490303751617916,2.6668212837415126,0.0,0.0,0.0,7,winter,0.0,0.0,168.0,-64.48,-46.14
A78,2023-07-21 00:00:00+00:00,-64.48,-46.14,-64.48,-46.14,168.0,0.0,0.0,368.48091865232226,0.5483347003754796,73.28453821221399,7,winter,1.1300000000000026,7.090000000000003,672.0,-63.35,-39.05
A78,2023-08-18 00:00:00+00:00,-63.35,-39.05,-64.48,-46.14,672.0,0.5483347003754796,73.28453821221399,0.0,0.0,0.0,8,winter,0.0,0.0,168.0,-63.35,-39.05
A78,2023-08-25 00:00:00+00:00,-63.35,-39.05,-63.35,-39.05,168.0,0.0,0.0,73.19473033530447,0.4356829186625266,132.43653642913307,8,winter,-0.4399999999999977,1.0999999999999943,168.0,-63.79,-37.95
A78,2023-09-01 00:00:00+00:00,-63.79,-37.95,-63.35,-39.05,168.0,0.4356829186625266,132.43653642913307,33.02480936730549,0.19657624623396122,42.40741642619622,9,spring,0.21999999999999886,0.45000000000000284,168.0,-63.57,-37.5
A78,2023-09-08 00:00:00+00:00,-63.57,-37.5,-63.79,-37.95,168.0,0.19657624623396122,42.40741642619622,76.22877961415998,0.4537427357985713,321.54871727915076,9,spring,0.5399999999999991,-0.9399999999999977,168.0,-63.03,-38.44
A78,2023-09-15 00:00:00+00:00,-63.03,-38.44,-63.57,-37.5,168.0,0.4537427357985713,321.54871727915076,60.4413714886504,0.3597700683848238,84.1930822342776,9,spring,0.060000000000002274,1.1899999999999977,168.0,-62.97,-37.25
A78,2023-09-22 00:00:00+00:00,-62.97,-37.25,-63.03,-38.44,168.0,0.3597700683848238,84.1930822342776,54.595042134889795,0.28434917778588437,16.95034125829426,9,spring,0.46999999999999886,0.3100000000000023,192.0,-62.5,-36.94
A78,2023-09-30 00:00:00+00:00,-62.5,-36.94,-62.97,-37.25,192.0,0.28434917778588437,16.95034125829426,214.527890976772,0.26290182717741667,58.92340972709337,9,spring,1.0399999999999991,3.460000000000001,816.0,-61.46,-33.48
A78,2023-11-03 00:00:00+00:00,-61.46,-33.48,-62.5,-36.94,816.0,0.26290182717741667,58.92340972709337,63.658459581866666,0.4420726359851852,27.258953823635238,11,spring,0.509999999999998,0.5399999999999991,144.0,-60.95,-32.94
A78,2023-11-09 00:00:00+00:00,-60.95,-32.94,-61.46,-33.48,144.0,0.4420726359851852,27.258953823635238,34.858290254076515,0.18155359507331517,103.17785889427444,11,spring,-0.07000000000000028,0.6299999999999955,192.0,-61.02,-32.31
A78,2023-11-17 00:00:00+00:00,-61.02,-32.31,-60.95,-32.94,192.0,0.18155359507331517,103.17785889427444,53.60326031353721,0.31906702567581674,73.53288284365067,11,spring,0.14000000000000057,0.9500000000000028,168.0,-60.88,-31.36
A78,2023-11-24 00:00:00+00:00,-60.88,-31.36,-61.02,-32.31,168.0,0.31906702567581674,73.53288284365067,22.128559810364937,0.06585880895941945,45.41881917279687,11,spring,0.14000000000000057,0.28999999999999915,336.0,-60.74,-31.07
A78,2023-12-08 00:00:00+00:00,-60.74,-31.07,-60.88,-31.36,336.0,0.06585880895941945,45.41881917279687,20.260583954192583,0.12059871401305108,311.07012232650635,12,summer,0.12000000000000455,-0.28000000000000114,168.0,-60.62,-31.35
A78,2023-12-15 00:00:00+00:00,-60.62,-31.35,-60.74,-31.07,168.0,0.12059871401305108,311.07012232650635,16.75970789440982,0.11638686037784599,5.629923381627691,12,summer,0.14999999999999858,0.030000000000001137,144.0,-60.47,-31.32
A79,2022-04-01 00:00:00+00:00,-71.17,-60.51,-71.17,-60.5,168.0,0.0021362750447422524,269.99526759806866,0.0,0.0,0.0,4,autumn,0.0,0.0,168.0,-71.17,-60.51
A79,2022-04-08 00:00:00+00:00,-71.17,-60.51,-71.17,-60.51,168.0,0.0,0.0,0.0,0.0,0.0,4,autumn,0.0,0.0,168.0,-71.17,-60.51
A79,2022-04-15 00:00:00+00:00,-71.17,-60.51,-71.17,-60.51,168.0,0.0,0.0,6.758278409212274,0.04022784767388258,9.195421920312697,4,autumn,0.060000000000002274,0.030000000000001137,168.0,-71.11,-60.48
A79,2022-04-22 00:00:00+00:00,-71.11,-60.48,-71.17,-60.51,168.0,0.04022784767388258,9.195421920312697,1.1119492664461563,0.006618745633608074,0.0,4,autumn,0.010000000000005116,0.0,168.0,-71.1,-60.48
A79,2022-04-29 00:00:00+00:00,-71.1,-60.48,-71.11,-60.48,168.0,0.006618745633608074,0.0,1.1688570243965752,0.006957482288074852,342.0429464566807,4,autumn,0.009999999999990905,-0.010000000000005116,168.0,-71.09,-60.49
A80A,2023-01-13 00:00:00+00:00,-71.99,-59.74,-71.77,-60.27,1008.0,0.030324727457164326,143.40936863899014,2.4516579388760653,0.014593202017119436,335.0933301734096,1,summer,0.01999999999999602,-0.030000000000001137,168.0,-71.97,-59.77
A80A,2023-01-20 00:00:00+00:00,-71.97,-59.77,-71.99,-59.74,168.0,0.014593202017119436,335.0933301734096,6.539130252481962,0.03892339436001167,90.0903349935071,1,summer,0.0,0.19000000000000483,168.0,-71.97,-59.58
A80A,2023-01-27 00:00:00+00:00,-71.97,-59.58,-71.97,-59.77,168.0,0.03892339436001167,90.0903349935071,5.655058118410075,0.0336610602286314,349.4514627001789,1,summer,0.04999999999999716,-0.030000000000001137,168.0,-71.92,-59.61
A80A,2023-02-03 00:00:00+00:00,-71.92,-59.61,-71.97,-59.58,168.0,0.0336610602286314,349.4514627001789,15.89444278022841,0.09460977845374054,134.55028411354226,2,summer,-0.09999999999999432,0.3299999999999983,168.0,-72.02,-59.28
A80A,2023-02-10 00:00:00+00:00,-72.02,-59.28,-71.92,-59.61,168.0,0.09460977845374054,134.55028411354226,10.013399504091144,0.059603568476732996,181.9548719866115,2,summer,-0.09000000000000341,-0.00999999999999801,168.0,-72.11,-59.29
A80A,2023-02-17 00:00:00+00:00,-72.11,-59.29,-72.02,-59.28,168.0,0.059603568476732996,181.9548719866115,8.902178197123988,0.05298915593526183,2.2085177691876083,2,summer,0.0799999999999983,0.00999999999999801,168.0,-72.03,-59.28
A80A,2023-02-24 00:00:00+00:00,-72.03,-59.28,-72.11,-59.29,168.0,0.05298915593526183,2.2085177691876083,64.96968431770019,0.0773448622829764,347.1074987856581,2,summer,0.5700000000000074,-0.4099999999999966,840.0,-71.46,-59.69
A80A,2023-03-31 00:00:00+00:00,-71.46,-59.69,-72.03,-59.28,840.0,0.0773448622829764,347.1074987856581,5.66027968630858,0.03369214098993202,10.829033885976628,3,autumn,0.04999999999999716,0.030000000000001137,168.0,-71.41,-59.66
A80A,2023-04-07 00:00:00+00:00,-71.41,-59.66,-71.46,-59.69,168.0,0.03369214098993202,10.829033885976628,52.281315720599835,0.3111983078607133,358.4080028051831,4,autumn,0.46999999999999886,-0.04000000000000625,168.0,-70.94,-59.7
A80A,2023-04-14 00:00:00+00:00,-70.94,-59.7,-71.41,-59.66,168.0,0.3111983078607133,358.4080028051831,17.072850336780732,0.10162410914750436,347.62569607739505,4,autumn,0.14999999999999147,-0.09999999999999432,168.0,-70.79,-59.8
A80A,2023-04-21 00:00:00+00:00,-70.79,-59.8,-70.94,-59.7,168.0,0.10162410914750436,347.62569607739505,47.81381845716102,0.28460606224500606,0.0,4,autumn,0.4300000000000068,0.0,168.0,-70.36,-59.8
A80A,2023-04-28 00:00:00+00:00,-70.36,-59.8,-70.79,-59.8,168.0,0.28460606224500606,0.0,24.80958659471329,0.14767611068281722,350.3581964783307,4,autumn,0.21999999999999886,-0.10999999999999943,168.0,-70.14,-59.91
A80A,2023-05-05 00:00:00+00:00,-70.14,-59.91,-70.36,-59.8,168.0,0.14767611068281722,350.3581964783307,107.90338632287593,0.6422820614456901,1.679974580991768,5,autumn,0.9699999999999989,0.0799999999999983,168.0,-69.17,-59.83
A80A,2023-05-12 00:00:00+00:00,-69.17,-59.83,-70.14,-59.91,168.0,0.6422820614456901,1.679974580991768,126.36080441708913,0.15485392698172687,6.234718985144468,5,autumn,1.1299999999999955,0.3299999999999983,816.0,-68.04,-59.5
A80A,2023-06-15 00:00:00+00:00,-68.04,-59.5,-69.17,-59.83,816.0,0.15485392698172687,6.234718985144468,91.3342524438356,0.4756992314783104,183.272287755047,6,winter,-0.8199999999999932,-0.13000000000000256,192.0,-68.86,-59.63
A80A,2023-06-23 00:00:00+00:00,-68.86,-59.63,-68.04,-59.5,192.0,0.4756992314783104,183.272287755047,103.50926249593257,4.312885937330524,2.5448904657848743,6,winter,0.9299999999999926,0.10999999999999943,24.0,-67.93,-59.52
A80A,2023-06-24 00:00:00+00:00,-67.93,-59.52,-68.86,-59.63,24.0,4.312885937330524,2.5448904657848743,59.66193805559715,0.4143190142749802,9.06602869191272,6,winter,0.5300000000000011,0.22000000000000597,144.0,-67.4,-59.3
A80A,2023-06-30 00:00:00+00:00,-67.4,-59.3,-67.93,-59.52,144.0,0.4143190142749802,9.06602869191272,2.264614213402521,0.01347984650834834,349.11424804677887,6,winter,0.020000000000010232,-0.010000000000005116,168.0,-67.38,-59.31
A80A,2023-07-07 00:00:00+00:00,-67.38,-59.31,-67.4,-59.3,168.0,0.01347984650834834,349.11424804677887,5.990220113131291,0.03565607210197197,68.26697892039465,7,winter,0.01999999999999602,0.13000000000000256,168.0,-67.36,-59.18
A80A,2023-07-14 00:00:00+00:00,-67.36,-59.18,-67.38,-59.31,168.0,0.03565607210197197,68.26697892039465,0.0,0.0,0.0,7,winter,0.0,0.0,168.0,-67.36,-59.18
A80A,2023-07-21 00:00:00+00:00,-67.36,-59.18,-67.36,-59.18,168.0,0.0,0.0,105.2209892120254,0.15657885299408542,20.24029963653595,7,winter,0.8900000000000006,0.8200000000000003,672.0,-66.47,-58.36
A80A,2023-08-18 00:00:00+00:00,-66.47,-58.36,-67.36,-59.18,672.0,0.15657885299408542,20.24029963653595,0.0,0.0,0.0,8,winter,0.0,0.0,168.0,-66.47,-58.36
A80A,2023-08-25 00:00:00+00:00,-66.47,-58.36,-66.47,-58.36,168.0,0.0,0.0,28.779461826555668,0.1713063203961647,81.40292049666436,8,winter,0.03999999999999204,0.6400000000000006,168.0,-66.43,-57.72
A80A,2023-09-01 00:00:00+00:00,-66.43,-57.72,-66.47,-58.36,168.0,0.1713063203961647,81.40292049666436,21.913223097055113,0.1304358517681852,307.33253332646296,9,spring,0.12000000000000455,-0.39000000000000057,168.0,-66.31,-58.11
A80A,2023-09-08 00:00:00+00:00,-66.31,-58.11,-66.43,-57.72,168.0,0.1304358517681852,307.33253332646296,12.264178334324493,0.07300106151383627,4.1964305959132275,9,spring,0.10999999999999943,0.01999999999999602,168.0,-66.2,-58.09
A80A,2023-09-15 00:00:00+00:00,-66.2,-58.09,-66.31,-58.11,168.0,0.07300106151383627,4.1964305959132275,16.085406066501506,0.09574646468155658,345.37709228435006,9,spring,0.14000000000000057,-0.0899999999999963,168.0,-66.06,-58.18
A80A,2023-09-22 00:00:00+00:00,-66.06,-58.18,-66.2,-58.09,168.0,0.09574646468155658,345.37709228435006,5.7300062067344415,0.029843782326741883,320.88002301964485,9,spring,0.04000000000000625,-0.0799999999999983,192.0,-66.02,-58.26
A80A,2023-09-30 00:00:00+00:00,-66.02,-58.26,-66.06,-58.18,192.0,0.029843782326741883,320.88002301964485,49.98814625175295,0.06125998315165803,17.10771870305905,9,spring,0.4299999999999926,0.3200000000000003,816.0,-65.59,-57.94
A80A,2023-11-03 00:00:00+00:00,-65.59,-57.94,-66.02,-58.26,816.0,0.06125998315165803,17.10771870305905,22.49904587048954,0.1562433741006218,110.44940771206092,11,spring,-0.06999999999999318,0.46000000000000085,144.0,-65.66,-57.48
A80A,2023-11-09 00:00:00+00:00,-65.66,-57.48,-65.59,-57.94,144.0,0.1562433741006218,110.44940771206092,0.0,0.0,0.0,11,spring,0.0,0.0,192.0,-65.66,-57.48
A80A,2023-11-17 00:00:00+00:00,-65.66,-57.48,-65.66,-57.48,192.0,0.0,0.0,24.674755295775352,0.14687354342723424,100.62610711198863,11,spring,-0.04000000000000625,0.529999999999994,168.0,-65.7,-56.95
A80A,2023-11-24 00:00:00+00:00,-65.7,-56.95,-65.66,-57.48,168.0,0.14687354342723424,100.62610711198863,36.903595131457024,0.10983212836743161,330.7257238475728,11,spring,0.29000000000000625,-0.39000000000000057,336.0,-65.41,-57.34
A80A,2023-12-08 00:00:00+00:00,-65.41,-57.34,-65.7,-56.95,336.0,0.10983212836743161,330.7257238475728,13.882885439633016,0.08263622285495843,50.256132755393764,12,summer,0.0799999999999983,0.23000000000000398,168.0,-65.33,-57.11
A80A,2023-12-15 00:00:00+00:00,-65.33,-57.11,-65.41,-57.34,168.0,0.08263622285495843,50.256132755393764,5.248740920938138,0.03644958972873707,32.09698606030457,12,summer,0.03999999999999204,0.060000000000002274,144.0,-65.29,-57.05
A80D,2023-03-31 00:00:00+00:00,-71.62,-59.65,-72.19,-59.34,840.0,0.07652235899737693,350.26475015007617,4.781492376977171,0.02846126414867364,21.555996834129758,3,autumn,0.04000000000000625,0.04999999999999716,168.0,-71.58,-59.6
A80D,2023-04-07 00:00:00+00:00,-71.58,-59.6,-71.62,-59.65,168.0,0.02846126414867364,21.555996834129758,52.53319073253944,0.3126975638841633,354.1000253210006,4,autumn,0.46999999999999886,-0.14999999999999858,168.0,-71.11,-59.75
A80D,2023-04-14 00:00:00+00:00,-71.11,-59.75,-71.58,-59.6,168.0,0.3126975638841633,354.1000253210006,16.81957779400376,0.10011653448811761,7.435072536807979,4,autumn,0.15000000000000568,0.060000000000002274,168.0,-70.96,-59.69
A80D,2023-04-21 00:00:00+00:00,-70.96,-59.69,-71.11,-59.75,168.0,0.10011653448811761,7.435072536807979,47.84895387160598,0.28481520161670226,2.2195779164898113,4,autumn,0.4299999999999926,0.04999999999999716,168.0,-70.53,-59.64
A80D,2023-04-28 00:00:00+00:00,-70.53,-59.64,-70.96,-59.69,168.0,0.28481520161670226,2.2195779164898113,24.643852498686243,0.14668959820646574,353.0143418272192,4,autumn,0.21999999999999886,-0.0799999999999983,168.0,-70.31,-59.72
A80D,2023-05-05 00:00:00+00:00,-70.31,-59.72,-70.53,-59.64,168.0,0.14668959820646574,353.0143418272192,107.85976023997569,0.6420223823808077,0.20841315968465324,5,autumn,0.9699999999999989,0.00999999999999801,168.0,-69.34,-59.71
A80D,2023-05-12 00:00:00+00:00,-69.34,-59.71,-70.31,-59.72,168.0,0.6420223823808077,0.20841315968465324,127.73051772610279,0.15653249721336127,7.243778190119258,5,autumn,1.1400000000000006,0.39000000000000057,816.0,-68.2,-59.32
A80D,2023-06-15 00:00:00+00:00,-68.2,-59.32,-69.34,-59.71,816.0,0.15653249721336127,7.243778190119258,91.30957204512472,0.4755706877350246,182.99929712352207,6,winter,-0.8199999999999932,-0.11999999999999744,192.0,-69.02,-59.44
A80D,2023-06-23 00:00:00+00:00,-69.02,-59.44,-68.2,-59.32,192.0,0.4755706877350246,182.99929712352207,104.6188488614291,4.359118702559546,2.5016072291342653,6,winter,0.9399999999999977,0.10999999999999943,24.0,-68.08,-59.33
A80D,2023-06-24 00:00:00+00:00,-68.08,-59.33,-69.02,-59.44,24.0,4.359118702559546,2.5016072291342653,58.6923901275724,0.4075860425525861,9.9950958156399,6,winter,0.519999999999996,0.23999999999999488,144.0,-67.56,-59.09
A80D,2023-06-30 00:00:00+00:00,-67.56,-59.09,-68.08,-59.33,144.0,0.4075860425525861,9.9950958156399,3.9544284126551164,0.02353826436104236,327.4962193470499,6,winter,0.030000000000001137,-0.04999999999999716,168.0,-67.53,-59.14
A80D,2023-07-07 00:00:00+00:00,-67.53,-59.14,-67.56,-59.09,168.0,0.02353826436104236,327.4962193470499,6.891516673464087,0.041020932580143374,80.7886429727788,7,winter,0.010000000000005116,0.1600000000000037,168.0,-67.52,-58.98
A80D,2023-07-14 00:00:00+00:00,-67.52,-58.98,-67.53,-59.14,168.0,0.041020932580143374,80.7886429727788,0.0,0.0,0.0,7,winter,0.0,0.0,168.0,-67.52,-58.98
A80D,2023-07-21 00:00:00+00:00,-67.52,-58.98,-67.52,-58.98,168.0,0.0,0.0,105.89247768396167,0.15757809179160964,21.24666822258007,7,winter,0.8900000000000006,0.8699999999999974,672.0,-66.63,-58.11
A80D,2023-08-18 00:00:00+00:00,-66.63,-58.11,-67.52,-58.98,672.0,0.15757809179160964,21.24666822258007,0.0,0.0,0.0,8,winter,0.0,0.0,168.0,-66.63,-58.11
A80D,2023-08-25 00:00:00+00:00,-66.63,-58.11,-66.63,-58.11,168.0,0.0,0.0,34.146379002322256,0.20325225596620392,84.74718242533083,8,winter,0.030000000000001137,0.769999999999996,168.0,-66.6,-57.34
A80D,2023-09-01 00:00:00+00:00,-66.6,-57.34,-66.63,-58.11,168.0,0.20325225596620392,84.74718242533083,50.734965351744954,0.30199384137943425,333.7431702651608,9,spring,0.4099999999999966,-0.5,168.0,-66.19,-57.84
A80D,2023-09-08 00:00:00+00:00,-66.19,-57.84,-66.6,-57.34,168.0,0.30199384137943425,333.7431702651608,11.150246156141721,0.06637051283417691,142.98848903388557,9,spring,-0.0799999999999983,0.15000000000000568,168.0,-66.27,-57.69
A80D,2023-09-15 00:00:00+00:00,-66.27,-57.69,-66.19,-57.84,168.0,0.06637051283417691,142.98848903388557,16.201094863234946,0.09643508847163658,343.8747955364759,9,spring,0.14000000000000057,-0.10000000000000142,168.0,-66.13,-57.79
A80D,2023-09-22 00:00:00+00:00,-66.13,-57.79,-66.27,-57.69,168.0,0.09643508847163658,343.8747955364759,5.2485422759292035,0.02733615768713127,309.4215626115026,9,spring,0.030000000000001137,-0.09000000000000341,192.0,-66.1,-57.88
A80D,2023-09-30 00:00:00+00:00,-66.1,-57.88,-66.13,-57.79,192.0,0.02733615768713127,309.4215626115026,65.74263628049538,0.08056695622609727,11.317394132021434,9,spring,0.5799999999999983,0.28000000000000114,816.0,-65.52,-57.6
A80D,2023-11-03 00:00:00+00:00,-65.52,-57.6,-66.1,-57.88,816.0,0.08056695622609727,11.317394132021434,30.222919673609418,0.2098813866222876,109.61898739089827,11,spring,-0.09000000000000341,0.6200000000000045,144.0,-65.61,-56.98
A80D,2023-11-09 00:00:00+00:00,-65.61,-56.98,-65.52,-57.6,144.0,0.2098813866222876,109.61898739089827,0.0,0.0,0.0,11,spring,0.0,0.0,192.0,-65.61,-56.98
A80D,2023-11-17 00:00:00+00:00,-65.61,-56.98,-65.61,-56.98,192.0,0.0,0.0,11.69712421266701,0.06962573936111316,79.15386710592833,11,spring,0.01999999999999602,0.25,168.0,-65.59,-56.73
A80D,2023-11-24 00:00:00+00:00,-65.59,-56.73,-65.61,-56.98,168.0,0.06962573936111316,79.15386710592833,43.5657264646894,0.12965990019252796,5.529234565915772,11,spring,0.39000000000000057,0.0899999999999963,336.0,-65.2,-56.64
A80D,2023-12-08 00:00:00+00:00,-65.2,-56.64,-65.59,-56.73,336.0,0.12965990019252796,5.529234565915772,26.79124947489499,0.15947172306485113,63.06719413082726,12,summer,0.10999999999999943,0.509999999999998,168.0,-65.09,-56.13
A80D,2023-12-15 00:00:00+00:00,-65.09,-56.13,-65.2,-56.64,168.0,0.15947172306485113,63.06719413082726,18.400898371775465,0.12778401647066295,14.836016006529746,12,summer,0.1599999999999966,0.10000000000000142,144.0,-64.93,-56.03
B09B,2022-01-14 00:00:00+00:00,-66.24,143.47,-66.24,143.41,168.0,0.016000410660368385,90.02745723558354,2.268611502213724,0.013503639894129308,348.6010556959849,1,summer,0.01999999999999602,-0.009999999999990905,168.0,-66.22,143.46
B09B,2022-01-21 00:00:00+00:00,-66.22,143.46,-66.24,143.47,168.0,0.013503639894129308,348.6010556959849,0.0,0.0,0.0,1,summer,0.0,0.0,168.0,-66.22,143.46
B09B,2022-01-28 00:00:00+00:00,-66.22,143.46,-66.22,143.46,168.0,0.0,0.0,0.44836673278768335,0.0026688495999266865,269.99542449763265,1,summer,0.0,-0.010000000000019327,168.0,-66.22,143.45
B09B,2022-02-04 00:00:00+00:00,-66.22,143.45,-66.22,143.46,168.0,0.0026688495999266865,269.99542449763265,0.4483667327864091,0.002668849599919102,269.99542449763265,2,summer,0.0,-0.009999999999990905,168.0,-66.22,143.44
B09B,2022-02-11 00:00:00+00:00,-66.22,143.44,-66.22,143.45,168.0,0.002668849599919102,269.99542449763265,1.1119492664461563,0.006618745633608074,0.0,2,summer,0.010000000000005116,0.0,168.0,-66.21,143.44
B09B,2022-02-18 00:00:00+00:00,-66.21,143.44,-66.22,143.44,168.0,0.006618745633608074,0.0,3.1577748123341167,0.0037592557289691866,134.79276727576502,2,summer,-0.020000000000010232,0.05000000000001137,840.0,-66.23,143.49
B09B,2022-03-25 00:00:00+00:00,-66.23,143.49,-66.21,143.44,840.0,0.0037592557289691866,134.79276727576502,4.0194138160441835,0.023925082238358236,326.0690646172208,3,autumn,0.030000000000001137,-0.05000000000001137,168.0,-66.2,143.44
B09B,2022-04-01 00:00:00+00:00,-66.2,143.44,-66.23,143.49,168.0,0.023925082238358236,326.0690646172208,0.0,0.0,0.0,4,autumn,0.0,0.0,168.0,-66.2,143.44
B09B,2022-04-08 00:00:00+00:00,-66.2,143.44,-66.2,143.44,168.0,0.0,0.0,0.8974437886993754,0.005341927313686758,269.9908504033063,4,autumn,0.0,-0.020000000000010232,168.0,-66.2,143.42
B09B,2022-04-15 00:00:00+00:00,-66.2,143.42,-66.2,143.44,168.0,0.005341927313686758,269.9908504033063,0.0,0.0,0.0,4,autumn,0.0,0.0,168.0,-66.2,143.42
B09B,2022-04-22 00:00:00+00:00,-66.2,143.42,-66.2,143.42,168.0,0.0,0.0,0.0,0.0,0.0,4,autumn,0.0,0.0,168.0,-66.2,143.42
B09B,2022-04-29 00:00:00+00:00,-66.2,143.42,-66.2,143.42,168.0,0.0,0.0,0.0,0.0,0.0,4,autumn,0.0,0.0,168.0,-66.2,143.42
B09B,2022-05-06 00:00:00+00:00,-66.2,143.42,-66.2,143.42,168.0,0.0,0.0,1.1990424639186574,0.0014274315046650685,201.9677984288757,5,autumn,-0.009999999999990905,-0.009999999999990905,840.0,-66.21,143.41
B09B,2022-06-10 00:00:00+00:00,-66.21,143.41,-66.2,143.42,840.0,0.0014274315046650685,201.9677984288757,1.1990424639186574,0.007137157523325342,21.976948377712517,6,winter,0.009999999999990905,0.009999999999990905,168.0,-66.2,143.42
B09B,2022-06-17 00:00:00+00:00,-66.2,143.42,-66.21,143.41,168.0,0.007137157523325342,21.976948377712517,0.0,0.0,0.0,6,winter,0.0,0.0,168.0,-66.2,143.42
B09B,2022-06-24 00:00:00+00:00,-66.2,143.42,-66.2,143.42,168.0,0.0,0.0,0.0,0.0,0.0,6,winter,0.0,0.0,168.0,-66.2,143.42
B09B,2022-07-01 00:00:00+00:00,-66.2,143.42,-66.2,143.42,168.0,0.0,0.0,0.0,0.0,0.0,7,winter,0.0,0.0,168.0,-66.2,143.42
B09B,2022-07-08 00:00:00+00:00,-66.2,143.42,-66.2,143.42,168.0,0.0,0.0,0.0,0.0,0.0,7,winter,0.0,0.0,168.0,-66.2,143.42
B09B,2022-07-15 00:00:00+00:00,-66.2,143.42,-66.2,143.42,168.0,0.0,0.0,3.75872511463333,0.022373363777579345,72.82919698256165,7,winter,0.010000000000005116,0.0800000000000125,168.0,-66.19,143.5
B09B,2022-07-22 00:00:00+00:00,-66.19,143.5,-66.2,143.42,168.0,0.022373363777579345,72.82919698256165,4.6238002294486495,0.006880655103346204,256.0391597394387,7,winter,-0.010000000000005116,-0.09999999999999432,672.0,-66.2,143.4
B09B,2022-08-19 00:00:00+00:00,-66.2,143.4,-66.19,143.5,672.0,0.006880655103346204,256.0391597394387,0.0,0.0,0.0,8,winter,0.0,0.0,168.0,-66.2,143.4
B09B,2022-08-26 00:00:00+00:00,-66.2,143.4,-66.2,143.4,168.0,0.0,0.0,0.0,0.0,0.0,8,winter,0.0,0.0,168.0,-66.2,143.4
B09B,2022-09-02 00:00:00+00:00,-66.2,143.4,-66.2,143.4,168.0,0.0,0.0,0.0,0.0,0.0,9,spring,0.0,0.0,168.0,-66.2,143.4
B09B,2022-09-09 00:00:00+00:00,-66.2,143.4,-66.2,143.4,168.0,0.0,0.0,0.0,0.0,0.0,9,spring,0.0,0.0,168.0,-66.2,143.4
B09B,2022-09-16 00:00:00+00:00,-66.2,143.4,-66.2,143.4,168.0,0.0,0.0,0.0,0.0,0.0,9,spring,0.0,0.0,168.0,-66.2,143.4
B09B,2022-09-23 00:00:00+00:00,-66.2,143.4,-66.2,143.4,168.0,0.0,0.0,0.0,0.0,0.0,9,spring,0.0,0.0,840.0,-66.2,143.4
B09B,2022-10-28 00:00:00+00:00,-66.2,143.4,-66.2,143.4,840.0,0.0,0.0,0.0,0.0,0.0,10,spring,0.0,0.0,168.0,-66.2,143.4
B09B,2022-11-04 00:00:00+00:00,-66.2,143.4,-66.2,143.4,168.0,0.0,0.0,0.0,0.0,0.0,11,spring,0.0,0.0,168.0,-66.2,143.4
B09B,2022-11-11 00:00:00+00:00,-66.2,143.4,-66.2,143.4,168.0,0.0,0.0,0.0,0.0,0.0,11,spring,0.0,0.0,168.0,-66.2,143.4
B09B,2022-11-18 00:00:00+00:00,-66.2,143.4,-66.2,143.4,168.0,0.0,0.0,0.0,0.0,0.0,11,spring,0.0,0.0,168.0,-66.2,143.4
B09B,2022-11-25 00:00:00+00:00,-66.2,143.4,-66.2,143.4,168.0,0.0,0.0,0.0,0.0,0.0,11,spring,0.0,0.0,168.0,-66.2,143.4
B09B,2022-12-02 00:00:00+00:00,-66.2,143.4,-66.2,143.4,168.0,0.0,0.0,0.0,0.0,0.0,12,summer,0.0,0.0,168.0,-66.2,143.4
B09B,2022-12-09 00:00:00+00:00,-66.2,143.4,-66.2,143.4,168.0,0.0,0.0,1.4290399683489527,0.001701238057558277,38.921362553572465,12,summer,0.010000000000005116,0.01999999999998181,840.0,-66.19,143.42
B09B,2023-01-13 00:00:00+00:00,-66.19,143.42,-66.2,143.4,840.0,0.001701238057558277,38.921362553572465,1.111949266444576,0.006618745633598667,0.0,1,summer,0.009999999999990905,0.0,168.0,-66.18,143.42
B09B,2023-01-20 00:00:00+00:00,-66.18,143.42,-66.19,143.42,168.0,0.006618745633598667,0.0,3.159666382032664,0.018807537988289665,134.75874566482491,1,summer,-0.01999999999999602,0.05000000000001137,168.0,-66.2,143.47
B09B,2023-01-27 00:00:00+00:00,-66.2,143.47,-66.18,143.42,168.0,0.018807537988289665,134.75874566482491,3.7885783812296596,0.022551061793033688,331.68457851186497,1,summer,0.030000000000001137,-0.03999999999999204,168.0,-66.17,143.43
B09B,2023-02-03 00:00:00+00:00,-66.17,143.43,-66.2,143.47,168.0,0.022551061793033688,331.68457851186497,1.199241866372415,0.007138344442692946,201.99139983189906,2,summer,-0.010000000000005116,-0.010000000000019327,168.0,-66.18,143.42
B09B,2023-02-10 00:00:00+00:00,-66.18,143.42,-66.17,143.43,168.0,0.007138344442692946,201.99139983189906,0.0,0.0,0.0,2,summer,0.0,0.0,168.0,-66.18,143.42
B09B,2023-02-17 00:00:00+00:00,-66.18,143.42,-66.18,143.42,168.0,0.0,0.0,0.8981540053331966,0.00534615479364998,90.00914818749084,2,summer,0.0,0.020000000000010232,168.0,-66.18,143.44
B09B,2023-02-24 00:00:00+00:00,-66.18,143.44,-66.18,143.42,168.0,0.00534615479364998,90.00914818749084,1.1992418663719366,0.0014276688885380198,337.99945233311325,2,summer,0.010000000000005116,-0.009999999999990905,840.0,-66.17,143.43
B09B,2023-03-31 00:00:00+00:00,-66.17,143.43,-66.18,143.44,840.0,0.0014276688885380198,337.99945233311325,0.0,0.0,0.0,3,autumn,0.0,0.0,168.0,-66.17,143.43
B09B,2023-04-07 00:00:00+00:00,-66.17,143.43,-66.17,143.43,168.0,0.0,0.0,0.4492545377390161,0.002674134153208429,90.00457374120765,4,autumn,0.0,0.009999999999990905,168.0,-66.17,143.44
B09B,2023-04-14 00:00:00+00:00,-66.17,143.44,-66.17,143.43,168.0,0.002674134153208429,90.00457374120765,0.0,0.0,0.0,4,autumn,0.0,0.0,168.0,-66.17,143.44
B09B,2023-04-21 00:00:00+00:00,-66.17,143.44,-66.17,143.44,168.0,0.0,0.0,0.0,0.0,0.0,4,autumn,0.0,0.0,168.0,-66.17,143.44
B09B,2023-04-28 00:00:00+00:00,-66.17,143.44,-66.17,143.44,168.0,0.0,0.0,0.0,0.0,0.0,4,autumn,0.0,0.0,168.0,-66.17,143.44
B09B,2023-05-05 00:00:00+00:00,-66.17,143.44,-66.17,143.44,168.0,0.0,0.0,0.0,0.0,0.0,5,autumn,0.0,0.0,168.0,-66.17,143.44
B09B,2023-05-12 00:00:00+00:00,-66.17,143.44,-66.17,143.44,168.0,0.0,0.0,0.0,0.0,0.0,5,autumn,0.0,0.0,816.0,-66.17,143.44
B09B,2023-06-15 00:00:00+00:00,-66.17,143.44,-66.17,143.44,816.0,0.0,0.0,0.0,0.0,0.0,6,winter,0.0,0.0,192.0,-66.17,143.44
B09B,2023-06-23 00:00:00+00:00,-66.17,143.44,-66.17,143.44,192.0,0.0,0.0,0.0,0.0,0.0,6,winter,0.0,0.0,24.0,-66.17,143.44
B09B,2023-06-24 00:00:00+00:00,-66.17,143.44,-66.17,143.44,24.0,0.0,0.0,0.8985090726165132,0.0062396463376146755,269.99085251750375,6,winter,0.0,-0.020000000000010232,144.0,-66.17,143.42
B09B,2023-06-30 00:00:00+00:00,-66.17,143.42,-66.17,143.44,144.0,0.0062396463376146755,269.99085251750375,0.0,0.0,0.0,6,winter,0.0,0.0,168.0,-66.17,143.42
B09B,2023-07-07 00:00:00+00:00,-66.17,143.42,-66.17,143.42,168.0,0.0,0.0,0.0,0.0,0.0,7,winter,0.0,0.0,168.0,-66.17,143.42
B09B,2023-07-14 00:00:00+00:00,-66.17,143.42,-66.17,143.42,168.0,0.0,0.0,0.0,0.0,0.0,7,winter,0.0,0.0,168.0,-66.17,143.42
B09B,2023-07-21 00:00:00+00:00,-66.17,143.42,-66.17,143.42,168.0,0.0,0.0,0.44925453774029295,0.0006685335383040074,90.0045737412076,7,winter,0.0,0.010000000000019327,672.0,-66.17,143.43
B09B,2023-08-18 00:00:00+00:00,-66.17,143.43,-66.17,143.42,672.0,0.0006685335383040074,90.0045737412076,0.0,0.0,0.0,8,winter,0.0,0.0,168.0,-66.17,143.43
B09B,2023-08-25 00:00:00+00:00,-66.17,143.43,-66.17,143.43,168.0,0.0,0.0,0.0,0.0,0.0,8,winter,0.0,0.0,168.0,-66.17,143.43
B09B,2023-09-01 00:00:00+00:00,-66.17,143.43,-66.17,143.43,168.0,0.0,0.0,0.0,0.0,0.0,9,spring,0.0,0.0,168.0,-66.17,143.43
B09B,2023-09-08 00:00:00+00:00,-66.17,143.43,-66.17,143.43,168.0,0.0,0.0,0.0,0.0,0.0,9,spring,0.0,0.0,168.0,-66.17,143.43
B09B,2023-09-15 00:00:00+00:00,-66.17,143.43,-66.17,143.43,168.0,0.0,0.0,0.0,0.0,0.0,9,spring,0.0,0.0,168.0,-66.17,143.43
B09B,2023-09-22 00:00:00+00:00,-66.17,143.43,-66.17,143.43,168.0,0.0,0.0,0.0,0.0,0.0,9,spring,0.0,0.0,192.0,-66.17,143.43
B09B,2023-09-30 00:00:00+00:00,-66.17,143.43,-66.17,143.43,192.0,0.0,0.0,0.0,0.0,0.0,9,spring,0.0,0.0,816.0,-66.17,143.43
B09B,2023-11-03 00:00:00+00:00,-66.17,143.43,-66.17,143.43,816.0,0.0,0.0,0.0,0.0,0.0,11,spring,0.0,0.0,144.0,-66.17,143.43
B09B,2023-11-09 00:00:00+00:00,-66.17,143.43,-66.17,143.43,144.0,0.0,0.0,0.0,0.0,0.0,11,spring,0.0,0.0,192.0,-66.17,143.43
B09B,2023-11-17 00:00:00+00:00,-66.17,143.43,-66.17,143.43,192.0,0.0,0.0,0.0,0.0,0.0,11,spring,0.0,0.0,168.0,-66.17,143.43
B09B,2023-11-24 00:00:00+00:00,-66.17,143.43,-66.17,143.43,168.0,0.0,0.0,0.0,0.0,0.0,11,spring,0.0,0.0,336.0,-66.17,143.43
B09B,2023-12-08 00:00:00+00:00,-66.17,143.43,-66.17,143.43,336.0,0.0,0.0,0.0,0.0,0.0,12,summer,0.0,0.0,168.0,-66.17,143.43
B09B,2023-12-15 00:00:00+00:00,-66.17,143.43,-66.17,143.43,168.0,0.0,0.0,0.0,0.0,0.0,12,summer,0.0,0.0,144.0,-66.17,143.43
B09G,2022-01-14 00:00:00+00:00,-68.19,41.82,-68.19,41.82,168.0,0.0,0.0,0.0,0.0,0.0,1,summer,0.0,0.0,168.0,-68.19,41.82
B09G,2022-01-21 00:00:00+00:00,-68.19,41.82,-68.19,41.82,168.0,0.0,0.0,0.0,0.0,0.0,1,summer,0.0,0.0,168.0,-68.19,41.82
B09G,2022-01-28 00:00:00+00:00,-68.19,41.82,-68.19,41.82,168.0,0.0,0.0,0.0,0.0,0.0,1,summer,0.0,0.0,168.0,-68.19,41.82
B09G,2022-02-04 00:00:00+00:00,-68.19,41.82,-68.19,41.82,168.0,0.0,0.0,0.0,0.0,0.0,2,summer,0.0,0.0,168.0,-68.19,41.82
B09G,2022-02-11 00:00:00+00:00,-68.19,41.82,-68.19,41.82,168.0,0.0,0.0,0.0,0.0,0.0,2,summer,0.0,0.0,168.0,-68.19,41.82
B09G,2022-02-18 00:00:00+00:00,-68.19,41.82,-68.19,41.82,168.0,0.0,0.0,0.8262447542003917,0.0009836247073814186,269.9907157900109,2,summer,0.0,-0.020000000000003126,840.0,-68.19,41.8
B09G,2022-03-25 00:00:00+00:00,-68.19,41.8,-68.19,41.82,840.0,0.0009836247073814186,269.9907157900109,0.0,0.0,0.0,3,autumn,0.0,0.0,168.0,-68.19,41.8
B09G,2022-04-01 00:00:00+00:00,-68.19,41.8,-68.19,41.8,168.0,0.0,0.0,1.111949266444576,0.006618745633598667,0.0,4,autumn,0.009999999999990905,0.0,168.0,-68.18,41.8
B09G,2022-04-08 00:00:00+00:00,-68.18,41.8,-68.19,41.8,168.0,0.006618745633598667,0.0,3.3613205936458206,0.020007860676463218,187.05358610949713,4,autumn,-0.029999999999986926,-0.00999999999999801,168.0,-68.21,41.79
B09G,2022-04-15 00:00:00+00:00,-68.21,41.79,-68.18,41.8,168.0,0.020007860676463218,187.05358610949713,0.0,0.0,0.0,4,autumn,0.0,0.0,168.0,-68.21,41.79
B09G,2022-04-22 00:00:00+00:00,-68.21,41.79,-68.21,41.79,168.0,0.0,0.0,0.41276199270439173,0.002456916623240427,269.9953572468737,4,autumn,0.0,-0.00999999999999801,168.0,-68.21,41.78
B09G,2022-04-29 00:00:00+00:00,-68.21,41.78,-68.21,41.79,168.0,0.002456916623240427,269.9953572468737,0.0,0.0,0.0,4,autumn,0.0,0.0,168.0,-68.21,41.78
B09G,2022-05-06 00:00:00+00:00,-68.21,41.78,-68.21,41.78,168.0,0.0,0.0,7.638575377708579,0.009093542116319738,29.183104290291965,5,autumn,0.05999999999998806,0.0899999999999963,840.0,-68.15,41.87
B09G,2022-06-10 00:00:00+00:00,-68.15,41.87,-68.21,41.78,840.0,0.009093542116319738,29.183104290291965,0.0,0.0,0.0,6,winter,0.0,0.0,168.0,-68.15,41.87
B09G,2022-06-17 00:00:00+00:00,-68.15,41.87,-68.15,41.87,168.0,0.0,0.0,0.0,0.0,0.0,6,winter,0.0,0.0,168.0,-68.15,41.87
B09G,2022-06-24 00:00:00+00:00,-68.15,41.87,-68.15,41.87,168.0,0.0,0.0,0.0,0.0,0.0,6,winter,0.0,0.0,168.0,-68.15,41.87
B09G,2022-07-01 00:00:00+00:00,-68.15,41.87,-68.15,41.87,168.0,0.0,0.0,0.0,0.0,0.0,7,winter,0.0,0.0,168.0,-68.15,41.87
B09G,2022-07-08 00:00:00+00:00,-68.15,41.87,-68.15,41.87,168.0,0.0,0.0,0.0,0.0,0.0,7,winter,0.0,0.0,168.0,-68.15,41.87
B09G,2022-07-15 00:00:00+00:00,-68.15,41.87,-68.15,41.87,168.0,0.0,0.0,3.0370458844846726,0.018077654074313526,222.90084662895052,7,winter,-0.01999999999999602,-0.04999999999999716,168.0,-68.17,41.82
B09G,2022-07-22 00:00:00+00:00,-68.17,41.82,-68.15,41.87,168.0,0.018077654074313526,222.90084662895052,0.0,0.0,0.0,7,winter,0.0,0.0,672.0,-68.17,41.82
B09G,2022-08-19 00:00:00+00:00,-68.17,41.82,-68.17,41.82,672.0,0.0,0.0,0.0,0.0,0.0,8,winter,0.0,0.0,168.0,-68.17,41.82
B09G,2022-08-26 00:00:00+00:00,-68.17,41.82,-68.17,41.82,168.0,0.0,0.0,0.0,0.0,0.0,8,winter,0.0,0.0,168.0,-68.17,41.82
B09G,2022-09-02 00:00:00+00:00,-68.17,41.82,-68.17,41.82,168.0,0.0,0.0,1.38585747553549,0.008249151640092203,36.6537315678579,9,spring,0.010000000000005116,0.020000000000003126,168.0,-68.16,41.84
B09G,2022-09-09 00:00:00+00:00,-68.16,41.84,-68.17,41.82,168.0,0.008249151640092203,36.6537315678579,0.0,0.0,0.0,9,spring,0.0,0.0,168.0,-68.16,41.84
B09G,2022-09-16 00:00:00+00:00,-68.16,41.84,-68.16,41.84,168.0,0.0,0.0,0.0,0.0,0.0,9,spring,0.0,0.0,168.0,-68.16,41.84
B09G,2022-09-23 00:00:00+00:00,-68.16,41.84,-68.16,41.84,168.0,0.0,0.0,0.0,0.0,0.0,9,spring,0.0,0.0,840.0,-68.16,41.84
B09G,2022-10-28 00:00:00+00:00,-68.16,41.84,-68.16,41.84,840.0,0.0,0.0,0.0,0.0,0.0,10,spring,0.0,0.0,168.0,-68.16,41.84
B09G,2022-11-04 00:00:00+00:00,-68.16,41.84,-68.16,41.84,168.0,0.0,0.0,0.0,0.0,0.0,11,spring,0.0,0.0,168.0,-68.16,41.84
B09G,2022-11-11 00:00:00+00:00,-68.16,41.84,-68.16,41.84,168.0,0.0,0.0,0.0,0.0,0.0,11,spring,0.0,0.0,168.0,-68.16,41.84
B09G,2022-11-18 00:00:00+00:00,-68.16,41.84,-68.16,41.84,168.0,0.0,0.0,0.0,0.0,0.0,11,spring,0.0,0.0,168.0,-68.16,41.84
B09G,2022-11-25 00:00:00+00:00,-68.16,41.84,-68.16,41.84,168.0,0.0,0.0,0.0,0.0,0.0,11,spring,0.0,0.0,168.0,-68.16,41.84
B09G,2022-12-02 00:00:00+00:00,-68.16,41.84,-68.16,41.84,168.0,0.0,0.0,0.0,0.0,0.0,12,summer,0.0,0.0,168.0,-68.16,41.84
B09G,2022-12-09 00:00:00+00:00,-68.16,41.84,-68.16,41.84,168.0,0.0,0.0,0.0,0.0,0.0,12,summer,0.0,0.0,840.0,-68.16,41.84
B09G,2023-01-13 00:00:00+00:00,-68.16,41.84,-68.16,41.84,840.0,0.0,0.0,1.2409885772025304,0.007386836769062681,269.9860766049114,1,summer,0.0,-0.030000000000001137,168.0,-68.16,41.81
B09G,2023-01-20 00:00:00+00:00,-68.16,41.81,-68.16,41.84,168.0,0.007386836769062681,269.9860766049114,1.6664796634432704,0.009919521806209943,48.159181715654654,1,summer,0.009999999999990905,0.030000000000001137,168.0,-68.15,41.84
B09G,2023-01-27 00:00:00+00:00,-68.15,41.84,-68.16,41.81,168.0,0.009919521806209943,48.159181715654654,1.9938642805507827,0.01186823976518323,236.08555070881175,1,summer,-0.009999999999990905,-0.04000000000000625,168.0,-68.16,41.8
B09G,2023-02-03 00:00:00+00:00,-68.16,41.8,-68.15,41.84,168.0,0.01186823976518323,236.08555070881175,5.377616226939243,0.032009620398447874,90.0603347154863,2,summer,0.0,0.13000000000000256,168.0,-68.16,41.93
B09G,2023-02-10 00:00:00+00:00,-68.16,41.93,-68.16,41.8,168.0,0.032009620398447874,90.0603347154863,2.7714998326684936,0.01649702281350294,216.61990764642167,2,summer,-0.020000000000010232,-0.03999999999999915,168.0,-68.18,41.89
B09G,2023-02-17 00:00:00+00:00,-68.18,41.89,-68.16,41.93,168.0,0.01649702281350294,216.61990764642167,4.6176780048350485,0.027486178600208622,344.3963377344514,2,summer,0.04000000000000625,-0.030000000000001137,168.0,-68.14,41.86
B09G,2023-02-24 00:00:00+00:00,-68.14,41.86,-68.18,41.89,168.0,0.027486178600208622,344.3963377344514,5.642874796678341,0.0067177080912837394,233.70952448090867,2,summer,-0.030000000000001137,-0.10999999999999943,840.0,-68.17,41.75
B09G,2023-03-31 00:00:00+00:00,-68.17,41.75,-68.14,41.86,840.0,0.0067177080912837394,233.70952448090867,1.1863071411137034,0.0070613520304387105,159.61087004206013,3,autumn,-0.010000000000005116,0.00999999999999801,168.0,-68.18,41.76
B09G,2023-04-07 00:00:00+00:00,-68.18,41.76,-68.17,41.75,168.0,0.0070613520304387105,159.61087004206013,1.1863071411138058,0.00706135203043932,20.398413194975888,4,autumn,0.010000000000005116,0.010000000000005116,168.0,-68.17,41.77
B09G,2023-04-14 00:00:00+00:00,-68.17,41.77,-68.18,41.76,168.0,0.00706135203043932,20.398413194975888,1.666077171035378,0.009917126018067726,48.146781882741834,4,autumn,0.010000000000005116,0.02999999999999403,168.0,-68.16,41.8
B09G,2023-04-21 00:00:00+00:00,-68.16,41.8,-68.17,41.77,168.0,0.009917126018067726,48.146781882741834,1.9932662101955156,0.011864679822592355,236.07399832206883,4,autumn,-0.010000000000005116,-0.03999999999999915,168.0,-68.17,41.76
B09G,2023-04-28 00:00:00+00:00,-68.17,41.76,-68.16,41.8,168.0,0.011864679822592355,236.07399832206883,0.41348271386983343,0.00246120663017758,269.9953585437525,4,autumn,0.0,-0.00999999999999801,168.0,-68.17,41.75
B09G,2023-05-05 00:00:00+00:00,-68.17,41.75,-68.17,41.76,168.0,0.00246120663017758,269.9953585437525,2.37255148369907,0.014122330260113513,200.38041006946878,5,autumn,-0.01999999999999602,-0.020000000000003126,168.0,-68.19,41.73
B09G,2023-05-12 00:00:00+00:00,-68.19,41.73,-68.17,41.75,168.0,0.014122330260113513,200.38041006946878,1.1862443700633727,0.0014537308456658979,20.390256842653628,5,autumn,0.009999999999990905,0.010000000000005116,816.0,-68.18,41.74
B09G,2023-06-15 00:00:00+00:00,-68.18,41.74,-68.19,41.73,816.0,0.0014537308456658979,20.390256842653628,1.1862443700633727,0.006178356094080066,200.3809729569098,6,winter,-0.009999999999990905,-0.010000000000005116,192.0,-68.19,41.73
B09G,2023-06-23 00:00:00+00:00,-68.19,41.73,-68.18,41.74,192.0,0.006178356094080066,200.3809729569098,1.1862443700633727,0.04942684875264053,20.390256842653628,6,winter,0.009999999999990905,0.010000000000005116,24.0,-68.18,41.74
B09G,2023-06-24 00:00:00+00:00,-68.18,41.74,-68.19,41.73,24.0,0.04942684875264053,20.390256842653628,1.385427480637256,0.009621024171092056,216.61125248252102,6,winter,-0.009999999999990905,-0.020000000000003126,144.0,-68.19,41.72
B09G,2023-06-30 00:00:00+00:00,-68.19,41.72,-68.18,41.74,144.0,0.009621024171092056,216.61125248252102,0.0,0.0,0.0,6,winter,0.0,0.0,168.0,-68.19,41.72
B09G,2023-07-07 00:00:00+00:00,-68.19,41.72,-68.19,41.72,168.0,0.0,0.0,0.8262447542000984,0.004918123536905347,269.9907157900109,7,winter,0.0,-0.01999999999999602,168.0,-68.19,41.7
B09G,2023-07-14 00:00:00+00:00,-68.19,41.7,-68.19,41.72,168.0,0.004918123536905347,269.9907157900109,0.0,0.0,0.0,7,winter,0.0,0.0,168.0,-68.19,41.7
B09G,2023-07-21 00:00:00+00:00,-68.19,41.7,-68.19,41.7,168.0,0.0,0.0,0.8262447542000984,0.0012295308842263368,90.00928420998912,7,winter,0.0,0.01999999999999602,672.0,-68.19,41.72
B09G,2023-08-18 00:00:00+00:00,-68.19,41.72,-68.19,41.7,672.0,0.0012295308842263368,90.00928420998912,0.0,0.0,0.0,8,winter,0.0,0.0,168.0,-68.19,41.72
B09G,2023-08-25 00:00:00+00:00,-68.19,41.72,-68.19,41.72,168.0,0.0,0.0,0.8262447542000984,0.004918123536905347,269.9907157900109,8,winter,0.0,-0.01999999999999602,168.0,-68.19,41.7
B09G,2023-09-01 00:00:00+00:00,-68.19,41.7,-68.19,41.72,168.0,0.004918123536905347,269.9907157900109,1.239367124520558,0.007377185265003321,90.0139263150009,9,spring,0.0,0.02999999999999403,168.0,-68.19,41.73
B09G,2023-09-08 00:00:00+00:00,-68.19,41.73,-68.19,41.7,168.0,0.007377185265003321,90.0139263150009,0.0,0.0,0.0,9,spring,0.0,0.0,168.0,-68.19,41.73
B09G,2023-09-15 00:00:00+00:00,-68.19,41.73,-68.19,41.73,168.0,0.0,0.0,0.0,0.0,0.0,9,spring,0.0,0.0,168.0,-68.19,41.73
B09G,2023-09-22 00:00:00+00:00,-68.19,41.73,-68.19,41.73,168.0,0.0,0.0,0.0,0.0,0.0,9,spring,0.0,0.0,192.0,-68.19,41.73
B09G,2023-09-30 00:00:00+00:00,-68.19,41.73,-68.19,41.73,192.0,0.0,0.0,0.4131223784559669,0.0005062774245783907,269.9953578950089,9,spring,0.0,-0.00999999999999801,816.0,-68.19,41.72
B09G,2023-11-03 00:00:00+00:00,-68.19,41.72,-68.19,41.73,816.0,0.0005062774245783907,269.9953578950089,0.0,0.0,0.0,11,spring,0.0,0.0,144.0,-68.19,41.72
B09G,2023-11-09 00:00:00+00:00,-68.19,41.72,-68.19,41.72,144.0,0.0,0.0,0.0,0.0,0.0,11,spring,0.0,0.0,192.0,-68.19,41.72
B09G,2023-11-17 00:00:00+00:00,-68.19,41.72,-68.19,41.72,192.0,0.0,0.0,0.0,0.0,0.0,11,spring,0.0,0.0,168.0,-68.19,41.72
B09G,2023-11-24 00:00:00+00:00,-68.19,41.72,-68.19,41.72,168.0,0.0,0.0,0.0,0.0,0.0,11,spring,0.0,0.0,336.0,-68.19,41.72
B09G,2023-12-08 00:00:00+00:00,-68.19,41.72,-68.19,41.72,336.0,0.0,0.0,0.0,0.0,0.0,12,summer,0.0,0.0,168.0,-68.19,41.72
B09G,2023-12-15 00:00:00+00:00,-68.19,41.72,-68.19,41.72,168.0,0.0,0.0,0.4131223784559669,0.0028689054059442146,269.9953578950089,12,summer,0.0,-0.00999999999999801,144.0,-68.19,41.71
B09I,2022-01-14 00:00:00+00:00,-57.34,-29.43,-57.34,-29.37,168.0,0.02143094315640401,269.9747433672553,33.39764161238023,0.19879548578797754,58.009339194445886,1,summer,0.1600000000000037,0.46999999999999886,168.0,-57.18,-28.96
B09I,2022-01-21 00:00:00+00:00,-57.18,-28.96,-57.34,-29.43,168.0,0.19879548578797754,58.009339194445886,44.67975012308726,0.2659508935898051,354.52321397723335,1,summer,0.3999999999999986,-0.07000000000000028,168.0,-56.78,-29.03
B09I,2022-01-28 00:00:00+00:00,-56.78,-29.03,-57.18,-28.96,168.0,0.2659508935898051,354.52321397723335,23.56038521773388,0.1402403882007969,258.959306882276,1,summer,-0.03999999999999915,-0.379999999999999,168.0,-56.82,-29.41
B09I,2022-02-04 00:00:00+00:00,-56.82,-29.41,-56.78,-29.03,168.0,0.1402403882007969,258.959306882276,82.41001570060703,0.4905358077417085,315.25933923536536,2,summer,0.5300000000000011,-0.9400000000000013,168.0,-56.29,-30.35
B09I,2022-02-11 00:00:00+00:00,-56.29,-30.35,-56.82,-29.41,168.0,0.4905358077417085,315.25933923536536,64.7009973835461,0.3851249844258696,45.50888609859879,2,summer,0.4099999999999966,0.740000000000002,168.0,-55.88,-29.61
B09I,2022-02-18 00:00:00+00:00,-55.88,-29.61,-56.29,-30.35,168.0,0.3851249844258696,45.50888609859879,102.80790844292255,0.12239036719395542,18.07090919885144,2,summer,0.8800000000000026,0.5,840.0,-55.0,-29.11
B09I,2022-03-25 00:00:00+00:00,-55.0,-29.11,-55.88,-29.61,840.0,0.12239036719395542,18.07090919885144,272.1801497001797,0.32402398773830915,115.2194062209411,3,autumn,-0.9799999999999969,3.960000000000001,840.0,-55.98,-25.15
B09I,2022-04-29 00:00:00+00:00,-55.98,-25.15,-55.0,-29.11,840.0,0.32402398773830915,115.2194062209411,87.17017739242036,0.5188701035263117,146.33782744586875,4,autumn,-0.6500000000000057,0.7899999999999991,168.0,-56.63,-24.36
B09I,2022-05-06 00:00:00+00:00,-56.63,-24.36,-55.98,-25.15,168.0,0.5188701035263117,146.33782744586875,128.82376586814243,0.1533616260335029,113.1380033965853,5,autumn,-0.4399999999999977,1.9600000000000009,840.0,-57.07,-22.4
B09I,2022-06-10 00:00:00+00:00,-57.07,-22.4,-56.63,-24.36,840.0,0.1533616260335029,113.1380033965853,31.187742678819284,0.1856413254691624,356.64149929099125,6,winter,0.28000000000000114,-0.030000000000001137,168.0,-56.79,-22.43
B09I,2022-06-17 00:00:00+00:00,-56.79,-22.43,-57.07,-22.4,168.0,0.1856413254691624,356.64149929099125,68.45926841142746,0.4074956453061158,346.94106229678187,6,winter,0.6000000000000014,-0.25,168.0,-56.19,-22.68
B15AB,2022-01-14 00:00:00+00:00,-66.08,50.59,-66.08,50.59,168.0,0.0,0.0,0.0,0.0,0.0,1,summer,0.0,0.0,168.0,-66.08,50.59
B15AB,2022-01-21 00:00:00+00:00,-66.08,50.59,-66.08,50.59,168.0,0.0,0.0,0.0,0.0,0.0,1,summer,0.0,0.0,168.0,-66.08,50.59
B15AB,2022-01-28 00:00:00+00:00,-66.08,50.59,-66.08,50.59,168.0,0.0,0.0,0.0,0.0,0.0,1,summer,0.0,0.0,168.0,-66.08,50.59
B15AB,2022-02-04 00:00:00+00:00,-66.08,50.59,-66.08,50.59,168.0,0.0,0.0,0.0,0.0,0.0,2,summer,0.0,0.0,168.0,-66.08,50.59
B15AB,2022-02-11 00:00:00+00:00,-66.08,50.59,-66.08,50.59,168.0,0.0,0.0,0.0,0.0,0.0,2,summer,0.0,0.0,168.0,-66.08,50.59
B15AB,2022-02-18 00:00:00+00:00,-66.08,50.59,-66.08,50.59,168.0,0.0,0.0,0.0,0.0,0.0,2,summer,0.0,0.0,840.0,-66.08,50.59
B15AB,2022-03-25 00:00:00+00:00,-66.08,50.59,-66.08,50.59,840.0,0.0,0.0,0.0,0.0,0.0,3,autumn,0.0,0.0,168.0,-66.08,50.59
B15AB,2022-04-01 00:00:00+00:00,-66.08,50.59,-66.08,50.59,168.0,0.0,0.0,0.0,0.0,0.0,4,autumn,0.0,0.0,168.0,-66.08,50.59
B15AB,2022-04-08 00:00:00+00:00,-66.08,50.59,-66.08,50.59,168.0,0.0,0.0,0.0,0.0,0.0,4,autumn,0.0,0.0,168.0,-66.08,50.59
B15AB,2022-04-15 00:00:00+00:00,-66.08,50.59,-66.08,50.59,168.0,0.0,0.0,0.0,0.0,0.0,4,autumn,0.0,0.0,168.0,-66.08,50.59
B15AB,2022-04-22 00:00:00+00:00,-66.08,50.59,-66.08,50.59,168.0,0.0,0.0,0.0,0.0,0.0,4,autumn,0.0,0.0,168.0,-66.08,50.59
B15AB,2022-04-29 00:00:00+00:00,-66.08,50.59,-66.08,50.59,168.0,0.0,0.0,0.0,0.0,0.0,4,autumn,0.0,0.0,168.0,-66.08,50.59
B15AB,2022-05-06 00:00:00+00:00,-66.08,50.59,-66.08,50.59,168.0,0.0,0.0,0.4508517240401386,0.000536728242904927,90.00457056239497,5,autumn,0.0,0.00999999999999801,840.0,-66.08,50.6
B15AB,2022-06-10 00:00:00+00:00,-66.08,50.6,-66.08,50.59,840.0,0.000536728242904927,90.00457056239497,0.0,0.0,0.0,6,winter,0.0,0.0,168.0,-66.08,50.6
B15AB,2022-06-17 00:00:00+00:00,-66.08,50.6,-66.08,50.6,168.0,0.0,0.0,0.0,0.0,0.0,6,winter,0.0,0.0,168.0,-66.08,50.6
B15AB,2022-06-24 00:00:00+00:00,-66.08,50.6,-66.08,50.6,168.0,0.0,0.0,0.0,0.0,0.0,6,winter,0.0,0.0,168.0,-66.08,50.6
B15AB,2022-07-01 00:00:00+00:00,-66.08,50.6,-66.08,50.6,168.0,0.0,0.0,0.0,0.0,0.0,7,winter,0.0,0.0,168.0,-66.08,50.6
B15AB,2022-07-08 00:00:00+00:00,-66.08,50.6,-66.08,50.6,168.0,0.0,0.0,0.0,0.0,0.0,7,winter,0.0,0.0,168.0,-66.08,50.6
B15AB,2022-07-15 00:00:00+00:00,-66.08,50.6,-66.08,50.6,168.0,0.0,0.0,3.1672393780515877,0.018852615345545165,314.5774419953337,7,winter,0.01999999999999602,-0.05000000000000426,168.0,-66.06,50.55
B15AB,2022-07-22 00:00:00+00:00,-66.06,50.55,-66.08,50.6,168.0,0.018852615345545165,314.5774419953337,2.863662048221518,0.004261401857472497,140.96791683029767,7,winter,-0.01999999999999602,0.04000000000000625,672.0,-66.08,50.59
B15AB,2022-08-19 00:00:00+00:00,-66.08,50.59,-66.06,50.55,672.0,0.004261401857472497,140.96791683029767,0.0,0.0,0.0,8,winter,0.0,0.0,168.0,-66.08,50.59
B15AB,2022-08-26 00:00:00+00:00,-66.08,50.59,-66.08,50.59,168.0,0.0,0.0,0.0,0.0,0.0,8,winter,0.0,0.0,168.0,-66.08,50.59
B15AB,2022-09-02 00:00:00+00:00,-66.08,50.59,-66.08,50.59,168.0,0.0,0.0,0.0,0.0,0.0,9,spring,0.0,0.0,168.0,-66.08,50.59
B15AB,2022-09-09 00:00:00+00:00,-66.08,50.59,-66.08,50.59,168.0,0.0,0.0,0.0,0.0,0.0,9,spring,0.0,0.0,168.0,-66.08,50.59
B15AB,2022-09-16 00:00:00+00:00,-66.08,50.59,-66.08,50.59,168.0,0.0,0.0,0.0,0.0,0.0,9,spring,0.0,0.0,168.0,-66.08,50.59
B15AB,2022-09-23 00:00:00+00:00,-66.08,50.59,-66.08,50.59,168.0,0.0,0.0,0.0,0.0,0.0,9,spring,0.0,0.0,840.0,-66.08,50.59
B15AB,2022-10-28 00:00:00+00:00,-66.08,50.59,-66.08,50.59,840.0,0.0,0.0,0.0,0.0,0.0,10,spring,0.0,0.0,168.0,-66.08,50.59
B15AB,2022-11-04 00:00:00+00:00,-66.08,50.59,-66.08,50.59,168.0,0.0,0.0,0.0,0.0,0.0,11,spring,0.0,0.0,168.0,-66.08,50.59
B15AB,2022-11-11 00:00:00+00:00,-66.08,50.59,-66.08,50.59,168.0,0.0,0.0,0.0,0.0,0.0,11,spring,0.0,0.0,168.0,-66.08,50.59
B15AB,2022-11-18 00:00:00+00:00,-66.08,50.59,-66.08,50.59,168.0,0.0,0.0,0.0,0.0,0.0,11,spring,0.0,0.0,168.0,-66.08,50.59
B15AB,2022-11-25 00:00:00+00:00,-66.08,50.59,-66.08,50.59,168.0,0.0,0.0,0.0,0.0,0.0,11,spring,0.0,0.0,168.0,-66.08,50.59
B15AB,2022-12-02 00:00:00+00:00,-66.08,50.59,-66.08,50.59,168.0,0.0,0.0,0.0,0.0,0.0,12,summer,0.0,0.0,168.0,-66.08,50.59
B15AB,2022-12-09 00:00:00+00:00,-66.08,50.59,-66.08,50.59,168.0,0.0,0.0,0.0,0.0,0.0,12,summer,0.0,0.0,840.0,-66.08,50.59
B15AB,2023-01-13 00:00:00+00:00,-66.08,50.59,-66.08,50.59,840.0,0.0,0.0,0.0,0.0,0.0,1,summer,0.0,0.0,168.0,-66.08,50.59
B15AB,2023-01-20 00:00:00+00:00,-66.08,50.59,-66.08,50.59,168.0,0.0,0.0,1.1999076751117062,0.007142307589950632,22.07911584099668,1,summer,0.010000000000005116,0.00999999999999801,168.0,-66.07,50.6
B15AB,2023-01-27 00:00:00+00:00,-66.07,50.6,-66.08,50.59,168.0,0.007142307589950632,22.07911584099668,0.0,0.0,0.0,1,summer,0.0,0.0,168.0,-66.07,50.6
B15AB,2023-02-03 00:00:00+00:00,-66.07,50.6,-66.07,50.6,168.0,0.0,0.0,1.3530873502859402,0.008054091370749644,269.98628937448154,2,summer,0.0,-0.030000000000001137,168.0,-66.07,50.57
B15AB,2023-02-10 00:00:00+00:00,-66.07,50.57,-66.07,50.6,168.0,0.008054091370749644,269.98628937448154,0.9020582383068435,0.005369394275635974,90.00914041699951,2,summer,0.0,0.020000000000003126,168.0,-66.07,50.59
B15AB,2023-02-17 00:00:00+00:00,-66.07,50.59,-66.07,50.57,168.0,0.005369394275635974,90.00914041699951,64.76416948762963,0.38550100885493827,263.43391223239865,2,summer,-0.060000000000002274,-1.4300000000000068,168.0,-66.13,49.16
B15AB,2023-02-24 00:00:00+00:00,-66.13,49.16,-66.07,50.59,168.0,0.38550100885493827,263.43391223239865,231.29236399111358,0.2753480523703733,242.21854078943005,2,summer,-0.9000000000000057,-4.719999999999999,840.0,-67.03,44.44
B15AB,2023-03-31 00:00:00+00:00,-67.03,44.44,-66.13,49.16,840.0,0.2753480523703733,242.21854078943005,41.512417362695025,0.2470977223969942,52.31568664557324,3,autumn,0.23000000000000398,0.75,168.0,-66.8,45.19
B15AB,2023-04-07 00:00:00+00:00,-66.8,45.19,-67.03,44.44,168.0,0.2470977223969942,52.31568664557324,141.54423562511946,0.8425252120542824,233.2357690394919,4,autumn,-0.7400000000000091,-2.6699999999999946,168.0,-67.54,42.52
B15AB,2023-04-14 00:00:00+00:00,-67.54,42.52,-66.8,45.19,168.0,0.8425252120542824,233.2357690394919,261.5145352243735,1.5566341382403184,247.66389302729482,4,autumn,-0.789999999999992,-5.900000000000006,168.0,-68.33,36.62
B15AB,2023-04-21 00:00:00+00:00,-68.33,36.62,-67.54,42.52,168.0,1.5566341382403184,247.66389302729482,110.11300142250917,0.6554345322768403,287.06413793957404,4,autumn,0.3100000000000023,-2.529999999999994,168.0,-68.02,34.09
B15AB,2023-04-28 00:00:00+00:00,-68.02,34.09,-68.33,36.62,168.0,0.6554345322768403,287.06413793957404,106.4845012078356,0.6338363167133072,236.81042793508493,4,autumn,-0.5100000000000051,-2.190000000000005,168.0,-68.53,31.9
B15AB,2023-05-05 00:00:00+00:00,-68.53,31.9,-68.02,34.09,168.0,0.6338363167133072,236.81042793508493,184.57721976251258,1.098673927157813,235.37200334251787,5,autumn,-0.9000000000000057,-3.889999999999997,168.0,-69.43,28.01
B15AB,2023-05-12 00:00:00+00:00,-69.43,28.01,-68.53,31.9,168.0,1.098673927157813,235.37200334251787,788.9102093172568,0.9668017271044813,257.38400848674803,5,autumn,-0.37999999999999545,-20.44,816.0,-69.81,7.57
B15AB,2023-06-15 00:00:00+00:00,-69.81,7.57,-69.43,28.01,816.0,0.9668017271044813,257.38400848674803,216.0270012702225,1.1251406316157422,81.60202710370788,6,winter,0.37000000000000455,5.48,192.0,-69.44,13.05
B15AB,2023-06-23 00:00:00+00:00,-69.44,13.05,-69.81,7.57,192.0,1.1251406316157422,81.60202710370788,447.9737956882197,18.66557482034249,258.91792690246825,6,winter,-0.4000000000000057,-11.540000000000001,24.0,-69.84,1.51
B15AB,2023-06-24 00:00:00+00:00,-69.84,1.51,-69.44,13.05,24.0,18.66557482034249,258.91792690246825,150.63410729471457,1.046070189546629,263.92380280064526,6,winter,-0.09999999999999432,-3.9299999999999997,144.0,-69.94,-2.42
B15AB,2023-06-30 00:00:00+00:00,-69.94,-2.42,-69.84,1.51,144.0,1.046070189546629,263.92380280064526,177.9555945553612,1.0592594914009594,260.28048065842654,6,winter,-0.21000000000000796,-4.65,168.0,-70.15,-7.07
B15AB,2023-07-07 00:00:00+00:00,-70.15,-7.07,-69.94,-2.42,168.0,1.0592594914009594,260.28048065842654,149.1599987330824,0.8878571353159667,243.62315344402802,7,winter,-0.5599999999999881,-3.6400000000000006,168.0,-70.71,-10.71
B15AB,2023-07-14 00:00:00+00:00,-70.71,-10.71,-70.15,-7.07,168.0,0.8878571353159667,243.62315344402802,0.0,0.0,0.0,7,winter,0.0,0.0,168.0,-70.71,-10.71
B15AB,2023-07-21 00:00:00+00:00,-70.71,-10.71,-70.71,-10.71,168.0,0.0,0.0,122.47139153599092,0.18224909454760554,210.57953531934834,7,winter,-0.9400000000000119,-1.7799999999999994,672.0,-71.65,-12.49
B15AB,2023-08-18 00:00:00+00:00,-71.65,-12.49,-70.71,-10.71,672.0,0.18224909454760554,210.57953531934834,0.0,0.0,0.0,8,winter,0.0,0.0,168.0,-71.65,-12.49
B15AB,2023-08-25 00:00:00+00:00,-71.65,-12.49,-71.65,-12.49,168.0,0.0,0.0,2.3313923607484806,0.013877335480645717,197.45696163057957,8,winter,-0.01999999999999602,-0.019999999999999574,168.0,-71.67,-12.51
B15AB,2023-09-01 00:00:00+00:00,-71.67,-12.51,-71.65,-12.49,168.0,0.013877335480645717,197.45696163057957,35.70280377585853,0.21251668914201505,247.60355466621775,9,spring,-0.12000000000000455,-0.9500000000000011,168.0,-71.79,-13.46
B15AB,2023-09-08 00:00:00+00:00,-71.79,-13.46,-71.67,-12.51,168.0,0.21251668914201505,247.60355466621775,3.3199437653214163,0.019761570031675096,289.52553937757654,9,spring,0.010000000000005116,-0.08999999999999986,168.0,-71.78,-13.55
B15AB,2023-09-15 00:00:00+00:00,-71.78,-13.55,-71.79,-13.46,168.0,0.019761570031675096,289.52553937757654,0.0,0.0,0.0,9,spring,0.0,0.0,168.0,-71.78,-13.55
B15AB,2023-09-22 00:00:00+00:00,-71.78,-13.55,-71.78,-13.55,168.0,0.0,0.0,0.0,0.0,0.0,9,spring,0.0,0.0,192.0,-71.78,-13.55
B15AB,2023-09-30 00:00:00+00:00,-71.78,-13.55,-71.78,-13.55,192.0,0.0,0.0,93.07699426093197,0.11406494394722055,239.55642747857786,9,spring,-0.4099999999999966,-2.3599999999999994,816.0,-72.19,-15.91
B15AB,2023-11-03 00:00:00+00:00,-72.19,-15.91,-71.78,-13.55,816.0,0.11406494394722055,239.55642747857786,0.0,0.0,0.0,11,spring,0.0,0.0,144.0,-72.19,-15.91
B15AB,2023-11-09 00:00:00+00:00,-72.19,-15.91,-72.19,-15.91,144.0,0.0,0.0,0.6802048895829562,0.0035427337999112303,90.009520760258,11,spring,0.0,0.019999999999999574,192.0,-72.19,-15.89
B15AB,2023-11-17 00:00:00+00:00,-72.19,-15.89,-72.19,-15.91,192.0,0.0035427337999112303,90.009520760258,0.0,0.0,0.0,11,spring,0.0,0.0,168.0,-72.19,-15.89
B15AB,2023-11-24 00:00:00+00:00,-72.19,-15.89,-72.19,-15.89,168.0,0.0,0.0,1.3604097603840895,0.004048838572571695,269.9809584794455,11,spring,0.0,-0.03999999999999915,336.0,-72.19,-15.93
B15AB,2023-12-08 00:00:00+00:00,-72.19,-15.93,-72.19,-15.89,336.0,0.004048838572571695,269.9809584794455,1.020307328505115,0.006073257907768541,90.01428114039157,12,summer,0.0,0.02999999999999936,168.0,-72.19,-15.9
B15AB,2023-12-15 00:00:00+00:00,-72.19,-15.9,-72.19,-15.93,168.0,0.006073257907768541,90.01428114039157,0.0,0.0,0.0,12,summer,0.0,0.0,144.0,-72.19,-15.9
B22A,2022-01-14 00:00:00+00:00,-73.89,-109.4,-73.89,-109.4,168.0,0.0,0.0,1.4469817443587676,0.008612986573564093,320.2014896608604,1,summer,0.010000000000005116,-0.030000000000001137,168.0,-73.88,-109.43
B22A,2022-01-21 00:00:00+00:00,-73.88,-109.43,-73.89,-109.4,168.0,0.008612986573564093,320.2014896608604,2.4092745360667474,0.014340919857540163,337.3628031368344,1,summer,0.01999999999999602,-0.029999999999986926,168.0,-73.86,-109.46
B22A,2022-01-28 00:00:00+00:00,-73.86,-109.46,-73.88,-109.43,168.0,0.014340919857540163,337.3628031368344,2.544859288421602,0.015147971954890488,29.106660644860938,1,summer,0.01999999999999602,0.03999999999999204,168.0,-73.84,-109.42
B22A,2022-02-04 00:00:00+00:00,-73.84,-109.42,-73.86,-109.46,168.0,0.015147971954890488,29.106660644860938,1.2727016448173554,0.0075756050286747345,330.8809459994319,2,summer,0.010000000000005116,-0.01999999999999602,168.0,-73.83,-109.44
B22A,2022-02-11 00:00:00+00:00,-73.83,-109.44,-73.84,-109.42,168.0,0.0075756050286747345,330.8809459994319,1.1119492664461563,0.006618745633608074,0.0,2,summer,0.010000000000005116,0.0,168.0,-73.82,-109.44
B22A,2022-02-18 00:00:00+00:00,-73.82,-109.44,-73.83,-109.44,168.0,0.006618745633608074,0.0,1.4494898521489061,0.0017255831573201263,320.08258286961245,2,summer,0.009999999999990905,-0.030000000000001137,840.0,-73.81,-109.47
B22A,2022-03-25 00:00:00+00:00,-73.81,-109.47,-73.82,-109.44,840.0,0.0017255831573201263,320.08258286961245,0.930112745492855,0.005536385389838423,269.9855948645097,3,autumn,0.0,-0.030000000000001137,168.0,-73.81,-109.5
B22A,2022-04-01 00:00:00+00:00,-73.81,-109.5,-73.81,-109.47,168.0,0.005536385389838423,269.9855948645097,0.0,0.0,0.0,4,autumn,0.0,0.0,168.0,-73.81,-109.5
B22A,2022-04-08 00:00:00+00:00,-73.81,-109.5,-73.81,-109.5,168.0,0.0,0.0,0.0,0.0,0.0,4,autumn,0.0,0.0,168.0,-73.81,-109.5
B22A,2022-04-15 00:00:00+00:00,-73.81,-109.5,-73.81,-109.5,168.0,0.0,0.0,0.31003758473445264,0.0018454618138955515,90.0048017117831,4,autumn,0.0,0.010000000000005116,168.0,-73.81,-109.49
B22A,2022-04-22 00:00:00+00:00,-73.81,-109.49,-73.81,-109.5,168.0,0.0018454618138955515,90.0048017117831,1.1543882611492764,0.006871358697317122,15.588976292670395,4,autumn,0.010000000000005116,0.009999999999990905,168.0,-73.8,-109.48
B22A,2022-04-29 00:00:00+00:00,-73.8,-109.48,-73.81,-109.49,168.0,0.006871358697317122,15.588976292670395,0.0,0.0,0.0,4,autumn,0.0,0.0,168.0,-73.8,-109.48
B22A,2022-05-06 00:00:00+00:00,-73.8,-109.48,-73.8,-109.48,168.0,0.0,0.0,0.930671857311811,0.0011079426872759655,269.98559559468356,5,autumn,0.0,-0.030000000000001137,840.0,-73.8,-109.51
B22A,2022-06-10 00:00:00+00:00,-73.8,-109.51,-73.8,-109.48,840.0,0.0011079426872759655,269.98559559468356,0.0,0.0,0.0,6,winter,0.0,0.0,168.0,-73.8,-109.51
B22A,2022-06-17 00:00:00+00:00,-73.8,-109.51,-73.8,-109.51,168.0,0.0,0.0,0.0,0.0,0.0,6,winter,0.0,0.0,168.0,-73.8,-109.51
B22A,2022-06-24 00:00:00+00:00,-73.8,-109.51,-73.8,-109.51,168.0,0.0,0.0,0.0,0.0,0.0,6,winter,0.0,0.0,168.0,-73.8,-109.51
B22A,2022-07-01 00:00:00+00:00,-73.8,-109.51,-73.8,-109.51,168.0,0.0,0.0,0.6204479085058408,0.0036931423125347662,90.00960293686603,7,winter,0.0,0.020000000000010232,168.0,-73.8,-109.49
B22A,2022-07-08 00:00:00+00:00,-73.8,-109.49,-73.8,-109.51,168.0,0.0036931423125347662,90.00960293686603,1.1544383430044765,0.006871656803598074,15.5978855090259,7,winter,0.009999999999990905,0.009999999999990905,168.0,-73.79,-109.48
B22A,2022-07-15 00:00:00+00:00,-73.79,-109.48,-73.8,-109.49,168.0,0.006871656803598074,15.5978855090259,0.9312309407808829,0.005543041314171921,90.01440367469542,7,winter,0.0,0.030000000000001137,168.0,-73.79,-109.45
B22A,2022-07-22 00:00:00+00:00,-73.79,-109.45,-73.79,-109.48,168.0,0.005543041314171921,90.01440367469542,2.900055793264241,0.004315559216167025,219.89962696171287,7,winter,-0.01999999999999602,-0.060000000000002274,672.0,-73.81,-109.51
B22A,2022-08-19 00:00:00+00:00,-73.81,-109.51,-73.79,-109.45,672.0,0.004315559216167025,219.89962696171287,0.0,0.0,0.0,8,winter,0.0,0.0,168.0,-73.81,-109.51
B22A,2022-08-26 00:00:00+00:00,-73.81,-109.51,-73.81,-109.51,168.0,0.0,0.0,0.0,0.0,0.0,8,winter,0.0,0.0,168.0,-73.81,-109.51
B22A,2022-09-02 00:00:00+00:00,-73.81,-109.51,-73.81,-109.51,168.0,0.0,0.0,0.0,0.0,0.0,9,spring,0.0,0.0,168.0,-73.81,-109.51
B22A,2022-09-09 00:00:00+00:00,-73.81,-109.51,-73.81,-109.51,168.0,0.0,0.0,0.0,0.0,0.0,9,spring,0.0,0.0,168.0,-73.81,-109.51
B22A,2022-09-16 00:00:00+00:00,-73.81,-109.51,-73.81,-109.51,168.0,0.0,0.0,1.273246053897567,0.007578845558914089,29.16301989945481,9,spring,0.010000000000005116,0.020000000000010232,168.0,-73.8,-109.49
B22A,2022-09-23 00:00:00+00:00,-73.8,-109.49,-73.81,-109.51,168.0,0.007578845558914089,29.16301989945481,0.0,0.0,0.0,9,spring,0.0,0.0,840.0,-73.8,-109.49
B22A,2022-10-28 00:00:00+00:00,-73.8,-109.49,-73.8,-109.49,840.0,0.0,0.0,1.2734276717000594,0.0075799266172622585,29.177665357163733,10,spring,0.009999999999990905,0.01999999999999602,168.0,-73.79,-109.47
B22A,2022-11-04 00:00:00+00:00,-73.79,-109.47,-73.8,-109.49,168.0,0.0075799266172622585,29.177665357163733,2.712467679801625,0.01614564095120015,34.95120980520727,11,spring,0.020000000000010232,0.04999999999999716,168.0,-73.77,-109.42
B22A,2022-11-11 00:00:00+00:00,-73.77,-109.42,-73.79,-109.47,168.0,0.01614564095120015,34.95120980520727,4.354930890785089,0.025922207683244575,40.04778408851047,11,spring,0.030000000000001137,0.09000000000000341,168.0,-73.74,-109.33
B22A,2022-11-18 00:00:00+00:00,-73.74,-109.33,-73.77,-109.42,168.0,0.025922207683244575,40.04778408851047,0.6226839584963487,0.0037064521339068377,269.99039998998103,11,spring,0.0,-0.01999999999999602,168.0,-73.74,-109.35
B22A,2022-11-25 00:00:00+00:00,-73.74,-109.35,-73.74,-109.33,168.0,0.0037064521339068377,269.99039998998103,2.245612281997013,0.013366739773791743,7.979021405367519,11,spring,0.01999999999999602,0.009999999999990905,168.0,-73.72,-109.34
B22A,2022-12-02 00:00:00+00:00,-73.72,-109.34,-73.74,-109.35,168.0,0.013366739773791743,7.979021405367519,3.310412914495482,0.01970483877675882,70.42106443363326,12,summer,0.010000000000005116,0.10000000000000853,168.0,-73.71,-109.24
B22A,2022-12-09 00:00:00+00:00,-73.71,-109.24,-73.72,-109.34,168.0,0.01970483877675882,70.42106443363326,14.365307662455667,0.01710155674101865,21.82357567776802,12,summer,0.11999999999999034,0.1700000000000017,840.0,-73.59,-109.07
B22A,2023-01-13 00:00:00+00:00,-73.59,-109.07,-73.71,-109.24,840.0,0.01710155674101865,21.82357567776802,7.376633328750691,0.04390853171875411,25.300520286518235,1,summer,0.060000000000002274,0.09999999999999432,168.0,-73.53,-108.97
B22A,2023-01-20 00:00:00+00:00,-73.53,-108.97,-73.59,-109.07,168.0,0.04390853171875411,25.300520286518235,16.68875599757455,0.09933783331889613,21.215517221184086,1,summer,0.14000000000000057,0.18999999999999773,168.0,-73.39,-108.78
B22A,2023-01-27 00:00:00+00:00,-73.39,-108.78,-73.53,-108.97,168.0,0.09933783331889613,21.215517221184086,23.85554436398026,0.14199728788083488,21.34368396004851,1,summer,0.20000000000000284,0.269999999999996,168.0,-73.19,-108.51
B22A,2023-02-03 00:00:00+00:00,-73.19,-108.51,-73.39,-108.78,168.0,0.14199728788083488,21.34368396004851,5.56906528118577,0.03314919810229625,3.319842719300482,2,summer,0.04999999999999716,0.010000000000005116,168.0,-73.14,-108.5
B22A,2023-02-10 00:00:00+00:00,-73.14,-108.5,-73.19,-108.51,168.0,0.03314919810229625,3.319842719300482,43.095867339735314,0.25652301987937687,11.468120899006294,2,summer,0.37999999999999545,0.2600000000000051,168.0,-72.76,-108.24
B22A,2023-02-17 00:00:00+00:00,-72.76,-108.24,-73.14,-108.5,168.0,0.25652301987937687,11.468120899006294,20.47300215014146,0.12186310803655631,347.79684497000426,2,summer,0.18000000000000682,-0.13000000000000966,168.0,-72.58,-108.37
B22A,2023-02-24 00:00:00+00:00,-72.58,-108.37,-72.76,-108.24,168.0,0.12186310803655631,347.79684497000426,48.039982743707924,0.057190455647271335,326.05740210485914,2,summer,0.35999999999999943,-0.789999999999992,840.0,-72.22,-109.16
B22A,2023-03-31 00:00:00+00:00,-72.22,-109.16,-72.58,-108.37,840.0,0.057190455647271335,326.05740210485914,18.55649651564444,0.11045533640264547,283.6157531015617,3,autumn,0.03999999999999204,-0.5300000000000011,168.0,-72.18,-109.69
B22A,2023-04-07 00:00:00+00:00,-72.18,-109.69,-72.22,-109.16,168.0,0.11045533640264547,283.6157531015617,13.015108064727622,0.07747088133766442,254.972963426136,4,autumn,-0.029999999999986926,-0.37000000000000455,168.0,-72.21,-110.06
B22A,2023-04-14 00:00:00+00:00,-72.21,-110.06,-72.18,-109.69,168.0,0.07747088133766442,254.972963426136,35.01923306586828,0.20844781586826355,271.32915898488073,4,autumn,0.009999999999990905,-1.0300000000000011,168.0,-72.2,-111.09
B22A,2023-04-21 00:00:00+00:00,-72.2,-111.09,-72.21,-110.06,168.0,0.20844781586826355,271.32915898488073,11.217269057965098,0.06676945867836367,269.8428986096129,4,autumn,0.0,-0.3299999999999983,168.0,-72.2,-111.42
B22A,2023-04-28 00:00:00+00:00,-72.2,-111.42,-72.2,-111.09,168.0,0.06676945867836367,269.8428986096129,15.671422503468401,0.09328227680635953,265.7122552596237,4,autumn,-0.009999999999990905,-0.45999999999999375,168.0,-72.21,-111.88
B22A,2023-05-05 00:00:00+00:00,-72.21,-111.88,-72.2,-111.42,168.0,0.09328227680635953,265.7122552596237,23.221012811239174,0.13822031435261412,275.17187612284323,5,autumn,0.01999999999999602,-0.6800000000000068,168.0,-72.19,-112.56
B22A,2023-05-12 00:00:00+00:00,-72.19,-112.56,-72.21,-111.88,168.0,0.13822031435261412,275.17187612284323,59.60772625280883,0.07304868413334416,297.0631227978852,5,autumn,0.25,-1.539999999999992,816.0,-71.94,-114.1
B22A,2023-06-15 00:00:00+00:00,-71.94,-114.1,-72.19,-112.56,816.0,0.07304868413334416,297.0631227978852,30.219013209568274,0.15739069379983475,134.65611448931026,6,winter,-0.18999999999999773,0.6299999999999955,192.0,-72.13,-113.47
B22A,2023-06-23 00:00:00+00:00,-72.13,-113.47,-71.94,-114.1,192.0,0.15739069379983475,134.65611448931026,45.85537237698288,1.9106405157076198,301.70171626490685,6,winter,0.21999999999999886,-1.1299999999999955,24.0,-71.91,-114.6
B22A,2023-06-24 00:00:00+00:00,-71.91,-114.6,-72.13,-113.47,24.0,1.9106405157076198,301.70171626490685,20.8363562320166,0.14469691827789305,233.8212969445675,6,winter,-0.10999999999999943,-0.4900000000000091,144.0,-72.02,-115.09
B22A,2023-06-30 00:00:00+00:00,-72.02,-115.09,-71.91,-114.6,144.0,0.14469691827789305,233.8212969445675,15.156586365074006,0.09021777598258336,36.319466392222296,6,winter,0.10999999999999943,0.2600000000000051,168.0,-71.91,-114.83
B22A,2023-07-07 00:00:00+00:00,-71.91,-114.83,-72.02,-115.09,168.0,0.09021777598258336,36.319466392222296,10.293893974689462,0.06127317842077061,193.51269173642652,7,winter,-0.09000000000000341,-0.07000000000000739,168.0,-72.0,-114.9
B22A,2023-07-14 00:00:00+00:00,-72.0,-114.9,-71.91,-114.83,168.0,0.06127317842077061,193.51269173642652,0.0,0.0,0.0,7,winter,0.0,0.0,168.0,-72.0,-114.9
B22A,2023-07-21 00:00:00+00:00,-72.0,-114.9,-72.0,-114.9,168.0,0.0,0.0,91.97015587311641,0.13686035100166133,71.40535422847347,7,winter,0.28000000000000114,2.5,672.0,-71.72,-112.4
B22A,2023-08-18 00:00:00+00:00,-71.72,-112.4,-72.0,-114.9,672.0,0.13686035100166133,71.40535422847347,0.0,0.0,0.0,8,winter,0.0,0.0,168.0,-71.72,-112.4
B22A,2023-08-25 00:00:00+00:00,-71.72,-112.4,-71.72,-112.4,168.0,0.0,0.0,15.58302551467552,0.09275610425402095,357.4153992533033,8,winter,0.14000000000000057,-0.01999999999999602,168.0,-71.58,-112.42
B22A,2023-09-01 00:00:00+00:00,-71.58,-112.42,-71.72,-112.4,168.0,0.09275610425402095,357.4153992533033,4.143356255754595,0.024662834855682114,143.65384817926247,9,spring,-0.030000000000001137,0.07000000000000739,168.0,-71.61,-112.35
B22A,2023-09-08 00:00:00+00:00,-71.61,-112.35,-71.58,-112.42,168.0,0.024662834855682114,143.65384817926247,41.080347608177455,0.2445258786201039,243.83461435370117,9,spring,-0.1599999999999966,-1.0600000000000023,168.0,-71.77,-113.41
B22A,2023-09-15 00:00:00+00:00,-71.77,-113.41,-71.61,-112.35,168.0,0.2445258786201039,243.83461435370117,16.67854189469058,0.09927703508744393,150.1915339021379,9,spring,-0.13000000000000966,0.23999999999999488,168.0,-71.9,-113.17
B22A,2023-09-22 00:00:00+00:00,-71.9,-113.17,-71.77,-113.41,168.0,0.09927703508744393,150.1915339021379,31.1536603250623,0.16225864752636615,94.52116567439214,9,spring,-0.01999999999999602,0.9000000000000057,192.0,-71.92,-112.27
B22A,2023-09-30 00:00:00+00:00,-71.92,-112.27,-71.9,-113.17,192.0,0.16225864752636615,94.52116567439214,48.95718947793703,0.059996555732765966,297.89666191079573,9,spring,0.21000000000000796,-1.240000000000009,816.0,-71.71,-113.51
B22A,2023-11-03 00:00:00+00:00,-71.71,-113.51,-71.92,-112.27,816.0,0.059996555732765966,297.89666191079573,1.046878246500872,0.007269987822922722,269.9857577959897,11,spring,0.0,-0.030000000000001137,144.0,-71.71,-113.54
B22A,2023-11-09 00:00:00+00:00,-71.71,-113.54,-71.71,-113.51,144.0,0.007269987822922722,269.9857577959897,10.225241856504065,0.05325646800262534,348.1273869336328,11,spring,0.0899999999999892,-0.05999999999998806,192.0,-71.62,-113.6
B22A,2023-11-17 00:00:00+00:00,-71.62,-113.6,-71.71,-113.54,192.0,0.05325646800262534,348.1273869336328,6.530557889078639,0.03887236838737285,300.64158393689695,11,spring,0.030000000000001137,-0.1600000000000108,168.0,-71.59,-113.76
B22A,2023-11-24 00:00:00+00:00,-71.59,-113.76,-71.62,-113.6,168.0,0.03887236838737285,300.64158393689695,25.594279771466866,0.07617345170079425,301.1278335972662,11,spring,0.12000000000000455,-0.6199999999999903,336.0,-71.47,-114.38
B22A,2023-12-08 00:00:00+00:00,-71.47,-114.38,-71.59,-113.76,336.0,0.07617345170079425,301.1278335972662,14.316268529463182,0.08521588410394751,278.7468801613788,12,summer,0.01999999999999602,-0.4000000000000057,168.0,-71.45,-114.78
B22A,2023-12-15 00:00:00+00:00,-71.45,-114.78,-71.47,-114.38,168.0,0.08521588410394751,278.7468801613788,16.885551934800258,0.11726077732500179,285.0542570377095,12,summer,0.04000000000000625,-0.45999999999999375,144.0,-71.41,-115.24
B28,2022-01-14 00:00:00+00:00,-74.64,-108.77,-74.64,-108.77,168.0,0.0,0.0,0.0,0.0,0.0,1,summer,0.0,0.0,168.0,-74.64,-108.77
B28,2022-01-21 00:00:00+00:00,-74.64,-108.77,-74.64,-108.77,168.0,0.0,0.0,3.4511062176569736,0.02054229891462484,345.1360593241379,1,summer,0.030000000000001137,-0.030000000000001137,168.0,-74.61,-108.8
B28,2022-01-28 00:00:00+00:00,-74.61,-108.8,-74.64,-108.77,168.0,0.02054229891462484,345.1360593241379,3.7774093575583003,0.0224845795092756,331.990238169284,1,summer,0.030000000000001137,-0.060000000000002274,168.0,-74.58,-108.86
B28,2022-02-04 00:00:00+00:00,-74.58,-108.86,-74.61,-108.8,168.0,0.0224845795092756,331.990238169284,12.815565157676177,0.07628312593854868,321.21180559449334,2,summer,0.09000000000000341,-0.269999999999996,168.0,-74.49,-109.13
B28,2022-02-11 00:00:00+00:00,-74.49,-109.13,-74.58,-108.86,168.0,0.07628312593854868,321.21180559449334,6.307125720386506,0.037542415002300634,331.7759159311177,2,summer,0.04999999999999716,-0.10000000000000853,168.0,-74.44,-109.23
B28,2022-02-18 00:00:00+00:00,-74.44,-109.23,-74.49,-109.13,168.0,0.037542415002300634,331.7759159311177,8.837399442937585,0.010520713622544744,331.66690924109344,2,summer,0.06999999999999318,-0.14000000000000057,840.0,-74.37,-109.37
B28,2022-03-25 00:00:00+00:00,-74.37,-109.37,-74.44,-109.23,840.0,0.010520713622544744,331.66690924109344,1.6344916209713818,0.00972911679149632,227.11343090298692,3,autumn,-0.009999999999990905,-0.03999999999999204,168.0,-74.38,-109.41
B28,2022-04-01 00:00:00+00:00,-74.38,-109.41,-74.37,-109.37,168.0,0.00972911679149632,227.11343090298692,0.0,0.0,0.0,4,autumn,0.0,0.0,168.0,-74.38,-109.41
B28,2022-04-08 00:00:00+00:00,-74.38,-109.41,-74.38,-109.41,168.0,0.0,0.0,0.0,0.0,0.0,4,autumn,0.0,0.0,168.0,-74.38,-109.41
B28,2022-04-15 00:00:00+00:00,-74.38,-109.41,-74.38,-109.41,168.0,0.0,0.0,1.111949266444576,0.006618745633598667,0.0,4,autumn,0.009999999999990905,0.0,168.0,-74.37,-109.41
B28,2022-04-22 00:00:00+00:00,-74.37,-109.41,-74.38,-109.41,168.0,0.006618745633598667,0.0,1.1119492664461563,0.006618745633608074,0.0,4,autumn,0.010000000000005116,0.0,168.0,-74.36,-109.41
B28,2022-04-29 00:00:00+00:00,-74.36,-109.41,-74.37,-109.41,168.0,0.006618745633608074,0.0,0.0,0.0,0.0,4,autumn,0.0,0.0,168.0,-74.36,-109.41
B28,2022-05-06 00:00:00+00:00,-74.36,-109.41,-74.36,-109.41,168.0,0.0,0.0,8.847331106829664,0.010532537031940075,331.547543763681,5,autumn,0.06999999999999318,-0.14000000000000057,840.0,-74.29,-109.55
B28,2022-06-10 00:00:00+00:00,-74.29,-109.55,-74.36,-109.41,840.0,0.010532537031940075,331.547543763681,0.0,0.0,0.0,6,winter,0.0,0.0,168.0,-74.29,-109.55
B28,2022-06-17 00:00:00+00:00,-74.29,-109.55,-74.29,-109.55,168.0,0.0,0.0,0.0,0.0,0.0,6,winter,0.0,0.0,168.0,-74.29,-109.55
B28,2022-06-24 00:00:00+00:00,-74.29,-109.55,-74.29,-109.55,168.0,0.0,0.0,0.0,0.0,0.0,6,winter,0.0,0.0,168.0,-74.29,-109.55
B28,2022-07-01 00:00:00+00:00,-74.29,-109.55,-74.29,-109.55,168.0,0.0,0.0,3.4561895145516823,0.020572556634236204,344.8215037119551,7,winter,0.030000000000001137,-0.030000000000001137,168.0,-74.26,-109.58
B28,2022-07-08 00:00:00+00:00,-74.26,-109.58,-74.29,-109.55,168.0,0.020572556634236204,344.8215037119551,1.1119492664461563,0.006618745633608074,0.0,7,winter,0.010000000000005116,0.0,168.0,-74.25,-109.58
B28,2022-07-15 00:00:00+00:00,-74.25,-109.58,-74.26,-109.58,168.0,0.006618745633608074,0.0,1.1119492664461563,0.006618745633608074,0.0,7,winter,0.010000000000005116,0.0,168.0,-74.24,-109.58
B28,2022-07-22 00:00:00+00:00,-74.24,-109.58,-74.25,-109.58,168.0,0.006618745633608074,0.0,2.4161181373577674,0.00359541389487763,269.96150368568266,7,winter,0.0,-0.0799999999999983,672.0,-74.24,-109.66
B28,2022-08-19 00:00:00+00:00,-74.24,-109.66,-74.24,-109.58,672.0,0.00359541389487763,269.96150368568266,0.0,0.0,0.0,8,winter,0.0,0.0,168.0,-74.24,-109.66
B28,2022-08-26 00:00:00+00:00,-74.24,-109.66,-74.24,-109.66,168.0,0.0,0.0,0.0,0.0,0.0,8,winter,0.0,0.0,168.0,-74.24,-109.66
B28,2022-09-02 00:00:00+00:00,-74.24,-109.66,-74.24,-109.66,168.0,0.0,0.0,0.0,0.0,0.0,9,spring,0.0,0.0,168.0,-74.24,-109.66
B28,2022-09-09 00:00:00+00:00,-74.24,-109.66,-74.24,-109.66,168.0,0.0,0.0,0.0,0.0,0.0,9,spring,0.0,0.0,168.0,-74.24,-109.66
B28,2022-09-16 00:00:00+00:00,-74.24,-109.66,-74.24,-109.66,168.0,0.0,0.0,0.0,0.0,0.0,9,spring,0.0,0.0,168.0,-74.24,-109.66
B28,2022-09-23 00:00:00+00:00,-74.24,-109.66,-74.24,-109.66,168.0,0.0,0.0,0.0,0.0,0.0,9,spring,0.0,0.0,840.0,-74.24,-109.66
B28,2022-10-28 00:00:00+00:00,-74.24,-109.66,-74.24,-109.66,840.0,0.0,0.0,0.0,0.0,0.0,10,spring,0.0,0.0,168.0,-74.24,-109.66
B28,2022-11-04 00:00:00+00:00,-74.24,-109.66,-74.24,-109.66,168.0,0.0,0.0,8.351401106703431,0.04971072087323471,338.70322099527647,11,spring,0.06999999999999318,-0.10000000000000853,168.0,-74.17,-109.76
B28,2022-11-11 00:00:00+00:00,-74.17,-109.76,-74.24,-109.66,168.0,0.04971072087323471,338.70322099527647,13.529468714448704,0.08053255187171848,334.60534755231913,11,spring,0.10999999999999943,-0.18999999999999773,168.0,-74.06,-109.95
B28,2022-11-18 00:00:00+00:00,-74.06,-109.95,-74.17,-109.76,168.0,0.08053255187171848,334.60534755231913,0.9161257861388963,0.005453129679398192,269.98557675275094,11,spring,0.0,-0.030000000000001137,168.0,-74.06,-109.98
B28,2022-11-25 00:00:00+00:00,-74.06,-109.98,-74.06,-109.95,168.0,0.005453129679398192,269.98557675275094,1.2215010381507934,0.007270839512802342,269.980769003634,11,spring,0.0,-0.03999999999999204,168.0,-74.06,-110.02
B28,2022-12-02 00:00:00+00:00,-74.06,-110.02,-74.06,-109.98,168.0,0.007270839512802342,269.980769003634,3.2507741767230827,0.01934984629001835,289.95414830638384,12,summer,0.010000000000005116,-0.10000000000000853,168.0,-74.05,-110.12
B29,2022-01-14 00:00:00+00:00,-74.47,-108.92,-74.47,-108.92,168.0,0.0,0.0,0.0,0.0,0.0,1,summer,0.0,0.0,168.0,-74.47,-108.92
B29,2022-01-21 00:00:00+00:00,-74.47,-108.92,-74.47,-108.92,168.0,0.0,0.0,4.793931447973874,0.028535306237939723,338.0651091764655,1,summer,0.03999999999999204,-0.060000000000002274,168.0,-74.43,-108.98
B29,2022-01-28 00:00:00+00:00,-74.43,-108.98,-74.47,-108.92,168.0,0.028535306237939723,338.0651091764655,4.447797065783044,0.026474982534422882,0.0,1,summer,0.04000000000000625,0.0,168.0,-74.39,-108.98
B29,2022-02-04 00:00:00+00:00,-74.39,-108.98,-74.43,-108.98,168.0,0.026474982534422882,0.0,10.203236495353849,0.06073355056758244,319.61096947426097,2,summer,0.07000000000000739,-0.21999999999999886,168.0,-74.32,-109.2
B29,2022-02-11 00:00:00+00:00,-74.32,-109.2,-74.39,-108.98,168.0,0.06073355056758244,319.61096947426097,5.544175052648143,0.03300104198004847,323.2922185354418,2,summer,0.03999999999999204,-0.10999999999999943,168.0,-74.28,-109.31
B29,2022-02-18 00:00:00+00:00,-74.28,-109.31,-74.32,-109.2,168.0,0.03300104198004847,323.2922185354418,10.75251155646491,0.01280060899579156,325.72639929501673,2,summer,0.0799999999999983,-0.20000000000000284,840.0,-74.2,-109.51
B29,2022-03-25 00:00:00+00:00,-74.2,-109.51,-74.28,-109.31,840.0,0.01280060899579156,325.72639929501673,1.5138090603483378,0.009010768216359153,269.97594455004236,3,autumn,0.0,-0.04999999999999716,168.0,-74.2,-109.56
B29,2022-04-01 00:00:00+00:00,-74.2,-109.56,-74.2,-109.51,168.0,0.009010768216359153,269.97594455004236,0.0,0.0,0.0,4,autumn,0.0,0.0,168.0,-74.2,-109.56
B29,2022-04-08 00:00:00+00:00,-74.2,-109.56,-74.2,-109.56,168.0,0.0,0.0,0.0,0.0,0.0,4,autumn,0.0,0.0,168.0,-74.2,-109.56
B29,2022-04-15 00:00:00+00:00,-74.2,-109.56,-74.2,-109.56,168.0,0.0,0.0,1.2662212267532253,0.0075370311116263414,28.588008399352702,4,autumn,0.010000000000005116,0.01999999999999602,168.0,-74.19,-109.54
B29,2022-04-22 00:00:00+00:00,-74.19,-109.54,-74.2,-109.56,168.0,0.0075370311116263414,28.588008399352702,0.30294855533359166,0.001803265210318998,269.995189147756,4,autumn,0.0,-0.009999999999990905,168.0,-74.19,-109.55
B29,2022-04-29 00:00:00+00:00,-74.19,-109.55,-74.19,-109.54,168.0,0.001803265210318998,269.995189147756,0.0,0.0,0.0,4,autumn,0.0,0.0,168.0,-74.19,-109.55
B29,2022-05-06 00:00:00+00:00,-74.19,-109.55,-74.19,-109.55,168.0,0.0,0.0,14.381733785637321,0.01712111164956824,313.93129641250675,5,autumn,0.09000000000000341,-0.3400000000000034,840.0,-74.1,-109.89
B29,2022-06-10 00:00:00+00:00,-74.1,-109.89,-74.19,-109.55,840.0,0.01712111164956824,313.93129641250675,0.0,0.0,0.0,6,winter,0.0,0.0,168.0,-74.1,-109.89
B29,2022-06-17 00:00:00+00:00,-74.1,-109.89,-74.1,-109.89,168.0,0.0,0.0,0.0,0.0,0.0,6,winter,0.0,0.0,168.0,-74.1,-109.89
B29,2022-06-24 00:00:00+00:00,-74.1,-109.89,-74.1,-109.89,168.0,0.0,0.0,0.0,0.0,0.0,6,winter,0.0,0.0,168.0,-74.1,-109.89
B29,2022-07-01 00:00:00+00:00,-74.1,-109.89,-74.1,-109.89,168.0,0.0,0.0,6.602845173500446,0.03930264984226456,312.26996044998094,7,winter,0.03999999999999204,-0.1599999999999966,168.0,-74.06,-110.05
B29,2022-07-08 00:00:00+00:00,-74.06,-110.05,-74.1,-109.89,168.0,0.03930264984226456,312.26996044998094,1.5268762815624566,0.009088549295014622,269.97596125449184,7,winter,0.0,-0.04999999999999716,168.0,-74.06,-110.1
B29,2022-07-15 00:00:00+00:00,-74.06,-110.1,-74.06,-110.05,168.0,0.009088549295014622,269.97596125449184,1.1531444873038112,0.006863955281570305,15.365849119085453,7,winter,0.010000000000005116,0.009999999999990905,168.0,-74.05,-110.09
B29,2022-07-22 00:00:00+00:00,-74.05,-110.09,-74.06,-110.1,168.0,0.006863955281570305,15.365849119085453,2.143741645672673,0.0031900917346319537,238.72636623622589,7,winter,-0.010000000000005116,-0.060000000000002274,672.0,-74.06,-110.15
B29,2022-08-19 00:00:00+00:00,-74.06,-110.15,-74.05,-110.09,672.0,0.0031900917346319537,238.72636623622589,0.0,0.0,0.0,8,winter,0.0,0.0,168.0,-74.06,-110.15
B29,2022-08-26 00:00:00+00:00,-74.06,-110.15,-74.06,-110.15,168.0,0.0,0.0,0.0,0.0,0.0,8,winter,0.0,0.0,168.0,-74.06,-110.15
B29,2022-09-02 00:00:00+00:00,-74.06,-110.15,-74.06,-110.15,168.0,0.0,0.0,0.0,0.0,0.0,9,spring,0.0,0.0,168.0,-74.06,-110.15
B29,2022-09-09 00:00:00+00:00,-74.06,-110.15,-74.06,-110.15,168.0,0.0,0.0,0.0,0.0,0.0,9,spring,0.0,0.0,168.0,-74.06,-110.15
B29,2022-09-16 00:00:00+00:00,-74.06,-110.15,-74.06,-110.15,168.0,0.0,0.0,0.0,0.0,0.0,9,spring,0.0,0.0,168.0,-74.06,-110.15
B29,2022-09-23 00:00:00+00:00,-74.06,-110.15,-74.06,-110.15,168.0,0.0,0.0,1.1119492664461563,0.0013237491267216147,0.0,9,spring,0.010000000000005116,0.0,840.0,-74.05,-110.15
B29,2022-10-28 00:00:00+00:00,-74.05,-110.15,-74.06,-110.15,840.0,0.0013237491267216147,0.0,0.0,0.0,0.0,10,spring,0.0,0.0,168.0,-74.05,-110.15
B29,2022-11-04 00:00:00+00:00,-74.05,-110.15,-74.05,-110.15,168.0,0.0,0.0,1.4412691683311203,0.008578983144828098,39.52501393008265,11,spring,0.009999999999990905,0.030000000000001137,168.0,-74.04,-110.12
B29,2022-11-11 00:00:00+00:00,-74.04,-110.12,-74.05,-110.15,168.0,0.008578983144828098,39.52501393008265,4.541617718536297,0.02703343880081129,348.31929957720666,11,spring,0.04000000000000625,-0.030000000000001137,168.0,-74.0,-110.15
B29,2022-11-18 00:00:00+00:00,-74.0,-110.15,-74.04,-110.12,168.0,0.02703343880081129,348.31929957720666,0.3064947552459754,0.001824373543130806,269.99519369155144,11,spring,0.0,-0.009999999999990905,168.0,-74.0,-110.16
B29,2022-11-25 00:00:00+00:00,-74.0,-110.16,-74.0,-110.15,168.0,0.001824373543130806,269.99519369155144,2.3069326450113894,0.013731741934591604,15.428741630504987,11,spring,0.01999999999999602,0.01999999999999602,168.0,-73.98,-110.14
B29,2022-12-02 00:00:00+00:00,-73.98,-110.14,-74.0,-110.16,168.0,0.013731741934591604,15.428741630504987,1.895272776658109,0.011281385575345887,54.10112561877469,12,summer,0.010000000000005116,0.04999999999999716,168.0,-73.97,-110.09
B29,2022-12-09 00:00:00+00:00,-73.97,-110.09,-73.98,-110.14,168.0,0.011281385575345887,54.10112561877469,26.391210821435262,0.031418108120756266,327.20111002623514,12,summer,0.20000000000000284,-0.45999999999999375,840.0,-73.77,-110.55
B29,2023-01-13 00:00:00+00:00,-73.77,-110.55,-73.97,-110.09,840.0,0.031418108120756266,327.20111002623514,0.0,0.0,0.0,1,summer,0.0,0.0,168.0,-73.77,-110.55
B29,2023-01-20 00:00:00+00:00,-73.77,-110.55,-73.77,-110.55,168.0,0.0,0.0,0.6215660187037969,0.0036997977303797436,269.9903985252573,1,summer,0.0,-0.01999999999999602,168.0,-73.77,-110.57
B29,2023-01-27 00:00:00+00:00,-73.77,-110.57,-73.77,-110.55,168.0,0.0036997977303797436,269.9903985252573,0.3107830104426101,0.001849898871682203,90.00480073733195,1,summer,0.0,0.009999999999990905,168.0,-73.77,-110.56
B29,2023-02-03 00:00:00+00:00,-73.77,-110.56,-73.77,-110.57,168.0,0.001849898871682203,90.00480073733195,2.2455348096420136,0.01336627862882151,352.0351015905012,2,summer,0.01999999999999602,-0.009999999999990905,168.0,-73.75,-110.57
B29,2023-02-10 00:00:00+00:00,-73.75,-110.57,-73.77,-110.56,168.0,0.01336627862882151,352.0351015905012,0.0,0.0,0.0,2,summer,0.0,0.0,168.0,-73.75,-110.57
B29,2023-02-17 00:00:00+00:00,-73.75,-110.57,-73.75,-110.57,168.0,0.0,0.0,1.1119492664461563,0.006618745633608074,0.0,2,summer,0.010000000000005116,0.0,168.0,-73.74,-110.57
B29,2023-02-24 00:00:00+00:00,-73.74,-110.57,-73.75,-110.57,168.0,0.006618745633608074,0.0,1.1547393665772396,0.0013746897221157614,15.651315061202183,2,summer,0.009999999999990905,0.009999999999990905,840.0,-73.73,-110.56
B29,2023-03-31 00:00:00+00:00,-73.73,-110.56,-73.74,-110.57,840.0,0.0013746897221157614,15.651315061202183,0.31152828467934496,0.0018543350278532437,269.9952002394235,3,autumn,0.0,-0.009999999999990905,168.0,-73.73,-110.57
B29,2023-04-07 00:00:00+00:00,-73.73,-110.57,-73.73,-110.56,168.0,0.0018543350278532437,269.9952002394235,0.0,0.0,0.0,4,autumn,0.0,0.0,168.0,-73.73,-110.57
B29,2023-04-14 00:00:00+00:00,-73.73,-110.57,-73.73,-110.57,168.0,0.0,0.0,0.0,0.0,0.0,4,autumn,0.0,0.0,168.0,-73.73,-110.57
B29,2023-04-21 00:00:00+00:00,-73.73,-110.57,-73.73,-110.57,168.0,0.0,0.0,0.0,0.0,0.0,4,autumn,0.0,0.0,168.0,-73.73,-110.57
B29,2023-04-28 00:00:00+00:00,-73.73,-110.57,-73.73,-110.57,168.0,0.0,0.0,0.0,0.0,0.0,4,autumn,0.0,0.0,168.0,-73.73,-110.57
B29,2023-05-05 00:00:00+00:00,-73.73,-110.57,-73.73,-110.57,168.0,0.0,0.0,0.0,0.0,0.0,5,autumn,0.0,0.0,168.0,-73.73,-110.57
B29,2023-05-12 00:00:00+00:00,-73.73,-110.57,-73.73,-110.57,168.0,0.0,0.0,0.6230565671733679,0.0007635497146732449,269.9904004788008,5,autumn,0.0,-0.020000000000010232,816.0,-73.73,-110.59
B29,2023-06-15 00:00:00+00:00,-73.73,-110.59,-73.73,-110.57,816.0,0.0007635497146732449,269.9904004788008,3.016980329579092,0.01571343921655777,291.5838572106684,6,winter,0.010000000000005116,-0.09000000000000341,192.0,-73.72,-110.68
B29,2023-06-23 00:00:00+00:00,-73.72,-110.68,-73.73,-110.59,192.0,0.01571343921655777,291.5838572106684,3.016980329579092,0.12570751373246217,111.67025070220518,6,winter,-0.010000000000005116,0.09000000000000341,24.0,-73.73,-110.59
B29,2023-06-24 00:00:00+00:00,-73.73,-110.59,-73.72,-110.68,24.0,0.12570751373246217,111.67025070220518,0.6230565671733679,0.004326781716481721,90.00959952119922,6,winter,0.0,0.020000000000010232,144.0,-73.73,-110.57
B29,2023-06-30 00:00:00+00:00,-73.73,-110.57,-73.73,-110.59,144.0,0.004326781716481721,90.00959952119922,0.0,0.0,0.0,6,winter,0.0,0.0,168.0,-73.73,-110.57
B29,2023-07-07 00:00:00+00:00,-73.73,-110.57,-73.73,-110.57,168.0,0.0,0.0,0.0,0.0,0.0,7,winter,0.0,0.0,168.0,-73.73,-110.57
B29,2023-07-14 00:00:00+00:00,-73.73,-110.57,-73.73,-110.57,168.0,0.0,0.0,0.0,0.0,0.0,7,winter,0.0,0.0,168.0,-73.73,-110.57
B29,2023-07-21 00:00:00+00:00,-73.73,-110.57,-73.73,-110.57,168.0,0.0,0.0,0.0,0.0,0.0,7,winter,0.0,0.0,672.0,-73.73,-110.57
B29,2023-08-18 00:00:00+00:00,-73.73,-110.57,-73.73,-110.57,672.0,0.0,0.0,0.0,0.0,0.0,8,winter,0.0,0.0,168.0,-73.73,-110.57
B29,2023-08-25 00:00:00+00:00,-73.73,-110.57,-73.73,-110.57,168.0,0.0,0.0,0.0,0.0,0.0,8,winter,0.0,0.0,168.0,-73.73,-110.57
B29,2023-09-01 00:00:00+00:00,-73.73,-110.57,-73.73,-110.57,168.0,0.0,0.0,5.744846707665412,0.03419551611705603,305.4255045257244,9,spring,0.030000000000001137,-0.15000000000000568,168.0,-73.7,-110.72
B29,2023-09-08 00:00:00+00:00,-73.7,-110.72,-73.73,-110.57,168.0,0.03419551611705603,305.4255045257244,5.493975897136246,0.032702237482953846,127.4532400527442,9,spring,-0.030000000000001137,0.14000000000000057,168.0,-73.73,-110.58
B29,2023-09-15 00:00:00+00:00,-73.73,-110.58,-73.7,-110.72,168.0,0.032702237482953846,127.4532400527442,1.913433268872096,0.011389483743286286,125.5539008756844,9,spring,-0.009999999999990905,0.04999999999999716,168.0,-73.74,-110.53
B29,2023-09-22 00:00:00+00:00,-73.74,-110.53,-73.73,-110.58,168.0,0.011389483743286286,125.5539008756844,2.3093280265731604,0.012027750138401877,164.37643876426807,9,spring,-0.020000000000010232,0.01999999999999602,192.0,-73.76,-110.51
B29,2023-09-30 00:00:00+00:00,-73.76,-110.51,-73.74,-110.53,192.0,0.012027750138401877,164.37643876426807,2.30932802657328,0.002830058856094706,15.64276223313692,9,spring,0.020000000000010232,0.020000000000010232,816.0,-73.74,-110.49
B29,2023-11-03 00:00:00+00:00,-73.74,-110.49,-73.76,-110.51,816.0,0.002830058856094706,15.64276223313692,3.3051491823063737,0.022952424877127595,109.70747450826087,11,spring,-0.010000000000005116,0.09999999999999432,144.0,-73.75,-110.39
B29,2023-11-09 00:00:00+00:00,-73.75,-110.39,-73.74,-110.49,144.0,0.022952424877127595,109.70747450826087,0.0,0.0,0.0,11,spring,0.0,0.0,192.0,-73.75,-110.39
B29,2023-11-17 00:00:00+00:00,-73.75,-110.39,-73.75,-110.39,192.0,0.0,0.0,28.472883392888285,0.16948144876719218,42.39101397267757,11,spring,0.18999999999999773,0.6099999999999994,168.0,-73.56,-109.78
B29,2023-11-24 00:00:00+00:00,-73.56,-109.78,-73.75,-110.39,168.0,0.16948144876719218,42.39101397267757,30.376305029261093,0.09040566972994372,228.434367278997,11,spring,-0.1799999999999926,-0.730000000000004,336.0,-73.74,-110.51
B29,2023-12-08 00:00:00+00:00,-73.74,-110.51,-73.56,-109.78,336.0,0.09040566972994372,228.434367278997,0.0,0.0,0.0,12,summer,0.0,0.0,168.0,-73.74,-110.51
B29,2023-12-15 00:00:00+00:00,-73.74,-110.51,-73.74,-110.51,168.0,0.0,0.0,0.31134198034095684,0.002162097085701089,90.00480000495378,12,summer,0.0,0.010000000000005116,144.0,-73.74,-110.5
B39,2022-01-14 00:00:00+00:00,-74.88,-28.63,-74.88,-28.82,168.0,0.032802414028253846,90.09171126140984,21.04088258736312,0.1252433487343043,118.70848546924668,1,summer,-0.09000000000000341,0.6400000000000006,168.0,-74.97,-27.99
B39,2022-01-21 00:00:00+00:00,-74.97,-27.99,-74.88,-28.63,168.0,0.1252433487343043,118.70848546924668,703.5129024830156,0.055099694743343954,258.4928882555298,1,summer,0.03999999999999204,-24.540000000000003,12768.0,-74.93,-52.53
B39,2023-07-07 00:00:00+00:00,-74.93,-52.53,-74.97,-27.99,12768.0,0.055099694743343954,258.4928882555298,32.251809638851924,0.1919750573741186,1.0465586578200146,7,winter,0.29000000000000625,0.020000000000003126,168.0,-74.64,-52.51
B39,2023-07-14 00:00:00+00:00,-74.64,-52.51,-74.93,-52.53,168.0,0.1919750573741186,1.0465586578200146,0.0,0.0,0.0,7,winter,0.0,0.0,168.0,-74.64,-52.51
B39,2023-07-21 00:00:00+00:00,-74.64,-52.51,-74.64,-52.51,168.0,0.0,0.0,145.24500672512113,0.21613840286476357,333.6052366671146,7,winter,1.1800000000000068,-2.039999999999999,672.0,-73.46,-54.55
B39,2023-08-18 00:00:00+00:00,-73.46,-54.55,-74.64,-52.51,672.0,0.21613840286476357,333.6052366671146,0.0,0.0,0.0,8,winter,0.0,0.0,168.0,-73.46,-54.55
B39,2023-08-25 00:00:00+00:00,-73.46,-54.55,-73.46,-54.55,168.0,0.0,0.0,33.935137427638516,0.20199486564070546,203.2352185941262,8,winter,-0.28000000000000114,-0.4299999999999997,168.0,-73.74,-54.98
B39,2023-09-01 00:00:00+00:00,-73.74,-54.98,-73.46,-54.55,168.0,0.20199486564070546,203.2352185941262,45.83432807477857,0.27282338139749146,354.0080027081045,9,spring,0.4099999999999966,-0.15000000000000568,168.0,-73.33,-55.13
B39,2023-09-08 00:00:00+00:00,-73.33,-55.13,-73.74,-54.98,168.0,0.27282338139749146,354.0080027081045,49.486687714190246,0.2945636173463705,8.745632222211896,9,spring,0.4399999999999977,0.23000000000000398,168.0,-72.89,-54.9
B39,2023-09-15 00:00:00+00:00,-72.89,-54.9,-73.33,-55.13,168.0,0.2945636173463705,8.745632222211896,56.806416335618984,0.3381334305691606,3.396928073873198,9,spring,0.5100000000000051,0.10000000000000142,168.0,-72.38,-54.8
B39,2023-09-22 00:00:00+00:00,-72.38,-54.8,-72.89,-54.9,168.0,0.3381334305691606,3.396928073873198,31.397188840916584,0.16352702521310722,42.246321513620785,9,spring,0.20999999999999375,0.6199999999999974,192.0,-72.17,-54.18
B39,2023-09-30 00:00:00+00:00,-72.17,-54.18,-72.38,-54.8,192.0,0.16352702521310722,42.246321513620785,111.7787140289736,0.13698371817276175,344.37776671853135,9,spring,0.9699999999999989,-0.8400000000000034,816.0,-71.2,-55.02
B39,2023-11-03 00:00:00+00:00,-71.2,-55.02,-72.17,-54.18,816.0,0.13698371817276175,344.37776671853135,16.06889812196136,0.11158957029139834,40.56844328872546,11,spring,0.10999999999999943,0.29000000000000625,144.0,-71.09,-54.73
B39,2023-11-09 00:00:00+00:00,-71.09,-54.73,-71.2,-55.02,144.0,0.11158957029139834,40.56844328872546,12.27939232571556,0.06395516836310187,354.92070815855527,11,spring,0.10999999999999943,-0.030000000000001137,192.0,-70.98,-54.76
B39,2023-11-17 00:00:00+00:00,-70.98,-54.76,-71.09,-54.73,192.0,0.06395516836310187,354.92070815855527,13.693943874236457,0.08151157067997891,324.1877680712444,11,spring,0.10000000000000853,-0.21999999999999886,168.0,-70.88,-54.98
B39,2023-11-24 00:00:00+00:00,-70.88,-54.98,-70.98,-54.76,168.0,0.08151157067997891,324.1877680712444,43.42743779969599,0.1292483267848095,260.60563267201195,11,spring,-0.060000000000002274,-1.1799999999999997,336.0,-70.94,-56.16
B39,2023-12-08 00:00:00+00:00,-70.94,-56.16,-70.88,-54.98,336.0,0.1292483267848095,260.60563267201195,18.801261632156308,0.11191227161997802,320.0945178100782,12,summer,0.12999999999999545,-0.3300000000000054,168.0,-70.81,-56.49
B39,2023-12-15 00:00:00+00:00,-70.81,-56.49,-70.94,-56.16,168.0,0.11191227161997802,320.0945178100782,8.938098691736757,0.062070129803727475,29.5004248714485,12,summer,0.07000000000000739,0.12000000000000455,144.0,-70.74,-56.37
B40,2022-01-14 00:00:00+00:00,-65.61,132.13,-65.61,132.13,168.0,0.0,0.0,3.3673379918077306,0.020043678522665063,352.15355136530894,1,summer,0.030000000000001137,-0.009999999999990905,168.0,-65.58,132.12
B40,2022-01-21 00:00:00+00:00,-65.58,132.12,-65.61,132.13,168.0,0.020043678522665063,352.15355136530894,14.00976227612099,0.08339144211976779,246.49128903932626,1,summer,-0.04999999999999716,-0.28000000000000114,168.0,-65.63,131.84
B40,2022-01-28 00:00:00+00:00,-65.63,131.84,-65.58,132.12,168.0,0.08339144211976779,246.49128903932626,11.868168401050278,0.07064385953006118,247.88081404965317,1,summer,-0.04000000000000625,-0.2400000000000091,168.0,-65.67,131.6
B40,2022-02-04 00:00:00+00:00,-65.67,131.6,-65.63,131.84,168.0,0.07064385953006118,247.88081404965317,19.931887701829588,0.1186421887013666,292.80404532317175,2,summer,0.07000000000000739,-0.4000000000000057,168.0,-65.6,131.2
B40,2022-02-11 00:00:00+00:00,-65.6,131.2,-65.67,131.6,168.0,0.1186421887013666,292.80404532317175,16.53661947793615,0.09843225879723898,269.83607684902296,2,summer,0.0,-0.3599999999999852,168.0,-65.6,130.84
B40,2022-02-18 00:00:00+00:00,-65.6,130.84,-65.6,131.2,168.0,0.09843225879723898,269.83607684902296,117.51057216020692,0.13989353828596063,291.16788854039856,2,summer,0.3999999999999915,-2.3499999999999943,840.0,-65.2,128.49
B42,2022-01-14 00:00:00+00:00,-71.55,-147.72,-71.64,-148.13,168.0,0.10435215097006248,55.38571837345961,13.071300696760694,0.07780536129024222,274.7044238884735,1,summer,0.009999999999990905,-0.37000000000000455,168.0,-71.54,-148.09
B42,2022-01-21 00:00:00+00:00,-71.54,-148.09,-71.55,-147.72,168.0,0.07780536129024222,274.7044238884735,5.955135685809468,0.035447236225056356,55.99933616349563,1,summer,0.030000000000001137,0.14000000000001478,168.0,-71.51,-147.95
B42,2022-01-28 00:00:00+00:00,-71.51,-147.95,-71.54,-148.09,168.0,0.035447236225056356,55.99933616349563,11.473599435227708,0.06829523473349826,14.309760273205882,1,summer,0.10000000000000853,0.07999999999998408,168.0,-71.41,-147.87
B42,2022-02-04 00:00:00+00:00,-71.41,-147.87,-71.51,-147.95,168.0,0.06829523473349826,14.309760273205882,10.164007168915294,0.06050004267211485,10.090039397414898,2,summer,0.09000000000000341,0.05000000000001137,168.0,-71.32,-147.82
B42,2022-02-11 00:00:00+00:00,-71.32,-147.82,-71.41,-147.87,168.0,0.06050004267211485,10.090039397414898,41.99270868921129,0.2499565993405434,281.6848180783553,2,summer,0.0799999999999983,-1.1500000000000057,168.0,-71.24,-148.97
B42,2022-02-18 00:00:00+00:00,-71.24,-148.97,-71.32,-147.82,168.0,0.2499565993405434,281.6848180783553,149.67348161836475,0.17818271621233897,322.9299169476576,2,summer,1.0899999999999892,-2.390000000000015,840.0,-70.15,-151.36
B42,2022-03-25 00:00:00+00:00,-70.15,-151.36,-71.24,-148.97,840.0,0.17818271621233897,322.9299169476576,47.29591790017086,0.2815233208343504,312.55555238710775,3,autumn,0.29000000000000625,-0.9099999999999966,168.0,-69.86,-152.27
B42,2022-04-01 00:00:00+00:00,-69.86,-152.27,-70.15,-151.36,168.0,0.2815233208343504,312.55555238710775,11.542238893519345,0.06870380293761515,84.61254170734321,4,autumn,0.010000000000005116,0.30000000000001137,168.0,-69.85,-151.97
B42,2022-04-08 00:00:00+00:00,-69.85,-151.97,-69.86,-152.27,168.0,0.06870380293761515,84.61254170734321,14.501225122720815,0.08631681620667152,355.4267530579999,4,autumn,0.12999999999999545,-0.030000000000001137,168.0,-69.72,-152.0
B42,2022-04-15 00:00:00+00:00,-69.72,-152.0,-69.85,-151.97,168.0,0.08631681620667152,355.4267530579999,56.68739786103736,0.3374249872680795,19.918715577802516,4,autumn,0.480000000000004,0.4900000000000091,168.0,-69.24,-151.51
B42,2022-04-22 00:00:00+00:00,-69.24,-151.51,-69.72,-152.0,168.0,0.3374249872680795,19.918715577802516,78.88202452181517,0.4695358602488998,336.0142305481294,4,autumn,0.6499999999999915,-0.7900000000000205,168.0,-68.59,-152.3
B42,2022-04-29 00:00:00+00:00,-68.59,-152.3,-69.24,-151.51,168.0,0.4695358602488998,336.0142305481294,21.546405664240645,0.12825241466809909,272.7114528065407,4,autumn,0.010000000000005116,-0.5300000000000011,168.0,-68.58,-152.83
B42,2022-05-06 00:00:00+00:00,-68.58,-152.83,-68.59,-152.3,168.0,0.12825241466809909,272.7114528065407,162.16486720823693,0.1930534133431392,39.7267534232746,5,autumn,1.1400000000000006,2.430000000000007,840.0,-67.44,-150.4
B42,2022-06-10 00:00:00+00:00,-67.44,-150.4,-68.58,-152.83,840.0,0.1930534133431392,39.7267534232746,54.16827962710679,0.3224302358756357,334.3341295817635,6,winter,0.4399999999999977,-0.539999999999992,168.0,-67.0,-150.94
B42,2022-06-17 00:00:00+00:00,-67.0,-150.94,-67.44,-150.4,168.0,0.3224302358756357,334.3341295817635,43.36823264073655,0.25814424190914614,359.4167915734188,6,winter,0.39000000000000057,-0.009999999999990905,168.0,-66.61,-150.95
B42,2022-06-24 00:00:00+00:00,-66.61,-150.95,-67.0,-150.94,168.0,0.25814424190914614,359.4167915734188,68.37201191312491,0.40697626138764825,69.69734183358298,6,winter,0.21999999999999886,1.4399999999999977,168.0,-66.39,-149.51
B42,2022-07-01 00:00:00+00:00,-66.39,-149.51,-66.61,-150.95,168.0,0.40697626138764825,69.69734183358298,71.69866850967466,0.42677778874806344,90.73762352264362,7,winter,0.0,1.6099999999999852,168.0,-66.39,-147.9
B42,2022-07-08 00:00:00+00:00,-66.39,-147.9,-66.39,-149.51,168.0,0.42677778874806344,90.73762352264362,41.47958852373346,0.2469023126412706,20.387269229839603,7,winter,0.3499999999999943,0.3199999999999932,168.0,-66.04,-147.58
B42,2022-07-15 00:00:00+00:00,-66.04,-147.58,-66.39,-147.9,168.0,0.2469023126412706,20.387269229839603,55.0779543570141,0.3278449664107982,105.75428100350058,7,winter,-0.12999999999999545,1.1800000000000068,168.0,-66.17,-146.4
B42,2022-07-22 00:00:00+00:00,-66.17,-146.4,-66.04,-147.58,168.0,0.3278449664107982,105.75428100350058,197.866885952112,0.29444477076207143,43.44462701910447,7,winter,1.3200000000000074,2.8799999999999955,672.0,-64.85,-143.52
B42,2022-08-19 00:00:00+00:00,-64.85,-143.52,-66.17,-146.4,672.0,0.29444477076207143,43.44462701910447,124.5775447301261,0.7415330043459887,61.03700236649604,8,winter,0.5599999999999881,2.2600000000000193,168.0,-64.29,-141.26
B42,2022-08-26 00:00:00+00:00,-64.29,-141.26,-64.85,-143.52,168.0,0.7415330043459887,61.03700236649604,89.39250083469247,0.5320982192541218,29.86397550611042,8,winter,0.7000000000000028,0.8999999999999773,168.0,-63.59,-140.36
B42,2022-09-02 00:00:00+00:00,-63.59,-140.36,-64.29,-141.26,168.0,0.5320982192541218,29.86397550611042,57.015010714510545,0.3393750637768485,54.60839104102337,9,spring,0.30000000000000426,0.9300000000000068,168.0,-63.29,-139.43
B42,2022-09-09 00:00:00+00:00,-63.29,-139.43,-63.59,-140.36,168.0,0.3393750637768485,54.60839104102337,68.69264522045916,0.40888479297892355,37.888217209942525,9,spring,0.490000000000002,0.8300000000000125,168.0,-62.8,-138.6
B42,2022-09-16 00:00:00+00:00,-62.8,-138.6,-63.29,-139.43,168.0,0.40888479297892355,37.888217209942525,28.052530314142764,0.16697934710799264,85.69765278529701,9,spring,0.01999999999999602,0.549999999999983,168.0,-62.78,-138.05
B45,2022-01-14 00:00:00+00:00,-74.67,-109.32,-74.67,-109.32,168.0,0.0,0.0,0.0,0.0,0.0,1,summer,0.0,0.0,168.0,-74.67,-109.32
B45,2022-01-21 00:00:00+00:00,-74.67,-109.32,-74.67,-109.32,168.0,0.0,0.0,0.5879499655429555,0.0034997021758509258,90.009644191228,1,summer,0.0,0.01999999999999602,168.0,-74.67,-109.3
B45,2022-01-28 00:00:00+00:00,-74.67,-109.3,-74.67,-109.32,168.0,0.0034997021758509258,90.009644191228,1.150177153160857,0.006846292578338434,14.818254310584052,1,summer,0.010000000000005116,0.009999999999990905,168.0,-74.66,-109.29
B45,2022-02-04 00:00:00+00:00,-74.66,-109.29,-74.67,-109.3,168.0,0.006846292578338434,14.818254310584052,4.786016620985615,0.028488194172533423,338.30193338202497,2,summer,0.03999999999999204,-0.05999999999998806,168.0,-74.62,-109.35
B45,2022-02-11 00:00:00+00:00,-74.62,-109.35,-74.66,-109.29,168.0,0.028488194172533423,338.30193338202497,4.78767669541883,0.02849807556796923,338.2519925725416,2,summer,0.04000000000000625,-0.060000000000002274,168.0,-74.58,-109.41
B45,2022-02-18 00:00:00+00:00,-74.58,-109.41,-74.62,-109.35,168.0,0.02849807556796923,338.2519925725416,8.963283264221355,0.010670575314549232,330.19995972536384,2,summer,0.06999999999999318,-0.15000000000000568,840.0,-74.51,-109.56
B45,2022-03-25 00:00:00+00:00,-74.51,-109.56,-74.58,-109.41,840.0,0.010670575314549232,330.19995972536384,1.4246557088576615,0.008480093505105127,218.67881623092694,3,autumn,-0.009999999999990905,-0.030000000000001137,168.0,-74.52,-109.59
B45,2022-04-01 00:00:00+00:00,-74.52,-109.59,-74.51,-109.56,168.0,0.008480093505105127,218.67881623092694,0.0,0.0,0.0,4,autumn,0.0,0.0,168.0,-74.52,-109.59
B45,2022-04-08 00:00:00+00:00,-74.52,-109.59,-74.52,-109.59,168.0,0.0,0.0,0.0,0.0,0.0,4,autumn,0.0,0.0,168.0,-74.52,-109.59
B45,2022-04-15 00:00:00+00:00,-74.52,-109.59,-74.52,-109.59,168.0,0.0,0.0,1.111949266444576,0.006618745633598667,0.0,4,autumn,0.009999999999990905,0.0,168.0,-74.51,-109.59
B45,2022-04-22 00:00:00+00:00,-74.51,-109.59,-74.52,-109.59,168.0,0.006618745633598667,0.0,0.29696849791477287,0.0017676696304450765,269.99518161463834,4,autumn,0.0,-0.009999999999990905,168.0,-74.51,-109.6
B45,2022-04-29 00:00:00+00:00,-74.51,-109.6,-74.51,-109.59,168.0,0.0017676696304450765,269.99518161463834,0.0,0.0,0.0,4,autumn,0.0,0.0,168.0,-74.51,-109.6
B45,2022-05-06 00:00:00+00:00,-74.51,-109.6,-74.51,-109.6,168.0,0.0,0.0,5.350153272101305,0.006369230085834887,326.1884368274433,5,autumn,0.04000000000000625,-0.10000000000000853,840.0,-74.47,-109.7
B45,2022-06-10 00:00:00+00:00,-74.47,-109.7,-74.51,-109.6,840.0,0.006369230085834887,326.1884368274433,0.0,0.0,0.0,6,winter,0.0,0.0,168.0,-74.47,-109.7
B45,2022-06-17 00:00:00+00:00,-74.47,-109.7,-74.47,-109.7,168.0,0.0,0.0,0.0,0.0,0.0,6,winter,0.0,0.0,168.0,-74.47,-109.7
B45,2022-06-24 00:00:00+00:00,-74.47,-109.7,-74.47,-109.7,168.0,0.0,0.0,0.0,0.0,0.0,6,winter,0.0,0.0,168.0,-74.47,-109.7
B45,2022-07-01 00:00:00+00:00,-74.47,-109.7,-74.47,-109.7,168.0,0.0,0.0,3.453563322885057,0.020556924540982482,344.98309266792705,7,winter,0.030000000000001137,-0.030000000000001137,168.0,-74.44,-109.73
B45,2022-07-08 00:00:00+00:00,-74.44,-109.73,-74.47,-109.7,168.0,0.020556924540982482,344.98309266792705,0.0,0.0,0.0,7,winter,0.0,0.0,168.0,-74.44,-109.73
B45,2022-07-15 00:00:00+00:00,-74.44,-109.73,-74.44,-109.73,168.0,0.0,0.0,2.2438372578326713,0.013356174153765901,352.35132119813227,7,winter,0.01999999999999602,-0.009999999999990905,168.0,-74.42,-109.74
B45,2022-07-22 00:00:00+00:00,-74.42,-109.74,-74.44,-109.73,168.0,0.013356174153765901,352.35132119813227,2.5240879372453118,0.0037560832399483805,208.20901487282362,7,winter,-0.01999999999999602,-0.04000000000000625,672.0,-74.44,-109.78
B45,2022-08-19 00:00:00+00:00,-74.44,-109.78,-74.42,-109.74,672.0,0.0037560832399483805,208.20901487282362,0.0,0.0,0.0,8,winter,0.0,0.0,168.0,-74.44,-109.78
B45,2022-08-26 00:00:00+00:00,-74.44,-109.78,-74.44,-109.78,168.0,0.0,0.0,0.0,0.0,0.0,8,winter,0.0,0.0,168.0,-74.44,-109.78
B45,2022-09-02 00:00:00+00:00,-74.44,-109.78,-74.44,-109.78,168.0,0.0,0.0,0.0,0.0,0.0,9,spring,0.0,0.0,168.0,-74.44,-109.78
B45,2022-09-09 00:00:00+00:00,-74.44,-109.78,-74.44,-109.78,168.0,0.0,0.0,0.0,0.0,0.0,9,spring,0.0,0.0,168.0,-74.44,-109.78
B45,2022-09-16 00:00:00+00:00,-74.44,-109.78,-74.44,-109.78,168.0,0.0,0.0,0.0,0.0,0.0,9,spring,0.0,0.0,168.0,-74.44,-109.78
B45,2022-09-23 00:00:00+00:00,-74.44,-109.78,-74.44,-109.78,168.0,0.0,0.0,0.2982774334938684,0.00035509218273079577,90.00481675038463,9,spring,0.0,0.010000000000005116,840.0,-74.44,-109.77
B45,2022-10-28 00:00:00+00:00,-74.44,-109.77,-74.44,-109.78,840.0,0.00035509218273079577,90.00481675038463,0.0,0.0,0.0,10,spring,0.0,0.0,168.0,-74.44,-109.77
B45,2022-11-04 00:00:00+00:00,-74.44,-109.77,-74.44,-109.77,168.0,0.0,0.0,0.0,0.0,0.0,11,spring,0.0,0.0,168.0,-74.44,-109.77
B45,2022-11-11 00:00:00+00:00,-74.44,-109.77,-74.44,-109.77,168.0,0.0,0.0,1.1512846577792921,0.006852884867733881,15.025247093417875,11,spring,0.009999999999990905,0.009999999999990905,168.0,-74.43,-109.76
B45,2022-11-18 00:00:00+00:00,-74.43,-109.76,-74.44,-109.77,168.0,0.006852884867733881,15.025247093417875,0.2984643879917615,0.0017765737380461995,269.995183483813,11,spring,0.0,-0.009999999999990905,168.0,-74.43,-109.77
B45,2022-11-25 00:00:00+00:00,-74.43,-109.77,-74.43,-109.76,168.0,0.0017765737380461995,269.995183483813,0.0,0.0,0.0,11,spring,0.0,0.0,168.0,-74.43,-109.77
B45,2022-12-02 00:00:00+00:00,-74.43,-109.77,-74.43,-109.77,168.0,0.0,0.0,0.0,0.0,0.0,12,summer,0.0,0.0,168.0,-74.43,-109.77
B45,2022-12-09 00:00:00+00:00,-74.43,-109.77,-74.43,-109.77,168.0,0.0,0.0,0.0,0.0,0.0,12,summer,0.0,0.0,840.0,-74.43,-109.77
B45,2023-01-13 00:00:00+00:00,-74.43,-109.77,-74.43,-109.77,840.0,0.0,0.0,0.0,0.0,0.0,1,summer,0.0,0.0,168.0,-74.43,-109.77
B45,2023-01-20 00:00:00+00:00,-74.43,-109.77,-74.43,-109.77,168.0,0.0,0.0,0.0,0.0,0.0,1,summer,0.0,0.0,168.0,-74.43,-109.77
B45,2023-01-27 00:00:00+00:00,-74.43,-109.77,-74.43,-109.77,168.0,0.0,0.0,10.11881921004678,0.060231066726468926,351.47093455470207,1,summer,0.09000000000000341,-0.04999999999999716,168.0,-74.34,-109.82
B45,2023-02-03 00:00:00+00:00,-74.34,-109.82,-74.43,-109.77,168.0,0.060231066726468926,351.47093455470207,19.96028121207927,0.11881119769094803,27.103957518166226,2,summer,0.1599999999999966,0.29999999999999716,168.0,-74.18,-109.52
B45,2023-02-10 00:00:00+00:00,-74.18,-109.52,-74.34,-109.82,168.0,0.11881119769094803,27.103957518166226,58.99310889046168,0.3511494576813195,28.0691786021643,2,summer,0.4700000000000131,0.8900000000000006,168.0,-73.71,-108.63
B45,2023-02-17 00:00:00+00:00,-73.71,-108.63,-74.18,-109.52,168.0,0.3511494576813195,28.0691786021643,42.283493530046165,0.25168746148837,2.1616299075477627,2,summer,0.37999999999999545,0.04999999999999716,168.0,-73.33,-108.58
B45,2023-02-24 00:00:00+00:00,-73.33,-108.58,-73.71,-108.63,168.0,0.25168746148837,2.1616299075477627,49.1815106883682,0.05854941748615262,313.9736469380931,2,summer,0.3100000000000023,-1.0900000000000034,840.0,-73.02,-109.67
B45,2023-03-31 00:00:00+00:00,-73.02,-109.67,-73.33,-108.58,840.0,0.05854941748615262,313.9736469380931,26.234762612328293,0.15615930126385888,284.35927367780675,3,autumn,0.060000000000002274,-0.7800000000000011,168.0,-72.96,-110.45
B45,2023-04-07 00:00:00+00:00,-72.96,-110.45,-73.02,-109.67,168.0,0.15615930126385888,284.35927367780675,10.655733710420693,0.06342698637155174,257.8006243257539,4,autumn,-0.020000000000010232,-0.3199999999999932,168.0,-72.98,-110.77
B45,2023-04-14 00:00:00+00:00,-72.98,-110.77,-72.96,-110.45,168.0,0.06342698637155174,257.8006243257539,1.1586305174822535,0.006896610223108652,343.67577176707425,4,autumn,0.010000000000005116,-0.010000000000005116,168.0,-72.97,-110.78
B45,2023-04-21 00:00:00+00:00,-72.97,-110.78,-72.98,-110.77,168.0,0.006896610223108652,343.67577176707425,0.0,0.0,0.0,4,autumn,0.0,0.0,168.0,-72.97,-110.78
B45,2023-04-28 00:00:00+00:00,-72.97,-110.78,-72.97,-110.78,168.0,0.0,0.0,3.1856379100276997,0.018962130416831546,45.75859057139678,4,autumn,0.01999999999999602,0.07000000000000739,168.0,-72.95,-110.71
B45,2023-05-05 00:00:00+00:00,-72.95,-110.71,-72.97,-110.78,168.0,0.018962130416831546,45.75859057139678,4.699175570717676,0.027971283159033786,283.62058448796944,5,autumn,0.010000000000005116,-0.14000000000000057,168.0,-72.94,-110.85
B45,2023-05-12 00:00:00+00:00,-72.94,-110.85,-72.95,-110.71,168.0,0.027971283159033786,283.62058448796944,3.1865679998239154,0.003905107842921465,225.7079684307926,5,autumn,-0.01999999999999602,-0.07000000000000739,816.0,-72.96,-110.92
B45,2023-06-15 00:00:00+00:00,-72.96,-110.92,-72.94,-110.85,816.0,0.003905107842921465,225.7079684307926,5.794195956485404,0.030178103940028147,343.6214348178919,6,winter,0.04999999999999716,-0.04999999999999716,192.0,-72.91,-110.97
B45,2023-06-23 00:00:00+00:00,-72.91,-110.97,-72.96,-110.92,192.0,0.030178103940028147,343.6214348178919,5.000324696324677,0.20834686234686153,152.84412898243272,6,winter,-0.04000000000000625,0.06999999999999318,24.0,-72.95,-110.9
B45,2023-06-24 00:00:00+00:00,-72.95,-110.9,-72.91,-110.97,24.0,0.20834686234686153,152.84412898243272,0.0,0.0,0.0,6,winter,0.0,0.0,144.0,-72.95,-110.9
B45,2023-06-30 00:00:00+00:00,-72.95,-110.9,-72.95,-110.9,144.0,0.0,0.0,4.696651790811558,0.027956260659592606,103.76192977470237,6,winter,-0.009999999999990905,0.14000000000000057,168.0,-72.96,-110.76
B45,2023-07-07 00:00:00+00:00,-72.96,-110.76,-72.95,-110.9,168.0,0.027956260659592606,103.76192977470237,5.142292134481302,0.030608881752864893,310.3868995295555,7,winter,0.029999999999986926,-0.11999999999999034,168.0,-72.93,-110.88
B45,2023-07-14 00:00:00+00:00,-72.93,-110.88,-72.96,-110.76,168.0,0.030608881752864893,310.3868995295555,0.0,0.0,0.0,7,winter,0.0,0.0,168.0,-72.93,-110.88
B45,2023-07-21 00:00:00+00:00,-72.93,-110.88,-72.93,-110.88,168.0,0.0,0.0,13.91014570941161,0.020699621591386323,343.530804110422,7,winter,0.12000000000000455,-0.12000000000000455,672.0,-72.81,-111.0
B45,2023-08-18 00:00:00+00:00,-72.81,-111.0,-72.93,-110.88,672.0,0.020699621591386323,343.530804110422,0.0,0.0,0.0,8,winter,0.0,0.0,168.0,-72.81,-111.0
B45,2023-08-25 00:00:00+00:00,-72.81,-111.0,-72.81,-111.0,168.0,0.0,0.0,38.457205369386415,0.22891193672253818,337.49449254698504,8,winter,0.3200000000000074,-0.4399999999999977,168.0,-72.49,-111.44
B45,2023-09-01 00:00:00+00:00,-72.49,-111.44,-72.81,-111.0,168.0,0.22891193672253818,337.49449254698504,20.29551176338526,0.12080661763919798,9.583369475162726,9,spring,0.1799999999999926,0.09999999999999432,168.0,-72.31,-111.34
B45,2023-09-08 00:00:00+00:00,-72.31,-111.34,-72.49,-111.44,168.0,0.12080661763919798,9.583369475162726,49.42534411737204,0.2941984768891193,188.053733737598,9,spring,-0.4399999999999977,-0.20999999999999375,168.0,-72.75,-111.55
B45,2023-09-15 00:00:00+00:00,-72.75,-111.55,-72.31,-111.34,168.0,0.2941984768891193,188.053733737598,5.348799793809631,0.03183809401077161,33.78465557525408,9,spring,0.04000000000000625,0.09000000000000341,168.0,-72.71,-111.46
B45,2023-09-22 00:00:00+00:00,-72.71,-111.46,-72.75,-111.55,168.0,0.03183809401077161,33.78465557525408,3.480300271691387,0.018126563915059308,343.42013749705865,9,spring,0.029999999999986926,-0.030000000000001137,192.0,-72.68,-111.49
B45,2023-09-30 00:00:00+00:00,-72.68,-111.49,-72.71,-111.46,192.0,0.018126563915059308,343.42013749705865,39.3574854278758,0.048232212534161524,275.9253460322507,9,spring,0.04000000000000625,-1.1800000000000068,816.0,-72.64,-112.67
B45,2023-11-03 00:00:00+00:00,-72.64,-112.67,-72.68,-111.49,816.0,0.048232212534161524,275.9253460322507,22.426914299686864,0.1557424604144921,317.8337301429328,11,spring,0.15000000000000568,-0.45000000000000284,144.0,-72.49,-113.12
B45,2023-11-09 00:00:00+00:00,-72.49,-113.12,-72.64,-112.67,144.0,0.1557424604144921,317.8337301429328,23.411467535146077,0.12193472674555249,4.144998006792889,11,spring,0.20999999999999375,0.05000000000001137,192.0,-72.28,-113.07
B45,2023-11-17 00:00:00+00:00,-72.28,-113.07,-72.49,-113.12,192.0,0.12193472674555249,4.144998006792889,6.430339995639709,0.03827583330737922,90.09049276077064,11,spring,0.0,0.18999999999999773,168.0,-72.28,-112.88
B45,2023-11-24 00:00:00+00:00,-72.28,-112.88,-72.28,-113.07,168.0,0.03827583330737922,90.09049276077064,31.002873070482657,0.09227045556691267,275.743303728523,11,spring,0.030000000000001137,-0.9100000000000108,336.0,-72.25,-113.79
B45,2023-12-08 00:00:00+00:00,-72.25,-113.79,-72.28,-112.88,336.0,0.09227045556691267,275.743303728523,9.881086394625575,0.05881599044419985,296.62830879989866,12,summer,0.04000000000000625,-0.2599999999999909,168.0,-72.21,-114.05
B45,2023-12-15 00:00:00+00:00,-72.21,-114.05,-72.25,-113.79,168.0,0.05881599044419985,296.62830879989866,10.510359119783683,0.0729886049984978,294.90228968518744,12,summer,0.03999999999999204,-0.28000000000000114,144.0,-72.17,-114.33
B46,2022-01-14 00:00:00+00:00,-71.67,-133.18,-71.59,-132.8,168.0,0.09532331819051161,236.07627069364392,22.23898532891206,0.1323749126720956,180.0,1,summer,-0.20000000000000284,0.0,168.0,-71.87,-133.18
B46,2022-01-21 00:00:00+00:00,-71.87,-133.18,-71.67,-133.18,168.0,0.1323749126720956,180.0,25.81645041988446,0.1536693477374075,205.0925186801481,1,summer,-0.20999999999999375,-0.3199999999999932,168.0,-72.08,-133.5
B46,2022-01-28 00:00:00+00:00,-72.08,-133.5,-71.87,-133.18,168.0,0.1536693477374075,205.0925186801481,2.250090423445288,0.013393395377650523,8.755467689877264,1,summer,0.01999999999999602,0.009999999999990905,168.0,-72.06,-133.49
B46,2022-02-04 00:00:00+00:00,-72.06,-133.49,-72.08,-133.5,168.0,0.013393395377650523,8.755467689877264,12.52518547142114,0.07455467542512584,237.66711800733302,2,summer,-0.060000000000002274,-0.3100000000000023,168.0,-72.12,-133.8
B46,2022-02-11 00:00:00+00:00,-72.12,-133.8,-72.06,-133.49,168.0,0.07455467542512584,237.66711800733302,20.26342053704746,0.1206155984348063,74.34670841663012,2,summer,0.05000000000001137,0.5700000000000216,168.0,-72.07,-133.23
B46,2022-02-18 00:00:00+00:00,-72.07,-133.23,-72.12,-133.8,168.0,0.1206155984348063,74.34670841663012,80.43189627360168,0.09575225746857342,22.558358262484262,2,summer,0.6699999999999875,0.8699999999999761,840.0,-71.4,-132.36
B46,2022-03-25 00:00:00+00:00,-71.4,-132.36,-72.07,-133.23,840.0,0.09575225746857342,22.558358262484262,22.55961872442306,0.1342834447882325,130.0805133352667,3,autumn,-0.12999999999999545,0.4900000000000091,168.0,-71.53,-131.87
B46,2022-04-01 00:00:00+00:00,-71.53,-131.87,-71.4,-132.36,168.0,0.1342834447882325,130.0805133352667,11.027869943654107,0.06564208299794111,59.85289855162205,4,autumn,0.04999999999999716,0.27000000000001023,168.0,-71.48,-131.6
B46,2022-04-08 00:00:00+00:00,-71.48,-131.6,-71.53,-131.87,168.0,0.06564208299794111,59.85289855162205,25.266322377288038,0.15039477605528595,194.40260705323766,4,autumn,-0.21999999999999886,-0.18000000000000682,168.0,-71.7,-131.78
B46,2022-04-15 00:00:00+00:00,-71.7,-131.78,-71.48,-131.6,168.0,0.15039477605528595,194.40260705323766,41.85811300343199,0.24915543454423802,216.81559760900035,4,autumn,-0.29999999999999716,-0.7299999999999898,168.0,-72.0,-132.51
B46,2022-04-22 00:00:00+00:00,-72.0,-132.51,-71.7,-131.78,168.0,0.24915543454423802,216.81559760900035,14.91325595914963,0.088769380709224,221.6506217089409,4,autumn,-0.09999999999999432,-0.29000000000002046,168.0,-72.1,-132.8
B46,2022-04-29 00:00:00+00:00,-72.1,-132.8,-72.0,-132.51,168.0,0.088769380709224,221.6506217089409,72.54663591989761,0.43182521380891437,232.4752139927136,4,autumn,-0.39000000000000057,-1.7199999999999989,168.0,-72.49,-134.52
B46,2022-05-06 00:00:00+00:00,-72.49,-134.52,-72.1,-132.8,168.0,0.43182521380891437,232.4752139927136,173.06209699891247,0.20602630595108626,215.66124735721365,5,autumn,-1.240000000000009,-3.2399999999999807,840.0,-73.73,-137.76
B46,2022-06-10 00:00:00+00:00,-73.73,-137.76,-72.49,-134.52,840.0,0.20602630595108626,215.66124735721365,59.78292391674342,0.35585073759966324,279.8157594058756,6,winter,0.10000000000000853,-1.8799999999999955,168.0,-73.63,-139.64
B46,2022-06-17 00:00:00+00:00,-73.63,-139.64,-73.73,-137.76,168.0,0.35585073759966324,279.8157594058756,0.0,0.0,0.0,6,winter,0.0,0.0,168.0,-73.63,-139.64
B46,2022-06-24 00:00:00+00:00,-73.63,-139.64,-73.63,-139.64,168.0,0.0,0.0,0.0,0.0,0.0,6,winter,0.0,0.0,168.0,-73.63,-139.64
B46,2022-07-01 00:00:00+00:00,-73.63,-139.64,-73.63,-139.64,168.0,0.0,0.0,186.06594281250932,1.1075353738839842,243.3891948942764,7,winter,-0.6800000000000068,-5.5400000000000205,168.0,-74.31,-145.18
B46,2022-07-08 00:00:00+00:00,-74.31,-145.18,-73.63,-139.64,168.0,1.1075353738839842,243.3891948942764,93.0731334450408,0.5540067466966714,237.00935446316765,7,winter,-0.4399999999999977,-2.6699999999999875,168.0,-74.75,-147.85
B46,2022-07-15 00:00:00+00:00,-74.75,-147.85,-74.31,-145.18,168.0,0.5540067466966714,237.00935446316765,197.29899318105896,0.23487975378697495,262.86653891607904,7,winter,-0.12000000000000455,-6.760000000000019,840.0,-74.87,-154.61
B46,2022-08-19 00:00:00+00:00,-74.87,-154.61,-74.75,-147.85,840.0,0.23487975378697495,262.86653891607904,50.39191736508936,0.29995188907791287,345.94590878785965,8,winter,0.4399999999999977,-0.4099999999999966,168.0,-74.43,-155.02
B46,2022-08-26 00:00:00+00:00,-74.43,-155.02,-74.87,-154.61,168.0,0.29995188907791287,345.94590878785965,36.872296015586215,0.21947795247372748,5.689717687942277,8,winter,0.3300000000000125,0.12000000000000455,168.0,-74.1,-154.9
B46,2022-09-02 00:00:00+00:00,-74.1,-154.9,-74.43,-155.02,168.0,0.21947795247372748,5.689717687942277,65.75554430490087,0.39140204943393375,338.0677722310884,9,spring,0.5499999999999972,-0.7800000000000011,168.0,-73.55,-155.68
B46,2022-09-09 00:00:00+00:00,-73.55,-155.68,-74.1,-154.9,168.0,0.39140204943393375,338.0677722310884,35.94381524931575,0.21395128124592708,333.54359627446354,9,spring,0.28999999999999204,-0.5,168.0,-73.26,-156.18
B46,2022-09-16 00:00:00+00:00,-73.26,-156.18,-73.55,-155.68,168.0,0.21395128124592708,333.54359627446354,20.78469769453744,0.12371843865796095,278.9290942341538,9,spring,0.030000000000001137,-0.6399999999999864,168.0,-73.23,-156.82
B46,2022-09-23 00:00:00+00:00,-73.23,-156.82,-73.26,-156.18,168.0,0.12371843865796095,278.9290942341538,187.08795846251158,0.22272376007441855,342.32581572711564,9,spring,1.6099999999999994,-1.6200000000000045,840.0,-71.62,-158.44
B46,2022-10-28 00:00:00+00:00,-71.62,-158.44,-73.23,-156.82,840.0,0.22272376007441855,342.32581572711564,37.94673179053035,0.2258734035150616,290.1074584735995,10,spring,0.12000000000000455,-1.009999999999991,168.0,-71.5,-159.45
B46,2022-11-04 00:00:00+00:00,-71.5,-159.45,-71.62,-158.44,168.0,0.2258734035150616,290.1074584735995,35.39733446277442,0.2106984194212763,287.8575661379878,11,spring,0.09999999999999432,-0.950000000000017,168.0,-71.4,-160.4
B46,2022-11-11 00:00:00+00:00,-71.4,-160.4,-71.5,-159.45,168.0,0.2106984194212763,287.8575661379878,31.479021445266923,0.18737512765039835,8.545425707695472,11,spring,0.28000000000000114,0.12999999999999545,168.0,-71.12,-160.27
B46,2022-11-18 00:00:00+00:00,-71.12,-160.27,-71.4,-160.4,168.0,0.18737512765039835,8.545425707695472,57.41373049377431,0.34174839579627564,43.120066806522004,11,spring,0.38000000000000966,1.0700000000000216,168.0,-70.74,-159.2
B46,2022-11-25 00:00:00+00:00,-70.74,-159.2,-71.12,-160.27,168.0,0.34174839579627564,43.120066806522004,62.446180668378844,0.3717034563593979,52.07305232833215,11,spring,0.3499999999999943,1.3199999999999932,168.0,-70.39,-157.88
B46,2022-12-02 00:00:00+00:00,-70.39,-157.88,-70.74,-159.2,168.0,0.3717034563593979,52.07305232833215,24.254135203987797,0.14436985240468928,43.02424447074196,12,summer,0.1599999999999966,0.4399999999999977,168.0,-70.23,-157.44
B46,2022-12-09 00:00:00+00:00,-70.23,-157.44,-70.39,-157.88,168.0,0.14436985240468928,43.02424447074196,95.52015569997431,0.11371447107139798,351.5127248410026,12,summer,0.8500000000000085,-0.36000000000001364,840.0,-69.38,-157.8
B46,2023-01-13 00:00:00+00:00,-69.38,-157.8,-70.23,-157.44,840.0,0.11371447107139798,351.5127248410026,10.244306838102423,0.060978016893466803,276.10965774930366,1,summer,0.009999999999990905,-0.2599999999999909,168.0,-69.37,-158.06
B46,2023-01-20 00:00:00+00:00,-69.37,-158.06,-69.38,-157.8,168.0,0.060978016893466803,276.10965774930366,13.722695014097477,0.08168270841724688,255.77196853084916,1,summer,-0.030000000000001137,-0.3400000000000034,168.0,-69.4,-158.4
B46,2023-01-27 00:00:00+00:00,-69.4,-158.4,-69.37,-158.06,168.0,0.08168270841724688,255.77196853084916,3.3586795429658927,0.019992140136701742,186.67982543884537,1,summer,-0.030000000000001137,-0.009999999999990905,168.0,-69.43,-158.41
B46,2023-02-03 00:00:00+00:00,-69.43,-158.41,-69.4,-158.4,168.0,0.019992140136701742,186.67982543884537,25.967035588337364,0.15456568802581763,257.3326718522424,2,summer,-0.04999999999999716,-0.6500000000000057,168.0,-69.48,-159.06
B46,2023-02-10 00:00:00+00:00,-69.48,-159.06,-69.43,-158.41,168.0,0.15456568802581763,257.3326718522424,20.43567668273811,0.12164093263534588,157.7628661291218,2,summer,-0.1700000000000017,0.19999999999998863,168.0,-69.65,-158.86
B46,2023-02-17 00:00:00+00:00,-69.65,-158.86,-69.48,-159.06,168.0,0.12164093263534588,157.7628661291218,17.934244995749854,0.10675145830803484,83.09250764669065,2,summer,0.020000000000010232,0.46000000000000796,168.0,-69.63,-158.4
B46,2023-02-24 00:00:00+00:00,-69.63,-158.4,-69.65,-158.86,168.0,0.10675145830803484,83.09250764669065,71.56873740078684,0.08520087785807957,21.52943397487479,2,summer,0.5999999999999943,0.6599999999999966,840.0,-69.03,-157.74
B46,2023-03-31 00:00:00+00:00,-69.03,-157.74,-69.63,-158.4,840.0,0.08520087785807957,21.52943397487479,19.164680485338277,0.1140754790793945,35.81055794119709,3,autumn,0.14000000000000057,0.28000000000000114,168.0,-68.89,-157.46
B46,2023-04-07 00:00:00+00:00,-68.89,-157.46,-69.03,-157.74,168.0,0.1140754790793945,35.81055794119709,20.100635082979725,0.11964663739868883,340.0436168257555,4,autumn,0.1700000000000017,-0.1699999999999875,168.0,-68.72,-157.63
B46,2023-04-14 00:00:00+00:00,-68.72,-157.63,-68.89,-157.46,168.0,0.11964663739868883,340.0436168257555,15.111099263903858,0.08994701942799915,311.34224071828464,4,autumn,0.09000000000000341,-0.28000000000000114,168.0,-68.63,-157.91
B46,2023-04-21 00:00:00+00:00,-68.63,-157.91,-68.72,-157.63,168.0,0.08994701942799915,311.34224071828464,38.78215571406171,0.23084616496465302,276.1430537751899,4,autumn,0.03999999999999204,-0.950000000000017,168.0,-68.59,-158.86
B46,2023-04-28 00:00:00+00:00,-68.59,-158.86,-68.63,-157.91,168.0,0.23084616496465302,276.1430537751899,5.352559229500286,0.03186047160416837,114.60560034199108,4,autumn,-0.01999999999999602,0.12000000000000455,168.0,-68.61,-158.74
B46,2023-05-05 00:00:00+00:00,-68.61,-158.74,-68.59,-158.86,168.0,0.03186047160416837,114.60560034199108,22.103498689350182,0.13156844457946537,299.98396860388715,5,autumn,0.09999999999999432,-0.46999999999999886,168.0,-68.51,-159.21
B46,2023-05-12 00:00:00+00:00,-68.51,-159.21,-68.61,-158.74,168.0,0.13156844457946537,299.98396860388715,135.4503384144249,0.16599306178238343,27.196658801868296,5,autumn,1.0900000000000034,1.450000000000017,816.0,-67.42,-157.76
B46,2023-06-15 00:00:00+00:00,-67.42,-157.76,-68.51,-159.21,816.0,0.16599306178238343,27.196658801868296,63.03800276974872,0.32832293109244126,200.5467340757738,6,winter,-0.5300000000000011,-0.5300000000000011,192.0,-67.95,-158.29
B46,2023-06-23 00:00:00+00:00,-67.95,-158.29,-67.42,-157.76,192.0,0.32832293109244126,200.5467340757738,98.68973914375435,4.112072464323098,24.57085613200502,6,winter,0.8100000000000023,0.9499999999999886,24.0,-67.14,-157.34
B46,2023-06-24 00:00:00+00:00,-67.14,-157.34,-67.95,-158.29,24.0,4.112072464323098,24.57085613200502,64.77057300372363,0.44979564585919185,53.618055312490526,6,winter,0.3499999999999943,1.1899999999999977,144.0,-66.79,-156.15
B46,2023-06-30 00:00:00+00:00,-66.79,-156.15,-67.14,-157.34,144.0,0.44979564585919185,53.618055312490526,59.056076873392094,0.35152426710352436,150.32223648991328,6,winter,-0.45999999999999375,0.6800000000000068,168.0,-67.25,-155.47
B46,2023-07-07 00:00:00+00:00,-67.25,-155.47,-66.79,-156.15,168.0,0.35152426710352436,150.32223648991328,57.66837752740871,0.34326415194886134,36.28103437988415,7,winter,0.4200000000000017,0.7800000000000011,168.0,-66.83,-154.69
B46,2023-07-14 00:00:00+00:00,-66.83,-154.69,-67.25,-155.47,168.0,0.34326415194886134,36.28103437988415,0.0,0.0,0.0,7,winter,0.0,0.0,168.0,-66.83,-154.69
B46,2023-07-21 00:00:00+00:00,-66.83,-154.69,-66.83,-154.69,168.0,0.0,0.0,205.02128591221813,0.30509119927413414,50.16310777747003,7,winter,1.2199999999999989,3.430000000000007,672.0,-65.61,-151.26
B46,2023-08-18 00:00:00+00:00,-65.61,-151.26,-66.83,-154.69,672.0,0.30509119927413414,50.16310777747003,0.0,0.0,0.0,8,winter,0.0,0.0,168.0,-65.61,-151.26
B46,2023-08-25 00:00:00+00:00,-65.61,-151.26,-65.61,-151.26,168.0,0.0,0.0,58.162500558400225,0.346205360466668,40.48787240283116,8,winter,0.4000000000000057,0.8100000000000023,168.0,-65.21,-150.45
B46,2023-09-01 00:00:00+00:00,-65.21,-150.45,-65.61,-151.26,168.0,0.346205360466668,40.48787240283116,3.822276574835256,0.022751646278781283,29.23971717758002,9,spring,0.029999999999986926,0.03999999999999204,168.0,-65.18,-150.41
B46,2023-09-08 00:00:00+00:00,-65.18,-150.41,-65.21,-150.45,168.0,0.022751646278781283,29.23971717758002,12.92989095892362,0.07696363666025964,198.87749078780692,9,spring,-0.10999999999999943,-0.09000000000000341,168.0,-65.29,-150.5
B46,2023-09-15 00:00:00+00:00,-65.29,-150.5,-65.18,-150.41,168.0,0.07696363666025964,198.87749078780692,13.471722992081567,0.08018882733381885,172.1033791654936,9,spring,-0.11999999999999034,0.03999999999999204,168.0,-65.41,-150.46
B46,2023-09-22 00:00:00+00:00,-65.41,-150.46,-65.29,-150.5,168.0,0.08018882733381885,172.1033791654936,27.36234254189415,0.14251220073903204,12.817437297022991,9,spring,0.23999999999999488,0.12999999999999545,192.0,-65.17,-150.33
B46,2023-09-30 00:00:00+00:00,-65.17,-150.33,-65.41,-150.46,192.0,0.14251220073903204,12.817437297022991,151.9400209431437,0.18620100605777415,68.53033904096003,9,spring,0.5300000000000011,2.969999999999999,816.0,-64.64,-147.36
B46,2023-11-03 00:00:00+00:00,-64.64,-147.36,-65.17,-150.33,816.0,0.18620100605777415,68.53033904096003,64.76277291570155,0.44974147858126073,53.55215390418675,11,spring,0.3499999999999943,1.0800000000000125,144.0,-64.29,-146.28
B46,2023-11-09 00:00:00+00:00,-64.29,-146.28,-64.64,-147.36,144.0,0.44974147858126073,53.55215390418675,39.347421354741336,0.20493448622261112,59.74002904016754,11,spring,0.18000000000000682,0.6999999999999886,192.0,-64.11,-145.58
B46,2023-11-17 00:00:00+00:00,-64.11,-145.58,-64.29,-146.28,192.0,0.20493448622261112,59.74002904016754,21.478886958481485,0.12785051761000885,21.347095862849528,11,spring,0.17999999999999972,0.160000000000025,168.0,-63.93,-145.42
B46,2023-11-24 00:00:00+00:00,-63.93,-145.42,-64.11,-145.58,168.0,0.12785051761000885,21.347095862849528,102.10570436412131,0.3038860248932182,82.15634922584752,11,spring,0.14000000000000057,2.059999999999974,336.0,-63.79,-143.36
B46,2023-12-08 00:00:00+00:00,-63.79,-143.36,-63.93,-145.42,336.0,0.3038860248932182,82.15634922584752,72.45471681057865,0.43127807625344433,75.51442353820562,12,summer,0.1700000000000017,1.420000000000016,168.0,-63.62,-141.94
B46,2023-12-15 00:00:00+00:00,-63.62,-141.94,-63.79,-143.36,168.0,0.43127807625344433,75.51442353820562,53.68077085316133,0.3727831309247314,103.64533244270376,12,summer,-0.10999999999999943,1.0600000000000023,144.0,-63.73,-140.88
B47,2022-01-14 00:00:00+00:00,-73.86,-134.02,-73.86,-133.99,168.0,0.005519742629440151,269.9855912202097,0.30910559014532535,0.001839914227055508,90.00480292656448,1,summer,0.0,0.010000000000019327,168.0,-73.86,-134.01
B47,2022-01-21 00:00:00+00:00,-73.86,-134.01,-73.86,-134.02,168.0,0.001839914227055508,90.00480292656448,0.6182111781177039,0.0036798284411768086,269.99039414682494,1,summer,0.0,-0.020000000000010232,168.0,-73.86,-134.03
B47,2022-01-28 00:00:00+00:00,-73.86,-134.03,-73.86,-134.01,168.0,0.0036798284411768086,269.99039414682494,0.9273167617459454,0.005519742629440151,90.0144087797903,1,summer,0.0,0.030000000000001137,168.0,-73.86,-134.0
B47,2022-02-04 00:00:00+00:00,-73.86,-134.0,-73.86,-134.03,168.0,0.005519742629440151,90.0144087797903,0.30910559014444683,0.0018399142270502788,269.99519707343546,2,summer,0.0,-0.009999999999990905,168.0,-73.86,-134.01
B47,2022-02-11 00:00:00+00:00,-73.86,-134.01,-73.86,-134.0,168.0,0.0018399142270502788,269.99519707343546,0.0,0.0,0.0,2,summer,0.0,0.0,168.0,-73.86,-134.01
B47,2022-02-18 00:00:00+00:00,-73.86,-134.01,-73.86,-134.01,168.0,0.0,0.0,2.1629079724562406,0.0025748904434002864,59.091557916719125,2,summer,0.010000000000005116,0.060000000000002274,840.0,-73.85,-133.95
B47,2022-03-25 00:00:00+00:00,-73.85,-133.95,-73.86,-134.01,840.0,0.0025748904434002864,59.091557916719125,2.7133851823810757,0.01615110227607783,294.15393815197757,3,autumn,0.009999999999990905,-0.0800000000000125,168.0,-73.84,-134.03
B47,2022-04-01 00:00:00+00:00,-73.84,-134.03,-73.85,-133.95,168.0,0.01615110227607783,294.15393815197757,1.9058581959708598,0.01134439402363607,305.66867230001066,4,autumn,0.010000000000005116,-0.05000000000001137,168.0,-73.83,-134.08
B47,2022-04-08 00:00:00+00:00,-73.83,-134.08,-73.84,-134.03,168.0,0.01134439402363607,305.66867230001066,2.898620844677025,0.01725369550402991,320.07665325799627,4,autumn,0.01999999999999602,-0.05999999999997385,168.0,-73.81,-134.14
B47,2022-04-15 00:00:00+00:00,-73.81,-134.14,-73.83,-134.08,168.0,0.01725369550402991,320.07665325799627,0.930112745492855,0.005536385389838423,269.9855948645097,4,autumn,0.0,-0.030000000000001137,168.0,-73.81,-134.17
B47,2022-04-22 00:00:00+00:00,-73.81,-134.17,-73.81,-134.14,168.0,0.005536385389838423,269.9855948645097,1.111949266444576,0.006618745633598667,180.0,4,autumn,-0.009999999999990905,0.0,168.0,-73.82,-134.17
B47,2022-04-29 00:00:00+00:00,-73.82,-134.17,-73.81,-134.17,168.0,0.006618745633598667,180.0,0.0,0.0,0.0,4,autumn,0.0,0.0,168.0,-73.82,-134.17
B47,2022-05-06 00:00:00+00:00,-73.82,-134.17,-73.82,-134.17,168.0,0.0,0.0,4.490657604932462,0.005346020958252931,172.08718534437753,5,autumn,-0.04000000000000625,0.01999999999998181,840.0,-73.86,-134.15
B47,2022-06-10 00:00:00+00:00,-73.86,-134.15,-73.82,-134.17,840.0,0.005346020958252931,172.08718534437753,3.8094453022132053,0.022675269656030984,305.66918792764443,6,winter,0.01999999999999602,-0.09999999999999432,168.0,-73.84,-134.25
B47,2022-06-17 00:00:00+00:00,-73.84,-134.25,-73.86,-134.15,168.0,0.022675269656030984,305.66918792764443,0.0,0.0,0.0,6,winter,0.0,0.0,168.0,-73.84,-134.25
B47,2022-06-24 00:00:00+00:00,-73.84,-134.25,-73.84,-134.25,168.0,0.0,0.0,0.0,0.0,0.0,6,winter,0.0,0.0,168.0,-73.84,-134.25
B47,2022-07-01 00:00:00+00:00,-73.84,-134.25,-73.84,-134.25,168.0,0.0,0.0,0.0,0.0,0.0,7,winter,0.0,0.0,168.0,-73.84,-134.25
B47,2022-07-08 00:00:00+00:00,-73.84,-134.25,-73.84,-134.25,168.0,0.0,0.0,2.1638674021460225,0.012880163108012039,120.95084897044126,7,winter,-0.009999999999990905,0.060000000000002274,168.0,-73.85,-134.19
B47,2022-07-15 00:00:00+00:00,-73.85,-134.19,-73.84,-134.25,168.0,0.012880163108012039,120.95084897044126,0.0,0.0,0.0,7,winter,0.0,0.0,168.0,-73.85,-134.19
B47,2022-07-22 00:00:00+00:00,-73.85,-134.19,-73.85,-134.19,168.0,0.0,0.0,1.663712215953581,0.0024757622261214005,311.92096475342106,7,winter,0.009999999999990905,-0.03999999999999204,672.0,-73.84,-134.23
B47,2022-08-19 00:00:00+00:00,-73.84,-134.23,-73.85,-134.19,672.0,0.0024757622261214005,311.92096475342106,0.0,0.0,0.0,8,winter,0.0,0.0,168.0,-73.84,-134.23
B47,2022-08-26 00:00:00+00:00,-73.84,-134.23,-73.84,-134.23,168.0,0.0,0.0,0.0,0.0,0.0,8,winter,0.0,0.0,168.0,-73.84,-134.23
B47,2022-09-02 00:00:00+00:00,-73.84,-134.23,-73.84,-134.23,168.0,0.0,0.0,2.2238985328907326,0.013237491267206742,180.0,9,spring,-0.01999999999999602,0.0,168.0,-73.86,-134.23
B47,2022-09-09 00:00:00+00:00,-73.86,-134.23,-73.84,-134.23,168.0,0.013237491267206742,180.0,0.0,0.0,0.0,9,spring,0.0,0.0,168.0,-73.86,-134.23
B47,2022-09-16 00:00:00+00:00,-73.86,-134.23,-73.86,-134.23,168.0,0.0,0.0,0.6182111781168254,0.0036798284411715793,90.00960585317506,9,spring,0.0,0.01999999999998181,168.0,-73.86,-134.21
B47,2022-09-23 00:00:00+00:00,-73.86,-134.21,-73.86,-134.23,168.0,0.0036798284411715793,90.00960585317506,0.6182111781168254,0.0007359656882343159,269.99039414682494,9,spring,0.0,-0.01999999999998181,840.0,-73.86,-134.23
B47,2022-10-28 00:00:00+00:00,-73.86,-134.23,-73.86,-134.21,840.0,0.0007359656882343159,269.99039414682494,2.781950050654455,0.016559226491990802,90.04322633999345,10,spring,0.0,0.09000000000000341,168.0,-73.86,-134.14
B47,2022-11-04 00:00:00+00:00,-73.86,-134.14,-73.86,-134.23,168.0,0.016559226491990802,90.04322633999345,1.2364223388579823,0.007359656778916561,90.01921170642339,11,spring,0.0,0.03999999999999204,168.0,-73.86,-134.1
B47,2022-11-11 00:00:00+00:00,-73.86,-134.1,-73.86,-134.14,168.0,0.007359656778916561,90.01921170642339,1.5455279072817454,0.009199570876677056,90.02401463306143,11,spring,0.0,0.04999999999998295,168.0,-73.86,-134.05
B47,2022-11-18 00:00:00+00:00,-73.86,-134.05,-73.86,-134.1,168.0,0.009199570876677056,90.02401463306143,0.30910559014532535,0.001839914227055508,90.00480292656448,11,spring,0.0,0.010000000000019327,168.0,-73.86,-134.04
B47,2022-11-25 00:00:00+00:00,-73.86,-134.04,-73.86,-134.05,168.0,0.001839914227055508,90.00480292656448,1.2364223388588607,0.00735965677892179,269.98078829357667,11,spring,0.0,-0.040000000000020464,168.0,-73.86,-134.08
B47,2022-12-02 00:00:00+00:00,-73.86,-134.08,-73.86,-134.04,168.0,0.00735965677892179,269.98078829357667,2.47284453870359,0.014719312730378511,269.961576586805,12,summer,0.0,-0.07999999999998408,168.0,-73.86,-134.16
B47,2022-12-09 00:00:00+00:00,-73.86,-134.16,-73.86,-134.08,168.0,0.014719312730378511,269.961576586805,2.161948647166972,0.002573748389484491,239.01868319421828,12,summer,-0.010000000000005116,-0.060000000000002274,840.0,-73.87,-134.22
B47,2023-01-13 00:00:00+00:00,-73.87,-134.22,-73.86,-134.16,840.0,0.002573748389484491,239.01868319421828,0.0,0.0,0.0,1,summer,0.0,0.0,168.0,-73.87,-134.22
B47,2023-01-20 00:00:00+00:00,-73.87,-134.22,-73.87,-134.22,168.0,0.0,0.0,2.780272206090552,0.01654923932196757,90.04322852262214,1,summer,0.0,0.09000000000000341,168.0,-73.87,-134.13
B47,2023-01-27 00:00:00+00:00,-73.87,-134.13,-73.87,-134.22,168.0,0.01654923932196757,90.04322852262214,0.0,0.0,0.0,1,summer,0.0,0.0,168.0,-73.87,-134.13
B47,2023-02-03 00:00:00+00:00,-73.87,-134.13,-73.87,-134.13,168.0,0.0,0.0,1.902831425609308,0.011326377533388738,125.7821992568064,2,summer,-0.009999999999990905,0.04999999999998295,168.0,-73.88,-134.08
B47,2023-02-10 00:00:00+00:00,-73.88,-134.08,-73.87,-134.13,168.0,0.011326377533388738,125.7821992568064,1.4473397175685092,0.008615117366479222,320.1844751726736,2,summer,0.009999999999990905,-0.030000000000001137,168.0,-73.87,-134.11
B47,2023-02-17 00:00:00+00:00,-73.87,-134.11,-73.88,-134.08,168.0,0.008615117366479222,320.1844751726736,1.1540383992893806,0.006869276186246313,195.5169709328586,2,summer,-0.009999999999990905,-0.009999999999990905,168.0,-73.88,-134.12
B47,2023-02-24 00:00:00+00:00,-73.88,-134.12,-73.87,-134.11,168.0,0.006869276186246313,195.5169709328586,1.8523962822013933,0.002205233669287373,90.02882046903574,2,summer,0.0,0.060000000000002274,840.0,-73.88,-134.06
B47,2023-03-31 00:00:00+00:00,-73.88,-134.06,-73.88,-134.12,840.0,0.002205233669287373,90.02882046903574,1.8523962822013933,0.011026168346436865,269.97117953096426,3,autumn,0.0,-0.060000000000002274,168.0,-73.88,-134.12
B47,2023-04-07 00:00:00+00:00,-73.88,-134.12,-73.88,-134.06,168.0,0.011026168346436865,269.97117953096426,0.30873272635761007,0.001837694799747679,269.9951965885125,4,autumn,0.0,-0.009999999999990905,168.0,-73.88,-134.13
B47,2023-04-14 00:00:00+00:00,-73.88,-134.13,-73.88,-134.12,168.0,0.001837694799747679,269.9951965885125,2.430993620754854,0.014470200123540798,297.1861715386351,4,autumn,0.009999999999990905,-0.06999999999999318,168.0,-73.87,-134.2
B47,2023-04-21 00:00:00+00:00,-73.87,-134.2,-73.88,-134.13,168.0,0.014470200123540798,297.1861715386351,1.1540383992896155,0.006869276186247711,195.5169709329006,4,autumn,-0.009999999999990905,-0.010000000000019327,168.0,-73.88,-134.21
B47,2023-04-28 00:00:00+00:00,-73.88,-134.21,-73.87,-134.2,168.0,0.006869276186247711,195.5169709329006,8.713141148251207,0.05186393540625719,97.4664156864282,4,autumn,-0.010000000000005116,0.28000000000000114,168.0,-73.89,-133.93
B47,2023-05-05 00:00:00+00:00,-73.89,-133.93,-73.88,-134.21,168.0,0.05186393540625719,97.4664156864282,5.454667878172479,0.03246826117959809,232.23050717094407,5,autumn,-0.030000000000001137,-0.13999999999998636,168.0,-73.92,-134.07
B47,2023-05-12 00:00:00+00:00,-73.92,-134.07,-73.89,-133.93,168.0,0.03246826117959809,232.23050717094407,5.242598022962798,0.006424752479121076,327.99432918097176,5,autumn,0.04000000000000625,-0.09000000000000341,816.0,-73.88,-134.16
B47,2023-06-15 00:00:00+00:00,-73.88,-134.16,-73.92,-134.07,816.0,0.006424752479121076,327.99432918097176,1.5436635883920784,0.008039914522875408,269.97598294252236,6,winter,0.0,-0.05000000000001137,192.0,-73.88,-134.21
B47,2023-06-23 00:00:00+00:00,-73.88,-134.21,-73.88,-134.16,192.0,0.008039914522875408,269.97598294252236,1.5436635883920784,0.06431931618300327,90.02401705747764,6,winter,0.0,0.05000000000001137,24.0,-73.88,-134.16
B47,2023-06-24 00:00:00+00:00,-73.88,-134.16,-73.88,-134.21,24.0,0.06431931618300327,90.02401705747764,0.0,0.0,0.0,6,winter,0.0,0.0,144.0,-73.88,-134.16
B47,2023-06-30 00:00:00+00:00,-73.88,-134.16,-73.88,-134.16,144.0,0.0,0.0,8.412108055493892,0.050072071758892216,82.53387209638561,6,winter,0.009999999999990905,0.27000000000001023,168.0,-73.87,-133.89
B47,2023-07-07 00:00:00+00:00,-73.87,-133.89,-73.88,-134.16,168.0,0.050072071758892216,82.53387209638561,8.925985789337556,0.05313086779367593,255.43839981007233,7,winter,-0.01999999999999602,-0.28000000000000114,168.0,-73.89,-134.17
B47,2023-07-14 00:00:00+00:00,-73.89,-134.17,-73.87,-133.89,168.0,0.05313086779367593,255.43839981007233,0.0,0.0,0.0,7,winter,0.0,0.0,168.0,-73.89,-134.17
B47,2023-07-21 00:00:00+00:00,-73.89,-134.17,-73.89,-134.17,168.0,0.0,0.0,9.023530036586369,0.013427872078253526,52.075849005624775,7,winter,0.04999999999999716,0.22999999999998977,672.0,-73.84,-133.94
B47,2023-08-18 00:00:00+00:00,-73.84,-133.94,-73.89,-134.17,672.0,0.013427872078253526,52.075849005624775,0.0,0.0,0.0,8,winter,0.0,0.0,168.0,-73.84,-133.94
B47,2023-08-25 00:00:00+00:00,-73.84,-133.94,-73.84,-133.94,168.0,0.0,0.0,4.447797065781465,0.026474982534413483,180.0,8,winter,-0.03999999999999204,0.0,168.0,-73.88,-133.94
B47,2023-09-01 00:00:00+00:00,-73.88,-133.94,-73.84,-133.94,168.0,0.026474982534413483,180.0,12.776637408342454,0.07605141314489557,196.74061626017408,9,spring,-0.10999999999999943,-0.12000000000000455,168.0,-73.99,-134.06
B47,2023-09-08 00:00:00+00:00,-73.99,-134.06,-73.88,-133.94,168.0,0.07605141314489557,196.74061626017408,133.08228658164327,0.7921564677478766,96.39596683640792,9,spring,-0.09000000000000341,4.340000000000003,168.0,-74.08,-129.72
B47,2023-09-15 00:00:00+00:00,-74.08,-129.72,-73.99,-134.06,168.0,0.7921564677478766,96.39596683640792,26.594400102198914,0.15830000060832689,126.16913356464295,9,spring,-0.14000000000000057,0.710000000000008,168.0,-74.22,-129.01
B47,2023-09-22 00:00:00+00:00,-74.22,-129.01,-74.08,-129.72,168.0,0.15830000060832689,126.16913356464295,156.15232681649954,0.8132933688359351,281.6134950907149,9,spring,0.3400000000000034,-4.960000000000008,192.0,-73.88,-133.97
B47,2023-09-30 00:00:00+00:00,-73.88,-133.97,-74.22,-129.01,192.0,0.8132933688359351,281.6134950907149,2.429833132677886,0.0029777366822032916,117.26749556393327,9,spring,-0.010000000000005116,0.06999999999999318,816.0,-73.89,-133.9
B47,2023-11-03 00:00:00+00:00,-73.89,-133.9,-73.88,-133.97,816.0,0.0029777366822032916,117.26749556393327,53.49540868237914,0.3714958936276329,72.62235026748988,11,spring,0.15000000000000568,1.6400000000000148,144.0,-73.74,-132.26
B47,2023-11-09 00:00:00+00:00,-73.74,-132.26,-73.89,-133.9,144.0,0.3714958936276329,72.62235026748988,30.476331535177884,0.1587308934123848,36.89196733963263,11,spring,0.21999999999999886,0.5799999999999841,192.0,-73.52,-131.68
B47,2023-11-17 00:00:00+00:00,-73.52,-131.68,-73.74,-132.26,192.0,0.1587308934123848,36.89196733963263,230.40120355119868,1.3714357354238016,75.01013391013015,11,spring,0.6499999999999915,6.810000000000002,168.0,-72.87,-124.87
B47,2023-11-24 00:00:00+00:00,-72.87,-124.87,-73.52,-131.68,168.0,1.3714357354238016,75.01013391013015,5.679237476465764,0.01690249248948144,281.2097544067936,11,spring,0.010000000000005116,-0.1700000000000017,336.0,-72.86,-125.04
B47,2023-12-08 00:00:00+00:00,-72.86,-125.04,-72.87,-124.87,336.0,0.01690249248948144,281.2097544067936,174.79412557356116,1.0404412236521499,243.22960575589101,12,summer,-0.6500000000000057,-4.950000000000003,168.0,-73.51,-129.99
B47,2023-12-15 00:00:00+00:00,-73.51,-129.99,-72.86,-125.04,168.0,1.0404412236521499,243.22960575589101,135.92242791081887,0.9439057493806866,249.4245999925637,12,summer,-0.39000000000000057,-4.1299999999999955,144.0,-73.9,-134.12
B50,2022-01-14 00:00:00+00:00,-67.99,-167.14,-68.07,-166.62,168.0,0.1392245221365223,292.11219745991843,23.574944755401752,0.14032705211548663,26.457633455940993,1,summer,0.18999999999999773,0.25,168.0,-67.8,-166.89
B50,2022-01-21 00:00:00+00:00,-67.8,-166.89,-67.99,-167.14,168.0,0.14032705211548663,26.457633455940993,34.02943620921522,0.20255616791199535,321.4172603809012,1,summer,0.23999999999999488,-0.5,168.0,-67.56,-167.39
B50,2022-01-28 00:00:00+00:00,-67.56,-167.39,-67.8,-166.89,168.0,0.20255616791199535,321.4172603809012,12.085894249751403,0.07193984672471074,259.2673327993812,1,summer,-0.01999999999999602,-0.28000000000000114,168.0,-67.58,-167.67
B50,2022-02-04 00:00:00+00:00,-67.58,-167.67,-67.56,-167.39,168.0,0.07193984672471074,259.2673327993812,17.14059259007436,0.1020273368456807,75.1405697641436,2,summer,0.03999999999999204,0.38999999999998636,168.0,-67.54,-167.28
B50,2022-02-11 00:00:00+00:00,-67.54,-167.28,-67.58,-167.67,168.0,0.1020273368456807,75.1405697641436,9.83854017199774,0.05856273911903417,312.61819558359645,2,summer,0.060000000000002274,-0.1699999999999875,168.0,-67.48,-167.45
B50,2022-02-18 00:00:00+00:00,-67.48,-167.45,-67.54,-167.28,168.0,0.05856273911903417,312.61819558359645,132.50759947419164,0.15774714223118053,23.165231724232683,2,summer,1.1000000000000085,1.1699999999999875,840.0,-66.38,-166.28
B50,2022-03-25 00:00:00+00:00,-66.38,-166.28,-67.48,-167.45,840.0,0.15774714223118053,23.165231724232683,27.90415847427801,0.16609618139451196,28.893796711464176,3,autumn,0.21999999999999886,0.30000000000001137,168.0,-66.16,-165.98
B50,2022-04-01 00:00:00+00:00,-66.16,-165.98,-66.38,-166.28,168.0,0.16609618139451196,28.893796711464176,29.79084979175164,0.17732648685566452,53.572824644392256,4,autumn,0.1599999999999966,0.5300000000000011,168.0,-66.0,-165.45
B50,2022-04-08 00:00:00+00:00,-66.0,-165.45,-66.16,-165.98,168.0,0.17732648685566452,53.572824644392256,9.30152852672948,0.055366241230532624,342.9830765635543,4,autumn,0.0799999999999983,-0.060000000000002274,168.0,-65.92,-165.51
B50,2022-04-15 00:00:00+00:00,-65.92,-165.51,-66.0,-165.45,168.0,0.055366241230532624,342.9830765635543,17.174607098147558,0.10222980415564023,13.83568216300307,4,autumn,0.15000000000000568,0.09000000000000341,168.0,-65.77,-165.42
B50,2022-04-22 00:00:00+00:00,-65.77,-165.42,-65.92,-165.51,168.0,0.10222980415564023,13.83568216300307,26.28790832732655,0.15647564480551518,21.571192210419326,4,autumn,0.21999999999999886,0.20999999999997954,168.0,-65.55,-165.21
B50,2022-04-29 00:00:00+00:00,-65.55,-165.21,-65.77,-165.42,168.0,0.15647564480551518,21.571192210419326,23.24743746466675,0.1383776039563497,24.757054472201162,4,autumn,0.18999999999999773,0.21000000000000796,168.0,-65.36,-165.0
B50,2022-05-06 00:00:00+00:00,-65.36,-165.0,-65.55,-165.21,168.0,0.1383776039563497,24.757054472201162,76.29095038256388,0.09082255997924271,12.59699022223532,5,autumn,0.6700000000000017,0.3499999999999943,840.0,-64.69,-164.65
B50,2022-06-10 00:00:00+00:00,-64.69,-164.65,-65.36,-165.0,840.0,0.09082255997924271,12.59699022223532,49.26197495039273,0.2932260413713853,324.0787005106386,6,winter,0.35999999999999943,-0.5999999999999943,168.0,-64.33,-165.25
B50,2022-06-17 00:00:00+00:00,-64.33,-165.25,-64.69,-164.65,168.0,0.2932260413713853,324.0787005106386,72.51289151322565,0.4316243542453908,4.679999760953535,6,winter,0.6499999999999986,0.12000000000000455,168.0,-63.68,-165.13
B50,2022-06-24 00:00:00+00:00,-63.68,-165.13,-64.33,-165.25,168.0,0.4316243542453908,4.679999760953535,67.68754892477696,0.4029020769331962,72.39588116362972,6,winter,0.18999999999999773,1.299999999999983,168.0,-63.49,-163.83
B50,2022-07-01 00:00:00+00:00,-63.49,-163.83,-63.68,-165.13,168.0,0.4029020769331962,72.39588116362972,164.91547251890316,0.9816397173744236,60.89448080216175,7,winter,0.75,2.8300000000000125,168.0,-62.74,-161.0
B50,2022-07-08 00:00:00+00:00,-62.74,-161.0,-63.49,-163.83,168.0,0.9816397173744236,60.89448080216175,94.43162022313422,0.5620929775186561,72.241194180906,7,winter,0.2700000000000031,1.75,168.0,-62.47,-159.25
B50,2022-07-15 00:00:00+00:00,-62.47,-159.25,-62.74,-161.0,168.0,0.5620929775186561,72.241194180906,90.96761392687836,0.541473892421895,90.78480384612129,7,winter,0.0,1.7700000000000102,168.0,-62.47,-157.48
B50,2022-07-22 00:00:00+00:00,-62.47,-157.48,-62.47,-159.25,168.0,0.541473892421895,90.78480384612129,311.9842434498111,0.4642622670384094,23.621114516387365,7,winter,2.5899999999999963,2.2399999999999807,672.0,-59.88,-155.24
B50,2022-08-19 00:00:00+00:00,-59.88,-155.24,-62.47,-157.48,672.0,0.4642622670384094,23.621114516387365,53.11120002787249,0.31613809540400295,60.19144534198773,8,winter,0.240000000000002,0.8200000000000216,168.0,-59.64,-154.42
B50,2022-08-26 00:00:00+00:00,-59.64,-154.42,-59.88,-155.24,168.0,0.31613809540400295,60.19144534198773,164.08401675187133,0.976690575903996,44.94958336170981,8,winter,1.0600000000000023,2.0,168.0,-58.58,-152.42
B50,2022-09-02 00:00:00+00:00,-58.58,-152.42,-59.64,-154.42,168.0,0.976690575903996,44.94958336170981,136.15262930022445,0.8104323172632407,97.09259688808925,9,spring,-0.13000000000000256,2.339999999999975,168.0,-58.71,-150.08
B50,2022-09-09 00:00:00+00:00,-58.71,-150.08,-58.58,-152.42,168.0,0.8104323172632407,97.09259688808925,111.17533999179895,0.6617579761416604,31.082112435900285,9,spring,0.8599999999999994,0.9699999999999989,168.0,-57.85,-149.11
C15,2022-01-14 00:00:00+00:00,-65.96,143.27,-65.96,143.27,168.0,0.0,0.0,0.0,0.0,0.0,1,summer,0.0,0.0,168.0,-65.96,143.27
C15,2022-01-21 00:00:00+00:00,-65.96,143.27,-65.96,143.27,168.0,0.0,0.0,0.0,0.0,0.0,1,summer,0.0,0.0,168.0,-65.96,143.27
C15,2022-01-28 00:00:00+00:00,-65.96,143.27,-65.96,143.27,168.0,0.0,0.0,0.0,0.0,0.0,1,summer,0.0,0.0,168.0,-65.96,143.27
C15,2022-02-04 00:00:00+00:00,-65.96,143.27,-65.96,143.27,168.0,0.0,0.0,0.4529795746452869,0.0026963069919362314,269.99543369361885,2,summer,0.0,-0.010000000000019327,168.0,-65.96,143.26
C15,2022-02-11 00:00:00+00:00,-65.96,143.26,-65.96,143.27,168.0,0.0026963069919362314,269.99543369361885,0.0,0.0,0.0,2,summer,0.0,0.0,168.0,-65.96,143.26
C15,2022-02-18 00:00:00+00:00,-65.96,143.26,-65.96,143.26,168.0,0.0,0.0,0.4529795746452869,0.0005392613983872462,90.00456630638115,2,summer,0.0,0.010000000000019327,840.0,-65.96,143.27
C15,2022-03-25 00:00:00+00:00,-65.96,143.27,-65.96,143.26,840.0,0.0005392613983872462,90.00456630638115,1.111949266444576,0.006618745633598667,0.0,3,autumn,0.009999999999990905,0.0,168.0,-65.95,143.27
C15,2022-04-01 00:00:00+00:00,-65.95,143.27,-65.96,143.27,168.0,0.006618745633598667,0.0,0.0,0.0,0.0,4,autumn,0.0,0.0,168.0,-65.95,143.27
C15,2022-04-08 00:00:00+00:00,-65.95,143.27,-65.95,143.27,168.0,0.0,0.0,0.0,0.0,0.0,4,autumn,0.0,0.0,168.0,-65.95,143.27
C15,2022-04-15 00:00:00+00:00,-65.95,143.27,-65.95,143.27,168.0,0.0,0.0,0.9063136090551195,0.00539472386342333,269.990868098323,4,autumn,0.0,-0.020000000000010232,168.0,-65.95,143.25
C15,2022-04-22 00:00:00+00:00,-65.95,143.25,-65.95,143.27,168.0,0.00539472386342333,269.990868098323,0.0,0.0,0.0,4,autumn,0.0,0.0,168.0,-65.95,143.25
C15,2022-04-29 00:00:00+00:00,-65.95,143.25,-65.95,143.25,168.0,0.0,0.0,0.0,0.0,0.0,4,autumn,0.0,0.0,168.0,-65.95,143.25
C15,2022-05-06 00:00:00+00:00,-65.95,143.25,-65.95,143.25,168.0,0.0,0.0,1.111949266444576,0.0013237491267197334,180.0,5,autumn,-0.009999999999990905,0.0,840.0,-65.96,143.25
C15,2022-06-10 00:00:00+00:00,-65.96,143.25,-65.95,143.25,840.0,0.0013237491267197334,180.0,0.0,0.0,0.0,6,winter,0.0,0.0,168.0,-65.96,143.25
C15,2022-06-17 00:00:00+00:00,-65.96,143.25,-65.96,143.25,168.0,0.0,0.0,0.0,0.0,0.0,6,winter,0.0,0.0,168.0,-65.96,143.25
C15,2022-06-24 00:00:00+00:00,-65.96,143.25,-65.96,143.25,168.0,0.0,0.0,0.0,0.0,0.0,6,winter,0.0,0.0,168.0,-65.96,143.25
C15,2022-07-01 00:00:00+00:00,-65.96,143.25,-65.96,143.25,168.0,0.0,0.0,0.0,0.0,0.0,7,winter,0.0,0.0,168.0,-65.96,143.25
C15,2022-07-08 00:00:00+00:00,-65.96,143.25,-65.96,143.25,168.0,0.0,0.0,0.0,0.0,0.0,7,winter,0.0,0.0,168.0,-65.96,143.25
C15,2022-07-15 00:00:00+00:00,-65.96,143.25,-65.96,143.25,168.0,0.0,0.0,7.247671237844059,0.043140900225262256,90.07306091022281,7,winter,0.0,0.1599999999999966,168.0,-65.96,143.41
C15,2022-07-22 00:00:00+00:00,-65.96,143.41,-65.96,143.25,168.0,0.043140900225262256,90.07306091022281,7.333874967309508,0.010913504415639149,278.64765183738064,7,winter,0.009999999999990905,-0.1599999999999966,672.0,-65.95,143.25
C15,2022-08-19 00:00:00+00:00,-65.95,143.25,-65.96,143.41,672.0,0.010913504415639149,278.64765183738064,0.0,0.0,0.0,8,winter,0.0,0.0,168.0,-65.95,143.25
C15,2022-08-26 00:00:00+00:00,-65.95,143.25,-65.95,143.25,168.0,0.0,0.0,0.0,0.0,0.0,8,winter,0.0,0.0,168.0,-65.95,143.25
C15,2022-09-02 00:00:00+00:00,-65.95,143.25,-65.95,143.25,168.0,0.0,0.0,0.0,0.0,0.0,9,spring,0.0,0.0,168.0,-65.95,143.25
C15,2022-09-09 00:00:00+00:00,-65.95,143.25,-65.95,143.25,168.0,0.0,0.0,0.0,0.0,0.0,9,spring,0.0,0.0,168.0,-65.95,143.25
C15,2022-09-16 00:00:00+00:00,-65.95,143.25,-65.95,143.25,168.0,0.0,0.0,0.0,0.0,0.0,9,spring,0.0,0.0,168.0,-65.95,143.25
C15,2022-09-23 00:00:00+00:00,-65.95,143.25,-65.95,143.25,168.0,0.0,0.0,0.0,0.0,0.0,9,spring,0.0,0.0,840.0,-65.95,143.25
C15,2022-10-28 00:00:00+00:00,-65.95,143.25,-65.95,143.25,840.0,0.0,0.0,0.0,0.0,0.0,10,spring,0.0,0.0,168.0,-65.95,143.25
C15,2022-11-04 00:00:00+00:00,-65.95,143.25,-65.95,143.25,168.0,0.0,0.0,0.0,0.0,0.0,11,spring,0.0,0.0,168.0,-65.95,143.25
C15,2022-11-11 00:00:00+00:00,-65.95,143.25,-65.95,143.25,168.0,0.0,0.0,0.0,0.0,0.0,11,spring,0.0,0.0,168.0,-65.95,143.25
C15,2022-11-18 00:00:00+00:00,-65.95,143.25,-65.95,143.25,168.0,0.0,0.0,0.0,0.0,0.0,11,spring,0.0,0.0,168.0,-65.95,143.25
C15,2022-11-25 00:00:00+00:00,-65.95,143.25,-65.95,143.25,168.0,0.0,0.0,0.0,0.0,0.0,11,spring,0.0,0.0,168.0,-65.95,143.25
C15,2022-12-02 00:00:00+00:00,-65.95,143.25,-65.95,143.25,168.0,0.0,0.0,0.0,0.0,0.0,12,summer,0.0,0.0,168.0,-65.95,143.25
C15,2022-12-09 00:00:00+00:00,-65.95,143.25,-65.95,143.25,168.0,0.0,0.0,1.7565061150732177,0.0020910787084204973,309.26151536089213,12,summer,0.010000000000005116,-0.030000000000001137,840.0,-65.94,143.22
C15,2023-01-13 00:00:00+00:00,-65.94,143.22,-65.95,143.25,840.0,0.0020910787084204973,309.26151536089213,0.0,0.0,0.0,1,summer,0.0,0.0,168.0,-65.94,143.22
C15,2023-01-20 00:00:00+00:00,-65.94,143.22,-65.94,143.22,168.0,0.0,0.0,1.4346277435545303,0.00853945085449125,140.8212900169649,1,summer,-0.010000000000005116,0.020000000000010232,168.0,-65.95,143.24
C15,2023-01-27 00:00:00+00:00,-65.95,143.24,-65.94,143.22,168.0,0.00853945085449125,140.8212900169649,0.0,0.0,0.0,1,summer,0.0,0.0,168.0,-65.95,143.24
C15,2023-02-03 00:00:00+00:00,-65.95,143.24,-65.95,143.24,168.0,0.0,0.0,0.0,0.0,0.0,2,summer,0.0,0.0,168.0,-65.95,143.24
C15,2023-02-10 00:00:00+00:00,-65.95,143.24,-65.95,143.24,168.0,0.0,0.0,0.0,0.0,0.0,2,summer,0.0,0.0,168.0,-65.95,143.24
C15,2023-02-17 00:00:00+00:00,-65.95,143.24,-65.95,143.24,168.0,0.0,0.0,0.45315680596712055,0.0026973619402804795,269.99543404919086,2,summer,0.0,-0.010000000000019327,168.0,-65.95,143.23
C15,2023-02-24 00:00:00+00:00,-65.95,143.23,-65.95,143.24,168.0,0.0026973619402804795,269.99543404919086,0.0,0.0,0.0,2,summer,0.0,0.0,840.0,-65.95,143.23
C15,2023-03-31 00:00:00+00:00,-65.95,143.23,-65.95,143.23,840.0,0.0,0.0,0.0,0.0,0.0,3,autumn,0.0,0.0,168.0,-65.95,143.23
C15,2023-04-07 00:00:00+00:00,-65.95,143.23,-65.95,143.23,168.0,0.0,0.0,0.0,0.0,0.0,4,autumn,0.0,0.0,168.0,-65.95,143.23
C15,2023-04-14 00:00:00+00:00,-65.95,143.23,-65.95,143.23,168.0,0.0,0.0,0.0,0.0,0.0,4,autumn,0.0,0.0,168.0,-65.95,143.23
C15,2023-04-21 00:00:00+00:00,-65.95,143.23,-65.95,143.23,168.0,0.0,0.0,0.0,0.0,0.0,4,autumn,0.0,0.0,168.0,-65.95,143.23
C15,2023-04-28 00:00:00+00:00,-65.95,143.23,-65.95,143.23,168.0,0.0,0.0,0.0,0.0,0.0,4,autumn,0.0,0.0,168.0,-65.95,143.23
C15,2023-05-05 00:00:00+00:00,-65.95,143.23,-65.95,143.23,168.0,0.0,0.0,0.0,0.0,0.0,5,autumn,0.0,0.0,168.0,-65.95,143.23
C15,2023-05-12 00:00:00+00:00,-65.95,143.23,-65.95,143.23,168.0,0.0,0.0,2.8694793663529796,0.003516518831314926,320.78840991611503,5,autumn,0.01999999999999602,-0.03999999999999204,816.0,-65.93,143.19
C15,2023-06-15 00:00:00+00:00,-65.93,143.19,-65.95,143.23,816.0,0.003516518831314926,320.78840991611503,0.0,0.0,0.0,6,winter,0.0,0.0,192.0,-65.93,143.19
C15,2023-06-23 00:00:00+00:00,-65.93,143.19,-65.93,143.19,192.0,0.0,0.0,0.0,0.0,0.0,6,winter,0.0,0.0,24.0,-65.93,143.19
C15,2023-06-24 00:00:00+00:00,-65.93,143.19,-65.93,143.19,24.0,0.0,0.0,1.2008427213871602,0.008339185565188612,157.82026827325467,6,winter,-0.009999999999990905,0.009999999999990905,144.0,-65.94,143.2
C15,2023-06-30 00:00:00+00:00,-65.94,143.2,-65.93,143.19,144.0,0.008339185565188612,157.82026827325467,0.0,0.0,0.0,6,winter,0.0,0.0,168.0,-65.94,143.2
C15,2023-07-07 00:00:00+00:00,-65.94,143.2,-65.94,143.2,168.0,0.0,0.0,0.0,0.0,0.0,7,winter,0.0,0.0,168.0,-65.94,143.2
C15,2023-07-14 00:00:00+00:00,-65.94,143.2,-65.94,143.2,168.0,0.0,0.0,0.0,0.0,0.0,7,winter,0.0,0.0,168.0,-65.94,143.2
C15,2023-07-21 00:00:00+00:00,-65.94,143.2,-65.94,143.2,168.0,0.0,0.0,1.434851716161936,0.0021351960061933573,320.7920582817416,7,winter,0.009999999999990905,-0.01999999999998181,672.0,-65.93,143.18
C15,2023-08-18 00:00:00+00:00,-65.93,143.18,-65.94,143.2,672.0,0.0021351960061933573,320.7920582817416,0.0,0.0,0.0,8,winter,0.0,0.0,168.0,-65.93,143.18
C15,2023-08-25 00:00:00+00:00,-65.93,143.18,-65.93,143.18,168.0,0.0,0.0,0.0,0.0,0.0,8,winter,0.0,0.0,168.0,-65.93,143.18
C15,2023-09-01 00:00:00+00:00,-65.93,143.18,-65.93,143.18,168.0,0.0,0.0,0.0,0.0,0.0,9,spring,0.0,0.0,168.0,-65.93,143.18
C15,2023-09-08 00:00:00+00:00,-65.93,143.18,-65.93,143.18,168.0,0.0,0.0,0.0,0.0,0.0,9,spring,0.0,0.0,168.0,-65.93,143.18
C15,2023-09-15 00:00:00+00:00,-65.93,143.18,-65.93,143.18,168.0,0.0,0.0,0.0,0.0,0.0,9,spring,0.0,0.0,168.0,-65.93,143.18
C15,2023-09-22 00:00:00+00:00,-65.93,143.18,-65.93,143.18,168.0,0.0,0.0,0.0,0.0,0.0,9,spring,0.0,0.0,192.0,-65.93,143.18
C15,2023-09-30 00:00:00+00:00,-65.93,143.18,-65.93,143.18,192.0,0.0,0.0,0.0,0.0,0.0,9,spring,0.0,0.0,816.0,-65.93,143.18
C15,2023-11-03 00:00:00+00:00,-65.93,143.18,-65.93,143.18,816.0,0.0,0.0,0.0,0.0,0.0,11,spring,0.0,0.0,144.0,-65.93,143.18
C15,2023-11-09 00:00:00+00:00,-65.93,143.18,-65.93,143.18,144.0,0.0,0.0,0.0,0.0,0.0,11,spring,0.0,0.0,192.0,-65.93,143.18
C15,2023-11-17 00:00:00+00:00,-65.93,143.18,-65.93,143.18,192.0,0.0,0.0,0.0,0.0,0.0,11,spring,0.0,0.0,168.0,-65.93,143.18
C15,2023-11-24 00:00:00+00:00,-65.93,143.18,-65.93,143.18,168.0,0.0,0.0,0.0,0.0,0.0,11,spring,0.0,0.0,336.0,-65.93,143.18
C15,2023-12-08 00:00:00+00:00,-65.93,143.18,-65.93,143.18,336.0,0.0,0.0,0.0,0.0,0.0,12,summer,0.0,0.0,168.0,-65.93,143.18
C15,2023-12-15 00:00:00+00:00,-65.93,143.18,-65.93,143.18,168.0,0.0,0.0,0.0,0.0,0.0,12,summer,0.0,0.0,144.0,-65.93,143.18
C18B,2022-01-14 00:00:00+00:00,-66.59,89.55,-66.59,89.55,168.0,0.0,0.0,0.0,0.0,0.0,1,summer,0.0,0.0,168.0,-66.59,89.55
C18B,2022-01-21 00:00:00+00:00,-66.59,89.55,-66.59,89.55,168.0,0.0,0.0,0.0,0.0,0.0,1,summer,0.0,0.0,168.0,-66.59,89.55
C18B,2022-01-28 00:00:00+00:00,-66.59,89.55,-66.59,89.55,168.0,0.0,0.0,0.0,0.0,0.0,1,summer,0.0,0.0,168.0,-66.59,89.55
C18B,2022-02-04 00:00:00+00:00,-66.59,89.55,-66.59,89.55,168.0,0.0,0.0,0.0,0.0,0.0,2,summer,0.0,0.0,168.0,-66.59,89.55
C18B,2022-02-11 00:00:00+00:00,-66.59,89.55,-66.59,89.55,168.0,0.0,0.0,0.0,0.0,0.0,2,summer,0.0,0.0,168.0,-66.59,89.55
C18B,2022-02-18 00:00:00+00:00,-66.59,89.55,-66.59,89.55,168.0,0.0,0.0,0.0,0.0,0.0,2,summer,0.0,0.0,840.0,-66.59,89.55
C18B,2022-03-25 00:00:00+00:00,-66.59,89.55,-66.59,89.55,840.0,0.0,0.0,0.0,0.0,0.0,3,autumn,0.0,0.0,168.0,-66.59,89.55
C18B,2022-04-01 00:00:00+00:00,-66.59,89.55,-66.59,89.55,168.0,0.0,0.0,0.0,0.0,0.0,4,autumn,0.0,0.0,168.0,-66.59,89.55
C18B,2022-04-08 00:00:00+00:00,-66.59,89.55,-66.59,89.55,168.0,0.0,0.0,0.0,0.0,0.0,4,autumn,0.0,0.0,168.0,-66.59,89.55
C18B,2022-04-15 00:00:00+00:00,-66.59,89.55,-66.59,89.55,168.0,0.0,0.0,0.0,0.0,0.0,4,autumn,0.0,0.0,168.0,-66.59,89.55
C18B,2022-04-22 00:00:00+00:00,-66.59,89.55,-66.59,89.55,168.0,0.0,0.0,5.346116473249065,0.031822121864577765,294.5308141229169,4,autumn,0.020000000000010232,-0.10999999999999943,168.0,-66.57,89.44
C18B,2022-04-29 00:00:00+00:00,-66.57,89.44,-66.59,89.55,168.0,0.031822121864577765,294.5308141229169,1.7685702732179798,0.01052720400724988,269.98164906880436,4,autumn,0.0,-0.03999999999999204,168.0,-66.57,89.4
C18B,2022-05-06 00:00:00+00:00,-66.57,89.4,-66.57,89.44,168.0,0.01052720400724988,269.98164906880436,1.32642771483539,0.001579080612899274,269.9862368016487,5,autumn,0.0,-0.030000000000001137,840.0,-66.57,89.37
C18B,2022-06-10 00:00:00+00:00,-66.57,89.37,-66.57,89.4,840.0,0.001579080612899274,269.9862368016487,0.0,0.0,0.0,6,winter,0.0,0.0,168.0,-66.57,89.37
C18B,2022-06-17 00:00:00+00:00,-66.57,89.37,-66.57,89.37,168.0,0.0,0.0,0.0,0.0,0.0,6,winter,0.0,0.0,168.0,-66.57,89.37
C18B,2022-06-24 00:00:00+00:00,-66.57,89.37,-66.57,89.37,168.0,0.0,0.0,0.0,0.0,0.0,6,winter,0.0,0.0,168.0,-66.57,89.37
C18B,2022-07-01 00:00:00+00:00,-66.57,89.37,-66.57,89.37,168.0,0.0,0.0,0.0,0.0,0.0,7,winter,0.0,0.0,168.0,-66.57,89.37
C18B,2022-07-08 00:00:00+00:00,-66.57,89.37,-66.57,89.37,168.0,0.0,0.0,0.0,0.0,0.0,7,winter,0.0,0.0,168.0,-66.57,89.37
C18B,2022-07-15 00:00:00+00:00,-66.57,89.37,-66.57,89.37,168.0,0.0,0.0,3.3358477993353084,0.01985623690080541,0.0,7,winter,0.029999999999986926,0.0,168.0,-66.54,89.37
C18B,2022-07-22 00:00:00+00:00,-66.54,89.37,-66.57,89.37,168.0,0.01985623690080541,0.0,2.589974932843527,0.003854129364350487,210.820186186599,7,winter,-0.01999999999999602,-0.030000000000001137,672.0,-66.56,89.34
C18B,2022-08-19 00:00:00+00:00,-66.56,89.34,-66.54,89.37,672.0,0.003854129364350487,210.820186186599,0.0,0.0,0.0,8,winter,0.0,0.0,168.0,-66.56,89.34
C18B,2022-08-26 00:00:00+00:00,-66.56,89.34,-66.56,89.34,168.0,0.0,0.0,0.0,0.0,0.0,8,winter,0.0,0.0,168.0,-66.56,89.34
C18B,2022-09-02 00:00:00+00:00,-66.56,89.34,-66.56,89.34,168.0,0.0,0.0,0.0,0.0,0.0,9,spring,0.0,0.0,168.0,-66.56,89.34
C18B,2022-09-09 00:00:00+00:00,-66.56,89.34,-66.56,89.34,168.0,0.0,0.0,0.0,0.0,0.0,9,spring,0.0,0.0,168.0,-66.56,89.34
C18B,2022-09-16 00:00:00+00:00,-66.56,89.34,-66.56,89.34,168.0,0.0,0.0,0.0,0.0,0.0,9,spring,0.0,0.0,168.0,-66.56,89.34
C18B,2022-09-23 00:00:00+00:00,-66.56,89.34,-66.56,89.34,168.0,0.0,0.0,0.0,0.0,0.0,9,spring,0.0,0.0,840.0,-66.56,89.34
C18B,2022-10-28 00:00:00+00:00,-66.56,89.34,-66.56,89.34,840.0,0.0,0.0,1.3269619042454173,0.007898582763365579,90.01376215715334,10,spring,0.0,0.030000000000001137,168.0,-66.56,89.37
C18B,2022-11-04 00:00:00+00:00,-66.56,89.37,-66.56,89.34,168.0,0.007898582763365579,90.01376215715334,0.0,0.0,0.0,11,spring,0.0,0.0,168.0,-66.56,89.37
C18B,2022-11-11 00:00:00+00:00,-66.56,89.37,-66.56,89.37,168.0,0.0,0.0,0.0,0.0,0.0,11,spring,0.0,0.0,168.0,-66.56,89.37
C18B,2022-11-18 00:00:00+00:00,-66.56,89.37,-66.56,89.37,168.0,0.0,0.0,1.3269619042454173,0.007898582763365579,269.98623784284666,11,spring,0.0,-0.030000000000001137,168.0,-66.56,89.34
C18B,2022-11-25 00:00:00+00:00,-66.56,89.34,-66.56,89.37,168.0,0.007898582763365579,269.98623784284666,0.8846412742224904,0.0052657218703719665,90.00917477141775,11,spring,0.0,0.01999999999999602,168.0,-66.56,89.36
C18B,2022-12-02 00:00:00+00:00,-66.56,89.36,-66.56,89.34,168.0,0.0052657218703719665,90.00917477141775,0.8846412742224904,0.0052657218703719665,269.99082522858225,12,summer,0.0,-0.01999999999999602,168.0,-66.56,89.34
C18B,2022-12-09 00:00:00+00:00,-66.56,89.34,-66.56,89.36,168.0,0.0052657218703719665,269.99082522858225,0.0,0.0,0.0,12,summer,0.0,0.0,840.0,-66.56,89.34
C18B,2023-01-13 00:00:00+00:00,-66.56,89.34,-66.56,89.34,840.0,0.0,0.0,0.0,0.0,0.0,1,summer,0.0,0.0,168.0,-66.56,89.34
C18B,2023-01-20 00:00:00+00:00,-66.56,89.34,-66.56,89.34,168.0,0.0,0.0,0.0,0.0,0.0,1,summer,0.0,0.0,168.0,-66.56,89.34
C18B,2023-01-27 00:00:00+00:00,-66.56,89.34,-66.56,89.34,168.0,0.0,0.0,0.0,0.0,0.0,1,summer,0.0,0.0,168.0,-66.56,89.34
C18B,2023-02-03 00:00:00+00:00,-66.56,89.34,-66.56,89.34,168.0,0.0,0.0,0.0,0.0,0.0,2,summer,0.0,0.0,168.0,-66.56,89.34
C18B,2023-02-10 00:00:00+00:00,-66.56,89.34,-66.56,89.34,168.0,0.0,0.0,0.0,0.0,0.0,2,summer,0.0,0.0,168.0,-66.56,89.34
C18B,2023-02-17 00:00:00+00:00,-66.56,89.34,-66.56,89.34,168.0,0.0,0.0,0.0,0.0,0.0,2,summer,0.0,0.0,168.0,-66.56,89.34
C18B,2023-02-24 00:00:00+00:00,-66.56,89.34,-66.56,89.34,168.0,0.0,0.0,39.42679328235182,0.04693665866946645,330.7632729213325,2,summer,0.3100000000000023,-0.4300000000000068,840.0,-66.25,88.91
C18B,2023-03-31 00:00:00+00:00,-66.25,88.91,-66.56,89.34,840.0,0.04693665866946645,330.7632729213325,5.817952630491048,0.034630670419589574,67.5819518301422,3,autumn,0.01999999999999602,0.12000000000000455,168.0,-66.23,89.03
C18B,2023-04-07 00:00:00+00:00,-66.23,89.03,-66.25,88.91,168.0,0.034630670419589574,67.5819518301422,53.76921470634033,0.32005484944250195,303.48862096422715,4,autumn,0.27000000000001023,-0.9899999999999949,168.0,-65.96,88.04
C18B,2023-04-14 00:00:00+00:00,-65.96,88.04,-66.23,89.03,168.0,0.32005484944250195,303.48862096422715,100.16032597819225,0.5961924165368586,276.0135615799121,4,autumn,0.10999999999999943,-2.190000000000012,168.0,-65.85,85.85
C18B,2023-04-21 00:00:00+00:00,-65.85,85.85,-65.96,88.04,168.0,0.5961924165368586,276.0135615799121,76.29562523252456,0.45414062638407476,246.12149322470887,4,autumn,-0.27000000000001023,-1.5499999999999972,168.0,-66.12,84.3
C18B,2023-04-28 00:00:00+00:00,-66.12,84.3,-65.85,85.85,168.0,0.45414062638407476,246.12149322470887,12.775036032737052,0.07604188114724436,209.42996087164406,4,autumn,-0.09999999999999432,-0.14000000000000057,168.0,-66.22,84.16
C18B,2023-05-05 00:00:00+00:00,-66.22,84.16,-66.12,84.3,168.0,0.07604188114724436,209.42996087164406,11.266387395575215,0.06706182973556676,275.5496990190529,5,autumn,0.010000000000005116,-0.25,168.0,-66.21,83.91
C18B,2023-05-12 00:00:00+00:00,-66.21,83.91,-66.22,84.16,168.0,0.06706182973556676,275.5496990190529,103.57577612745392,0.1269310981954092,298.67966927424675,5,autumn,0.45999999999999375,-1.9899999999999949,816.0,-65.75,81.92
C18B,2023-06-15 00:00:00+00:00,-65.75,81.92,-66.21,83.91,816.0,0.1269310981954092,298.67966927424675,39.71903566926178,0.20686997744407176,116.96587906015526,6,winter,-0.1599999999999966,0.7800000000000011,192.0,-65.91,82.7
C18B,2023-06-23 00:00:00+00:00,-65.91,82.7,-65.75,81.92,192.0,0.20686997744407176,116.96587906015526,45.02743926134606,1.8761433025560859,278.07334720859393,6,winter,0.060000000000002274,-0.980000000000004,24.0,-65.85,81.72
C18B,2023-06-24 00:00:00+00:00,-65.85,81.72,-65.91,82.7,24.0,1.8761433025560859,278.07334720859393,2.9468769161360977,0.0204644230287229,112.19585500967895,6,winter,-0.010000000000005116,0.060000000000002274,144.0,-65.86,81.78
C18B,2023-06-30 00:00:00+00:00,-65.86,81.78,-65.85,81.72,144.0,0.0204644230287229,112.19585500967895,2.5314841726148076,0.015068358170326236,296.03309272078775,6,winter,0.010000000000005116,-0.04999999999999716,168.0,-65.85,81.73
C18B,2023-07-07 00:00:00+00:00,-65.85,81.73,-65.86,81.78,168.0,0.015068358170326236,296.03309272078775,0.0,0.0,0.0,7,winter,0.0,0.0,168.0,-65.85,81.73
C18B,2023-07-14 00:00:00+00:00,-65.85,81.73,-65.85,81.73,168.0,0.0,0.0,0.0,0.0,0.0,7,winter,0.0,0.0,168.0,-65.85,81.73
C18B,2023-07-21 00:00:00+00:00,-65.85,81.73,-65.85,81.73,168.0,0.0,0.0,2.4026900343881903,0.0035754315987919496,157.76615207768884,7,winter,-0.020000000000010232,0.01999999999999602,672.0,-65.87,81.75
C18B,2023-08-18 00:00:00+00:00,-65.87,81.75,-65.85,81.73,672.0,0.0035754315987919496,157.76615207768884,0.0,0.0,0.0,8,winter,0.0,0.0,168.0,-65.87,81.75
C18B,2023-08-25 00:00:00+00:00,-65.87,81.75,-65.87,81.75,168.0,0.0,0.0,3.518363681595128,0.02094264096187576,129.23135885200384,8,winter,-0.01999999999999602,0.060000000000002274,168.0,-65.89,81.81
C18B,2023-09-01 00:00:00+00:00,-65.89,81.81,-65.87,81.75,168.0,0.02094264096187576,129.23135885200384,0.0,0.0,0.0,9,spring,0.0,0.0,168.0,-65.89,81.81
C18B,2023-09-08 00:00:00+00:00,-65.89,81.81,-65.89,81.81,168.0,0.0,0.0,5.278162716037896,0.03141763521451128,309.1574362448328,9,spring,0.030000000000001137,-0.09000000000000341,168.0,-65.86,81.72
C18B,2023-09-15 00:00:00+00:00,-65.86,81.72,-65.89,81.81,168.0,0.03141763521451128,309.1574362448328,4.652632173489627,0.027694239127914445,17.078320218839906,9,spring,0.04000000000000625,0.030000000000001137,168.0,-65.82,81.75
C18B,2023-09-22 00:00:00+00:00,-65.82,81.75,-65.86,81.72,168.0,0.027694239127914445,17.078320218839906,4.038306230857511,0.021032844952382872,214.28198396593208,9,spring,-0.030000000000001137,-0.04999999999999716,192.0,-65.85,81.7
C18B,2023-09-30 00:00:00+00:00,-65.85,81.7,-65.82,81.75,192.0,0.021032844952382872,214.28198396593208,9.30619925091238,0.011404655944745564,342.8892408134639,9,spring,0.0799999999999983,-0.060000000000002274,816.0,-65.77,81.64
C18B,2023-11-03 00:00:00+00:00,-65.77,81.64,-65.85,81.7,816.0,0.011404655944745564,342.8892408134639,0.0,0.0,0.0,11,spring,0.0,0.0,144.0,-65.77,81.64
C18B,2023-11-09 00:00:00+00:00,-65.77,81.64,-65.77,81.64,144.0,0.0,0.0,0.0,0.0,0.0,11,spring,0.0,0.0,192.0,-65.77,81.64
C18B,2023-11-17 00:00:00+00:00,-65.77,81.64,-65.77,81.64,192.0,0.0,0.0,1.7635072567877772,0.01049706700468915,230.8968757841783,11,spring,-0.010000000000005116,-0.030000000000001137,168.0,-65.78,81.61
C18B,2023-11-24 00:00:00+00:00,-65.78,81.61,-65.77,81.64,168.0,0.01049706700468915,230.8968757841783,0.0,0.0,0.0,11,spring,0.0,0.0,336.0,-65.78,81.61
C18B,2023-12-08 00:00:00+00:00,-65.78,81.61,-65.78,81.61,336.0,0.0,0.0,7.783644865119933,0.04633121943523769,0.0,12,summer,0.07000000000000739,0.0,168.0,-65.71,81.61
C18B,2023-12-15 00:00:00+00:00,-65.71,81.61,-65.78,81.61,168.0,0.04633121943523769,0.0,20.256063439603516,0.14066710721946885,276.1026154708816,12,summer,0.01999999999999602,-0.4399999999999977,144.0,-65.69,81.17
C24,2022-01-14 00:00:00+00:00,-64.84,96.02,-64.84,96.02,168.0,0.0,0.0,0.0,0.0,0.0,1,summer,0.0,0.0,168.0,-64.84,96.02
C24,2022-01-21 00:00:00+00:00,-64.84,96.02,-64.84,96.02,168.0,0.0,0.0,0.0,0.0,0.0,1,summer,0.0,0.0,168.0,-64.84,96.02
C24,2022-01-28 00:00:00+00:00,-64.84,96.02,-64.84,96.02,168.0,0.0,0.0,0.0,0.0,0.0,1,summer,0.0,0.0,168.0,-64.84,96.02
C24,2022-02-04 00:00:00+00:00,-64.84,96.02,-64.84,96.02,168.0,0.0,0.0,0.0,0.0,0.0,2,summer,0.0,0.0,168.0,-64.84,96.02
C24,2022-02-11 00:00:00+00:00,-64.84,96.02,-64.84,96.02,168.0,0.0,0.0,0.0,0.0,0.0,2,summer,0.0,0.0,168.0,-64.84,96.02
C24,2022-02-18 00:00:00+00:00,-64.84,96.02,-64.84,96.02,168.0,0.0,0.0,0.0,0.0,0.0,2,summer,0.0,0.0,840.0,-64.84,96.02
C24,2022-03-25 00:00:00+00:00,-64.84,96.02,-64.84,96.02,840.0,0.0,0.0,0.0,0.0,0.0,3,autumn,0.0,0.0,168.0,-64.84,96.02
C24,2022-04-01 00:00:00+00:00,-64.84,96.02,-64.84,96.02,168.0,0.0,0.0,0.0,0.0,0.0,4,autumn,0.0,0.0,168.0,-64.84,96.02
C24,2022-04-08 00:00:00+00:00,-64.84,96.02,-64.84,96.02,168.0,0.0,0.0,0.0,0.0,0.0,4,autumn,0.0,0.0,168.0,-64.84,96.02
C24,2022-04-15 00:00:00+00:00,-64.84,96.02,-64.84,96.02,168.0,0.0,0.0,0.0,0.0,0.0,4,autumn,0.0,0.0,168.0,-64.84,96.02
C24,2022-04-22 00:00:00+00:00,-64.84,96.02,-64.84,96.02,168.0,0.0,0.0,0.0,0.0,0.0,4,autumn,0.0,0.0,168.0,-64.84,96.02
C24,2022-04-29 00:00:00+00:00,-64.84,96.02,-64.84,96.02,168.0,0.0,0.0,0.0,0.0,0.0,4,autumn,0.0,0.0,168.0,-64.84,96.02
C24,2022-05-06 00:00:00+00:00,-64.84,96.02,-64.84,96.02,168.0,0.0,0.0,0.4727424496060101,0.0005627886304833454,90.00452562041608,5,autumn,0.0,0.010000000000005116,840.0,-64.84,96.03
C24,2022-06-10 00:00:00+00:00,-64.84,96.03,-64.84,96.02,840.0,0.0005627886304833454,90.00452562041608,0.0,0.0,0.0,6,winter,0.0,0.0,168.0,-64.84,96.03
C24,2022-06-17 00:00:00+00:00,-64.84,96.03,-64.84,96.03,168.0,0.0,0.0,0.0,0.0,0.0,6,winter,0.0,0.0,168.0,-64.84,96.03
C24,2022-06-24 00:00:00+00:00,-64.84,96.03,-64.84,96.03,168.0,0.0,0.0,0.0,0.0,0.0,6,winter,0.0,0.0,168.0,-64.84,96.03
C24,2022-07-01 00:00:00+00:00,-64.84,96.03,-64.84,96.03,168.0,0.0,0.0,0.0,0.0,0.0,7,winter,0.0,0.0,168.0,-64.84,96.03
C24,2022-07-08 00:00:00+00:00,-64.84,96.03,-64.84,96.03,168.0,0.0,0.0,0.0,0.0,0.0,7,winter,0.0,0.0,168.0,-64.84,96.03
C24,2022-07-15 00:00:00+00:00,-64.84,96.03,-64.84,96.03,168.0,0.0,0.0,0.0,0.0,0.0,7,winter,0.0,0.0,168.0,-64.84,96.03
C24,2022-07-22 00:00:00+00:00,-64.84,96.03,-64.84,96.03,168.0,0.0,0.0,0.0,0.0,0.0,7,winter,0.0,0.0,672.0,-64.84,96.03
C24,2022-08-19 00:00:00+00:00,-64.84,96.03,-64.84,96.03,672.0,0.0,0.0,0.0,0.0,0.0,8,winter,0.0,0.0,168.0,-64.84,96.03
C24,2022-08-26 00:00:00+00:00,-64.84,96.03,-64.84,96.03,168.0,0.0,0.0,0.0,0.0,0.0,8,winter,0.0,0.0,168.0,-64.84,96.03
C24,2022-09-02 00:00:00+00:00,-64.84,96.03,-64.84,96.03,168.0,0.0,0.0,0.0,0.0,0.0,9,spring,0.0,0.0,168.0,-64.84,96.03
C24,2022-09-09 00:00:00+00:00,-64.84,96.03,-64.84,96.03,168.0,0.0,0.0,0.0,0.0,0.0,9,spring,0.0,0.0,168.0,-64.84,96.03
C24,2022-09-16 00:00:00+00:00,-64.84,96.03,-64.84,96.03,168.0,0.0,0.0,0.0,0.0,0.0,9,spring,0.0,0.0,168.0,-64.84,96.03
C24,2022-09-23 00:00:00+00:00,-64.84,96.03,-64.84,96.03,168.0,0.0,0.0,0.0,0.0,0.0,9,spring,0.0,0.0,840.0,-64.84,96.03
C24,2022-10-28 00:00:00+00:00,-64.84,96.03,-64.84,96.03,840.0,0.0,0.0,0.0,0.0,0.0,10,spring,0.0,0.0,168.0,-64.84,96.03
C24,2022-11-04 00:00:00+00:00,-64.84,96.03,-64.84,96.03,168.0,0.0,0.0,0.0,0.0,0.0,11,spring,0.0,0.0,168.0,-64.84,96.03
C24,2022-11-11 00:00:00+00:00,-64.84,96.03,-64.84,96.03,168.0,0.0,0.0,0.0,0.0,0.0,11,spring,0.0,0.0,168.0,-64.84,96.03
C24,2022-11-18 00:00:00+00:00,-64.84,96.03,-64.84,96.03,168.0,0.0,0.0,0.0,0.0,0.0,11,spring,0.0,0.0,168.0,-64.84,96.03
C24,2022-11-25 00:00:00+00:00,-64.84,96.03,-64.84,96.03,168.0,0.0,0.0,0.0,0.0,0.0,11,spring,0.0,0.0,168.0,-64.84,96.03
C24,2022-12-02 00:00:00+00:00,-64.84,96.03,-64.84,96.03,168.0,0.0,0.0,0.0,0.0,0.0,12,summer,0.0,0.0,168.0,-64.84,96.03
C24,2022-12-09 00:00:00+00:00,-64.84,96.03,-64.84,96.03,168.0,0.0,0.0,0.0,0.0,0.0,12,summer,0.0,0.0,840.0,-64.84,96.03
C24,2023-01-13 00:00:00+00:00,-64.84,96.03,-64.84,96.03,840.0,0.0,0.0,0.4727424496060101,0.0028139431524167265,269.9954743795839,1,summer,0.0,-0.010000000000005116,168.0,-64.84,96.02
C24,2023-01-20 00:00:00+00:00,-64.84,96.02,-64.84,96.03,168.0,0.0028139431524167265,269.9954743795839,0.0,0.0,0.0,1,summer,0.0,0.0,168.0,-64.84,96.02
C24,2023-01-27 00:00:00+00:00,-64.84,96.02,-64.84,96.02,168.0,0.0,0.0,0.0,0.0,0.0,1,summer,0.0,0.0,168.0,-64.84,96.02
C24,2023-02-03 00:00:00+00:00,-64.84,96.02,-64.84,96.02,168.0,0.0,0.0,0.0,0.0,0.0,2,summer,0.0,0.0,168.0,-64.84,96.02
C24,2023-02-10 00:00:00+00:00,-64.84,96.02,-64.84,96.02,168.0,0.0,0.0,0.0,0.0,0.0,2,summer,0.0,0.0,168.0,-64.84,96.02
C24,2023-02-17 00:00:00+00:00,-64.84,96.02,-64.84,96.02,168.0,0.0,0.0,0.0,0.0,0.0,2,summer,0.0,0.0,168.0,-64.84,96.02
C24,2023-02-24 00:00:00+00:00,-64.84,96.02,-64.84,96.02,168.0,0.0,0.0,0.0,0.0,0.0,2,summer,0.0,0.0,840.0,-64.84,96.02
C24,2023-03-31 00:00:00+00:00,-64.84,96.02,-64.84,96.02,840.0,0.0,0.0,0.0,0.0,0.0,3,autumn,0.0,0.0,168.0,-64.84,96.02
C24,2023-04-07 00:00:00+00:00,-64.84,96.02,-64.84,96.02,168.0,0.0,0.0,0.0,0.0,0.0,4,autumn,0.0,0.0,168.0,-64.84,96.02
C24,2023-04-14 00:00:00+00:00,-64.84,96.02,-64.84,96.02,168.0,0.0,0.0,0.0,0.0,0.0,4,autumn,0.0,0.0,168.0,-64.84,96.02
C24,2023-04-21 00:00:00+00:00,-64.84,96.02,-64.84,96.02,168.0,0.0,0.0,0.0,0.0,0.0,4,autumn,0.0,0.0,168.0,-64.84,96.02
C24,2023-04-28 00:00:00+00:00,-64.84,96.02,-64.84,96.02,168.0,0.0,0.0,0.0,0.0,0.0,4,autumn,0.0,0.0,168.0,-64.84,96.02
C24,2023-05-05 00:00:00+00:00,-64.84,96.02,-64.84,96.02,168.0,0.0,0.0,0.0,0.0,0.0,5,autumn,0.0,0.0,168.0,-64.84,96.02
C24,2023-05-12 00:00:00+00:00,-64.84,96.02,-64.84,96.02,168.0,0.0,0.0,0.0,0.0,0.0,5,autumn,0.0,0.0,816.0,-64.84,96.02
C24,2023-06-15 00:00:00+00:00,-64.84,96.02,-64.84,96.02,816.0,0.0,0.0,0.0,0.0,0.0,6,winter,0.0,0.0,192.0,-64.84,96.02
C24,2023-06-23 00:00:00+00:00,-64.84,96.02,-64.84,96.02,192.0,0.0,0.0,0.0,0.0,0.0,6,winter,0.0,0.0,24.0,-64.84,96.02
C24,2023-06-24 00:00:00+00:00,-64.84,96.02,-64.84,96.02,24.0,0.0,0.0,0.0,0.0,0.0,6,winter,0.0,0.0,144.0,-64.84,96.02
C24,2023-06-30 00:00:00+00:00,-64.84,96.02,-64.84,96.02,144.0,0.0,0.0,0.0,0.0,0.0,6,winter,0.0,0.0,168.0,-64.84,96.02
C24,2023-07-07 00:00:00+00:00,-64.84,96.02,-64.84,96.02,168.0,0.0,0.0,0.0,0.0,0.0,7,winter,0.0,0.0,168.0,-64.84,96.02
C24,2023-07-14 00:00:00+00:00,-64.84,96.02,-64.84,96.02,168.0,0.0,0.0,0.0,0.0,0.0,7,winter,0.0,0.0,168.0,-64.84,96.02
C24,2023-07-21 00:00:00+00:00,-64.84,96.02,-64.84,96.02,168.0,0.0,0.0,0.0,0.0,0.0,7,winter,0.0,0.0,672.0,-64.84,96.02
C24,2023-08-18 00:00:00+00:00,-64.84,96.02,-64.84,96.02,672.0,0.0,0.0,0.0,0.0,0.0,8,winter,0.0,0.0,168.0,-64.84,96.02
C24,2023-08-25 00:00:00+00:00,-64.84,96.02,-64.84,96.02,168.0,0.0,0.0,0.0,0.0,0.0,8,winter,0.0,0.0,168.0,-64.84,96.02
C24,2023-09-01 00:00:00+00:00,-64.84,96.02,-64.84,96.02,168.0,0.0,0.0,0.0,0.0,0.0,9,spring,0.0,0.0,168.0,-64.84,96.02
C24,2023-09-08 00:00:00+00:00,-64.84,96.02,-64.84,96.02,168.0,0.0,0.0,0.0,0.0,0.0,9,spring,0.0,0.0,168.0,-64.84,96.02
C24,2023-09-15 00:00:00+00:00,-64.84,96.02,-64.84,96.02,168.0,0.0,0.0,0.0,0.0,0.0,9,spring,0.0,0.0,168.0,-64.84,96.02
C24,2023-09-22 00:00:00+00:00,-64.84,96.02,-64.84,96.02,168.0,0.0,0.0,0.0,0.0,0.0,9,spring,0.0,0.0,192.0,-64.84,96.02
C24,2023-09-30 00:00:00+00:00,-64.84,96.02,-64.84,96.02,192.0,0.0,0.0,0.0,0.0,0.0,9,spring,0.0,0.0,816.0,-64.84,96.02
C24,2023-11-03 00:00:00+00:00,-64.84,96.02,-64.84,96.02,816.0,0.0,0.0,0.0,0.0,0.0,11,spring,0.0,0.0,144.0,-64.84,96.02
C24,2023-11-09 00:00:00+00:00,-64.84,96.02,-64.84,96.02,144.0,0.0,0.0,0.0,0.0,0.0,11,spring,0.0,0.0,192.0,-64.84,96.02
C24,2023-11-17 00:00:00+00:00,-64.84,96.02,-64.84,96.02,192.0,0.0,0.0,0.0,0.0,0.0,11,spring,0.0,0.0,168.0,-64.84,96.02
C24,2023-11-24 00:00:00+00:00,-64.84,96.02,-64.84,96.02,168.0,0.0,0.0,0.0,0.0,0.0,11,spring,0.0,0.0,336.0,-64.84,96.02
C24,2023-12-08 00:00:00+00:00,-64.84,96.02,-64.84,96.02,336.0,0.0,0.0,0.0,0.0,0.0,12,summer,0.0,0.0,168.0,-64.84,96.02
C24,2023-12-15 00:00:00+00:00,-64.84,96.02,-64.84,96.02,168.0,0.0,0.0,0.0,0.0,0.0,12,summer,0.0,0.0,144.0,-64.84,96.02
C29,2022-01-14 00:00:00+00:00,-66.07,142.83,-66.07,142.83,168.0,0.0,0.0,0.902058238307164,0.005369394275637881,269.9908595830005,1,summer,0.0,-0.020000000000010232,168.0,-66.07,142.81
C29,2022-01-21 00:00:00+00:00,-66.07,142.81,-66.07,142.83,168.0,0.005369394275637881,269.9908595830005,0.0,0.0,0.0,1,summer,0.0,0.0,168.0,-66.07,142.81
C29,2022-01-28 00:00:00+00:00,-66.07,142.81,-66.07,142.81,168.0,0.0,0.0,1.1999743516468508,0.007142704474088398,337.91303547992436,1,summer,0.009999999999990905,-0.009999999999990905,168.0,-66.06,142.8
C29,2022-02-04 00:00:00+00:00,-66.06,142.8,-66.07,142.81,168.0,0.007142704474088398,337.91303547992436,0.0,0.0,0.0,2,summer,0.0,0.0,168.0,-66.06,142.8
C29,2022-02-11 00:00:00+00:00,-66.06,142.8,-66.06,142.8,168.0,0.0,0.0,0.0,0.0,0.0,2,summer,0.0,0.0,168.0,-66.06,142.8
C29,2022-02-18 00:00:00+00:00,-66.06,142.8,-66.06,142.8,168.0,0.0,0.0,1.1999743516473327,0.0014285408948182532,202.0778244571209,2,summer,-0.009999999999990905,-0.010000000000019327,840.0,-66.07,142.79
C29,2022-03-25 00:00:00+00:00,-66.07,142.79,-66.06,142.8,840.0,0.0014285408948182532,202.0778244571209,1.1999743516468508,0.007142704474088398,337.91303547992436,3,autumn,0.009999999999990905,-0.009999999999990905,168.0,-66.06,142.78
C29,2022-04-01 00:00:00+00:00,-66.06,142.78,-66.07,142.79,168.0,0.007142704474088398,337.91303547992436,0.0,0.0,0.0,4,autumn,0.0,0.0,168.0,-66.06,142.78
C29,2022-04-08 00:00:00+00:00,-66.06,142.78,-66.06,142.78,168.0,0.0,0.0,0.0,0.0,0.0,4,autumn,0.0,0.0,168.0,-66.06,142.78
C29,2022-04-15 00:00:00+00:00,-66.06,142.78,-66.06,142.78,168.0,0.0,0.0,0.0,0.0,0.0,4,autumn,0.0,0.0,168.0,-66.06,142.78
C29,2022-04-22 00:00:00+00:00,-66.06,142.78,-66.06,142.78,168.0,0.0,0.0,0.0,0.0,0.0,4,autumn,0.0,0.0,168.0,-66.06,142.78
C29,2022-04-29 00:00:00+00:00,-66.06,142.78,-66.06,142.78,168.0,0.0,0.0,0.0,0.0,0.0,4,autumn,0.0,0.0,168.0,-66.06,142.78
C29,2022-05-06 00:00:00+00:00,-66.06,142.78,-66.06,142.78,168.0,0.0,0.0,0.45120650339659724,0.0005371505992816634,269.99543014557554,5,autumn,0.0,-0.009999999999990905,840.0,-66.06,142.77
C29,2022-06-10 00:00:00+00:00,-66.06,142.77,-66.06,142.78,840.0,0.0005371505992816634,269.99543014557554,0.0,0.0,0.0,6,winter,0.0,0.0,168.0,-66.06,142.77
C29,2022-06-17 00:00:00+00:00,-66.06,142.77,-66.06,142.77,168.0,0.0,0.0,0.0,0.0,0.0,6,winter,0.0,0.0,168.0,-66.06,142.77
C29,2022-06-24 00:00:00+00:00,-66.06,142.77,-66.06,142.77,168.0,0.0,0.0,0.0,0.0,0.0,6,winter,0.0,0.0,168.0,-66.06,142.77
C29,2022-07-01 00:00:00+00:00,-66.06,142.77,-66.06,142.77,168.0,0.0,0.0,0.0,0.0,0.0,7,winter,0.0,0.0,168.0,-66.06,142.77
C29,2022-07-08 00:00:00+00:00,-66.06,142.77,-66.06,142.77,168.0,0.0,0.0,0.0,0.0,0.0,7,winter,0.0,0.0,168.0,-66.06,142.77
C29,2022-07-15 00:00:00+00:00,-66.06,142.77,-66.06,142.77,168.0,0.0,0.0,8.419756388592825,0.050117597551147766,48.739602799166676,7,winter,0.04999999999999716,0.13999999999998636,168.0,-66.01,142.91
C29,2022-07-22 00:00:00+00:00,-66.01,142.91,-66.06,142.77,168.0,0.050117597551147766,48.739602799166676,8.086077013866863,0.01203285269920664,226.5025535677534,7,winter,-0.04999999999999716,-0.12999999999999545,672.0,-66.06,142.78
C29,2022-08-19 00:00:00+00:00,-66.06,142.78,-66.01,142.91,672.0,0.01203285269920664,226.5025535677534,0.0,0.0,0.0,8,winter,0.0,0.0,168.0,-66.06,142.78
C29,2022-08-26 00:00:00+00:00,-66.06,142.78,-66.06,142.78,168.0,0.0,0.0,0.0,0.0,0.0,8,winter,0.0,0.0,168.0,-66.06,142.78
C29,2022-09-02 00:00:00+00:00,-66.06,142.78,-66.06,142.78,168.0,0.0,0.0,0.0,0.0,0.0,9,spring,0.0,0.0,168.0,-66.06,142.78
C29,2022-09-09 00:00:00+00:00,-66.06,142.78,-66.06,142.78,168.0,0.0,0.0,0.0,0.0,0.0,9,spring,0.0,0.0,168.0,-66.06,142.78
C29,2022-09-16 00:00:00+00:00,-66.06,142.78,-66.06,142.78,168.0,0.0,0.0,0.0,0.0,0.0,9,spring,0.0,0.0,168.0,-66.06,142.78
C29,2022-09-23 00:00:00+00:00,-66.06,142.78,-66.06,142.78,168.0,0.0,0.0,0.0,0.0,0.0,9,spring,0.0,0.0,840.0,-66.06,142.78
C29,2022-10-28 00:00:00+00:00,-66.06,142.78,-66.06,142.78,840.0,0.0,0.0,0.0,0.0,0.0,10,spring,0.0,0.0,168.0,-66.06,142.78
C29,2022-11-04 00:00:00+00:00,-66.06,142.78,-66.06,142.78,168.0,0.0,0.0,0.0,0.0,0.0,11,spring,0.0,0.0,168.0,-66.06,142.78
C29,2022-11-11 00:00:00+00:00,-66.06,142.78,-66.06,142.78,168.0,0.0,0.0,0.0,0.0,0.0,11,spring,0.0,0.0,168.0,-66.06,142.78
C29,2022-11-18 00:00:00+00:00,-66.06,142.78,-66.06,142.78,168.0,0.0,0.0,0.0,0.0,0.0,11,spring,0.0,0.0,168.0,-66.06,142.78
C29,2022-11-25 00:00:00+00:00,-66.06,142.78,-66.06,142.78,168.0,0.0,0.0,1.1999743516468508,0.007142704474088398,202.07782445706417,11,spring,-0.009999999999990905,-0.009999999999990905,168.0,-66.07,142.77
C29,2022-12-02 00:00:00+00:00,-66.07,142.77,-66.06,142.78,168.0,0.007142704474088398,202.07782445706417,0.0,0.0,0.0,12,summer,0.0,0.0,168.0,-66.07,142.77
C29,2022-12-09 00:00:00+00:00,-66.07,142.77,-66.07,142.77,168.0,0.0,0.0,0.0,0.0,0.0,12,summer,0.0,0.0,840.0,-66.07,142.77
C29,2023-01-13 00:00:00+00:00,-66.07,142.77,-66.07,142.77,840.0,0.0,0.0,1.111949266444576,0.006618745633598667,0.0,1,summer,0.009999999999990905,0.0,168.0,-66.06,142.77
C29,2023-01-20 00:00:00+00:00,-66.06,142.77,-66.07,142.77,168.0,0.006618745633598667,0.0,0.0,0.0,0.0,1,summer,0.0,0.0,168.0,-66.06,142.77
C29,2023-01-27 00:00:00+00:00,-66.06,142.77,-66.06,142.77,168.0,0.0,0.0,0.0,0.0,0.0,1,summer,0.0,0.0,168.0,-66.06,142.77
C29,2023-02-03 00:00:00+00:00,-66.06,142.77,-66.06,142.77,168.0,0.0,0.0,0.0,0.0,0.0,2,summer,0.0,0.0,168.0,-66.06,142.77
C29,2023-02-10 00:00:00+00:00,-66.06,142.77,-66.06,142.77,168.0,0.0,0.0,0.0,0.0,0.0,2,summer,0.0,0.0,168.0,-66.06,142.77
C29,2023-02-17 00:00:00+00:00,-66.06,142.77,-66.06,142.77,168.0,0.0,0.0,0.4512065033978796,0.00268575299641595,269.99543014557554,2,summer,0.0,-0.010000000000019327,168.0,-66.06,142.76
C29,2023-02-24 00:00:00+00:00,-66.06,142.76,-66.06,142.77,168.0,0.00268575299641595,269.99543014557554,0.0,0.0,0.0,2,summer,0.0,0.0,840.0,-66.06,142.76
C29,2023-03-31 00:00:00+00:00,-66.06,142.76,-66.06,142.76,840.0,0.0,0.0,0.0,0.0,0.0,3,autumn,0.0,0.0,168.0,-66.06,142.76
C29,2023-04-07 00:00:00+00:00,-66.06,142.76,-66.06,142.76,168.0,0.0,0.0,0.0,0.0,0.0,4,autumn,0.0,0.0,168.0,-66.06,142.76
C29,2023-04-14 00:00:00+00:00,-66.06,142.76,-66.06,142.76,168.0,0.0,0.0,0.0,0.0,0.0,4,autumn,0.0,0.0,168.0,-66.06,142.76
C29,2023-04-21 00:00:00+00:00,-66.06,142.76,-66.06,142.76,168.0,0.0,0.0,0.0,0.0,0.0,4,autumn,0.0,0.0,168.0,-66.06,142.76
C29,2023-04-28 00:00:00+00:00,-66.06,142.76,-66.06,142.76,168.0,0.0,0.0,0.0,0.0,0.0,4,autumn,0.0,0.0,168.0,-66.06,142.76
C29,2023-05-05 00:00:00+00:00,-66.06,142.76,-66.06,142.76,168.0,0.0,0.0,0.0,0.0,0.0,5,autumn,0.0,0.0,168.0,-66.06,142.76
C29,2023-05-12 00:00:00+00:00,-66.06,142.76,-66.06,142.76,168.0,0.0,0.0,0.0,0.0,0.0,5,autumn,0.0,0.0,816.0,-66.06,142.76
C29,2023-06-15 00:00:00+00:00,-66.06,142.76,-66.06,142.76,816.0,0.0,0.0,0.0,0.0,0.0,6,winter,0.0,0.0,192.0,-66.06,142.76
C29,2023-06-23 00:00:00+00:00,-66.06,142.76,-66.06,142.76,192.0,0.0,0.0,0.0,0.0,0.0,6,winter,0.0,0.0,24.0,-66.06,142.76
C29,2023-06-24 00:00:00+00:00,-66.06,142.76,-66.06,142.76,24.0,0.0,0.0,1.1119492664461563,0.007721869905876085,0.0,6,winter,0.010000000000005116,0.0,144.0,-66.05,142.76
C29,2023-06-30 00:00:00+00:00,-66.05,142.76,-66.06,142.76,144.0,0.007721869905876085,0.0,0.0,0.0,0.0,6,winter,0.0,0.0,168.0,-66.05,142.76
C29,2023-07-07 00:00:00+00:00,-66.05,142.76,-66.05,142.76,168.0,0.0,0.0,0.0,0.0,0.0,7,winter,0.0,0.0,168.0,-66.05,142.76
C29,2023-07-14 00:00:00+00:00,-66.05,142.76,-66.05,142.76,168.0,0.0,0.0,0.0,0.0,0.0,7,winter,0.0,0.0,168.0,-66.05,142.76
C29,2023-07-21 00:00:00+00:00,-66.05,142.76,-66.05,142.76,168.0,0.0,0.0,1.2000410455342128,0.0017857753653782928,202.08567236393222,7,winter,-0.010000000000005116,-0.009999999999990905,672.0,-66.06,142.75
C29,2023-08-18 00:00:00+00:00,-66.06,142.75,-66.05,142.76,672.0,0.0017857753653782928,202.08567236393222,0.0,0.0,0.0,8,winter,0.0,0.0,168.0,-66.06,142.75
C29,2023-08-25 00:00:00+00:00,-66.06,142.75,-66.06,142.75,168.0,0.0,0.0,0.0,0.0,0.0,8,winter,0.0,0.0,168.0,-66.06,142.75
C29,2023-09-01 00:00:00+00:00,-66.06,142.75,-66.06,142.75,168.0,0.0,0.0,0.0,0.0,0.0,9,spring,0.0,0.0,168.0,-66.06,142.75
C29,2023-09-08 00:00:00+00:00,-66.06,142.75,-66.06,142.75,168.0,0.0,0.0,0.0,0.0,0.0,9,spring,0.0,0.0,168.0,-66.06,142.75
C29,2023-09-15 00:00:00+00:00,-66.06,142.75,-66.06,142.75,168.0,0.0,0.0,0.0,0.0,0.0,9,spring,0.0,0.0,168.0,-66.06,142.75
C29,2023-09-22 00:00:00+00:00,-66.06,142.75,-66.06,142.75,168.0,0.0,0.0,0.0,0.0,0.0,9,spring,0.0,0.0,192.0,-66.06,142.75
C29,2023-09-30 00:00:00+00:00,-66.06,142.75,-66.06,142.75,192.0,0.0,0.0,0.0,0.0,0.0,9,spring,0.0,0.0,816.0,-66.06,142.75
C29,2023-11-03 00:00:00+00:00,-66.06,142.75,-66.06,142.75,816.0,0.0,0.0,0.0,0.0,0.0,11,spring,0.0,0.0,144.0,-66.06,142.75
C29,2023-11-09 00:00:00+00:00,-66.06,142.75,-66.06,142.75,144.0,0.0,0.0,0.0,0.0,0.0,11,spring,0.0,0.0,192.0,-66.06,142.75
C29,2023-11-17 00:00:00+00:00,-66.06,142.75,-66.06,142.75,192.0,0.0,0.0,0.0,0.0,0.0,11,spring,0.0,0.0,168.0,-66.06,142.75
C29,2023-11-24 00:00:00+00:00,-66.06,142.75,-66.06,142.75,168.0,0.0,0.0,0.0,0.0,0.0,11,spring,0.0,0.0,336.0,-66.06,142.75
C29,2023-12-08 00:00:00+00:00,-66.06,142.75,-66.06,142.75,336.0,0.0,0.0,0.0,0.0,0.0,12,summer,0.0,0.0,168.0,-66.06,142.75
C29,2023-12-15 00:00:00+00:00,-66.06,142.75,-66.06,142.75,168.0,0.0,0.0,0.0,0.0,0.0,12,summer,0.0,0.0,144.0,-66.06,142.75
C30,2022-01-14 00:00:00+00:00,-64.78,96.3,-64.78,96.3,168.0,0.0,0.0,0.0,0.0,0.0,1,summer,0.0,0.0,168.0,-64.78,96.3
C30,2022-01-21 00:00:00+00:00,-64.78,96.3,-64.78,96.3,168.0,0.0,0.0,0.0,0.0,0.0,1,summer,0.0,0.0,168.0,-64.78,96.3
C30,2022-01-28 00:00:00+00:00,-64.78,96.3,-64.78,96.3,168.0,0.0,0.0,0.0,0.0,0.0,1,summer,0.0,0.0,168.0,-64.78,96.3
C30,2022-02-04 00:00:00+00:00,-64.78,96.3,-64.78,96.3,168.0,0.0,0.0,0.0,0.0,0.0,2,summer,0.0,0.0,168.0,-64.78,96.3
C30,2022-02-11 00:00:00+00:00,-64.78,96.3,-64.78,96.3,168.0,0.0,0.0,0.0,0.0,0.0,2,summer,0.0,0.0,168.0,-64.78,96.3
C30,2022-02-18 00:00:00+00:00,-64.78,96.3,-64.78,96.3,168.0,0.0,0.0,0.9475922857148481,0.0011280860544224383,269.99095321626476,2,summer,0.0,-0.01999999999999602,840.0,-64.78,96.28
C30,2022-03-25 00:00:00+00:00,-64.78,96.28,-64.78,96.3,840.0,0.0011280860544224383,269.99095321626476,0.0,0.0,0.0,3,autumn,0.0,0.0,168.0,-64.78,96.28
C30,2022-04-01 00:00:00+00:00,-64.78,96.28,-64.78,96.28,168.0,0.0,0.0,0.0,0.0,0.0,4,autumn,0.0,0.0,168.0,-64.78,96.28
C30,2022-04-08 00:00:00+00:00,-64.78,96.28,-64.78,96.28,168.0,0.0,0.0,0.0,0.0,0.0,4,autumn,0.0,0.0,168.0,-64.78,96.28
C30,2022-04-15 00:00:00+00:00,-64.78,96.28,-64.78,96.28,168.0,0.0,0.0,0.0,0.0,0.0,4,autumn,0.0,0.0,168.0,-64.78,96.28
C30,2022-04-22 00:00:00+00:00,-64.78,96.28,-64.78,96.28,168.0,0.0,0.0,0.0,0.0,0.0,4,autumn,0.0,0.0,168.0,-64.78,96.28
C30,2022-04-29 00:00:00+00:00,-64.78,96.28,-64.78,96.28,168.0,0.0,0.0,0.0,0.0,0.0,4,autumn,0.0,0.0,168.0,-64.78,96.28
C30,2022-05-06 00:00:00+00:00,-64.78,96.28,-64.78,96.28,168.0,0.0,0.0,0.47379614433429884,0.0005640430289694033,90.00452339182692,5,autumn,0.0,0.010000000000005116,840.0,-64.78,96.29
C30,2022-06-10 00:00:00+00:00,-64.78,96.29,-64.78,96.28,840.0,0.0005640430289694033,90.00452339182692,0.0,0.0,0.0,6,winter,0.0,0.0,168.0,-64.78,96.29
C30,2022-06-17 00:00:00+00:00,-64.78,96.29,-64.78,96.29,168.0,0.0,0.0,0.0,0.0,0.0,6,winter,0.0,0.0,168.0,-64.78,96.29
C30,2022-06-24 00:00:00+00:00,-64.78,96.29,-64.78,96.29,168.0,0.0,0.0,0.0,0.0,0.0,6,winter,0.0,0.0,168.0,-64.78,96.29
C30,2022-07-01 00:00:00+00:00,-64.78,96.29,-64.78,96.29,168.0,0.0,0.0,0.0,0.0,0.0,7,winter,0.0,0.0,168.0,-64.78,96.29
C30,2022-07-08 00:00:00+00:00,-64.78,96.29,-64.78,96.29,168.0,0.0,0.0,0.0,0.0,0.0,7,winter,0.0,0.0,168.0,-64.78,96.29
C30,2022-07-15 00:00:00+00:00,-64.78,96.29,-64.78,96.29,168.0,0.0,0.0,0.0,0.0,0.0,7,winter,0.0,0.0,168.0,-64.78,96.29
C30,2022-07-22 00:00:00+00:00,-64.78,96.29,-64.78,96.29,168.0,0.0,0.0,0.0,0.0,0.0,7,winter,0.0,0.0,672.0,-64.78,96.29
C30,2022-08-19 00:00:00+00:00,-64.78,96.29,-64.78,96.29,672.0,0.0,0.0,0.0,0.0,0.0,8,winter,0.0,0.0,168.0,-64.78,96.29
C30,2022-08-26 00:00:00+00:00,-64.78,96.29,-64.78,96.29,168.0,0.0,0.0,0.0,0.0,0.0,8,winter,0.0,0.0,168.0,-64.78,96.29
C30,2022-09-02 00:00:00+00:00,-64.78,96.29,-64.78,96.29,168.0,0.0,0.0,0.0,0.0,0.0,9,spring,0.0,0.0,168.0,-64.78,96.29
C30,2022-09-09 00:00:00+00:00,-64.78,96.29,-64.78,96.29,168.0,0.0,0.0,0.0,0.0,0.0,9,spring,0.0,0.0,168.0,-64.78,96.29
C30,2022-09-16 00:00:00+00:00,-64.78,96.29,-64.78,96.29,168.0,0.0,0.0,0.0,0.0,0.0,9,spring,0.0,0.0,168.0,-64.78,96.29
C30,2022-09-23 00:00:00+00:00,-64.78,96.29,-64.78,96.29,168.0,0.0,0.0,0.0,0.0,0.0,9,spring,0.0,0.0,840.0,-64.78,96.29
C30,2022-10-28 00:00:00+00:00,-64.78,96.29,-64.78,96.29,840.0,0.0,0.0,0.0,0.0,0.0,10,spring,0.0,0.0,168.0,-64.78,96.29
C30,2022-11-04 00:00:00+00:00,-64.78,96.29,-64.78,96.29,168.0,0.0,0.0,0.0,0.0,0.0,11,spring,0.0,0.0,168.0,-64.78,96.29
C30,2022-11-11 00:00:00+00:00,-64.78,96.29,-64.78,96.29,168.0,0.0,0.0,0.0,0.0,0.0,11,spring,0.0,0.0,168.0,-64.78,96.29
C30,2022-11-18 00:00:00+00:00,-64.78,96.29,-64.78,96.29,168.0,0.0,0.0,0.0,0.0,0.0,11,spring,0.0,0.0,168.0,-64.78,96.29
C30,2022-11-25 00:00:00+00:00,-64.78,96.29,-64.78,96.29,168.0,0.0,0.0,0.0,0.0,0.0,11,spring,0.0,0.0,168.0,-64.78,96.29
C30,2022-12-02 00:00:00+00:00,-64.78,96.29,-64.78,96.29,168.0,0.0,0.0,0.0,0.0,0.0,12,summer,0.0,0.0,168.0,-64.78,96.29
C30,2022-12-09 00:00:00+00:00,-64.78,96.29,-64.78,96.29,168.0,0.0,0.0,0.0,0.0,0.0,12,summer,0.0,0.0,840.0,-64.78,96.29
C30,2023-01-13 00:00:00+00:00,-64.78,96.29,-64.78,96.29,840.0,0.0,0.0,0.0,0.0,0.0,1,summer,0.0,0.0,168.0,-64.78,96.29
C30,2023-01-20 00:00:00+00:00,-64.78,96.29,-64.78,96.29,168.0,0.0,0.0,0.0,0.0,0.0,1,summer,0.0,0.0,168.0,-64.78,96.29
C30,2023-01-27 00:00:00+00:00,-64.78,96.29,-64.78,96.29,168.0,0.0,0.0,0.0,0.0,0.0,1,summer,0.0,0.0,168.0,-64.78,96.29
C30,2023-02-03 00:00:00+00:00,-64.78,96.29,-64.78,96.29,168.0,0.0,0.0,0.0,0.0,0.0,2,summer,0.0,0.0,168.0,-64.78,96.29
C30,2023-02-10 00:00:00+00:00,-64.78,96.29,-64.78,96.29,168.0,0.0,0.0,0.0,0.0,0.0,2,summer,0.0,0.0,168.0,-64.78,96.29
C30,2023-02-17 00:00:00+00:00,-64.78,96.29,-64.78,96.29,168.0,0.0,0.0,0.0,0.0,0.0,2,summer,0.0,0.0,168.0,-64.78,96.29
C30,2023-02-24 00:00:00+00:00,-64.78,96.29,-64.78,96.29,168.0,0.0,0.0,0.0,0.0,0.0,2,summer,0.0,0.0,840.0,-64.78,96.29
C30,2023-03-31 00:00:00+00:00,-64.78,96.29,-64.78,96.29,840.0,0.0,0.0,0.0,0.0,0.0,3,autumn,0.0,0.0,168.0,-64.78,96.29
C30,2023-04-07 00:00:00+00:00,-64.78,96.29,-64.78,96.29,168.0,0.0,0.0,0.0,0.0,0.0,4,autumn,0.0,0.0,168.0,-64.78,96.29
C30,2023-04-14 00:00:00+00:00,-64.78,96.29,-64.78,96.29,168.0,0.0,0.0,0.0,0.0,0.0,4,autumn,0.0,0.0,168.0,-64.78,96.29
C30,2023-04-21 00:00:00+00:00,-64.78,96.29,-64.78,96.29,168.0,0.0,0.0,0.0,0.0,0.0,4,autumn,0.0,0.0,168.0,-64.78,96.29
C30,2023-04-28 00:00:00+00:00,-64.78,96.29,-64.78,96.29,168.0,0.0,0.0,0.0,0.0,0.0,4,autumn,0.0,0.0,168.0,-64.78,96.29
C30,2023-05-05 00:00:00+00:00,-64.78,96.29,-64.78,96.29,168.0,0.0,0.0,0.0,0.0,0.0,5,autumn,0.0,0.0,168.0,-64.78,96.29
C30,2023-05-12 00:00:00+00:00,-64.78,96.29,-64.78,96.29,168.0,0.0,0.0,0.0,0.0,0.0,5,autumn,0.0,0.0,816.0,-64.78,96.29
C30,2023-06-15 00:00:00+00:00,-64.78,96.29,-64.78,96.29,816.0,0.0,0.0,0.0,0.0,0.0,6,winter,0.0,0.0,192.0,-64.78,96.29
C30,2023-06-23 00:00:00+00:00,-64.78,96.29,-64.78,96.29,192.0,0.0,0.0,0.0,0.0,0.0,6,winter,0.0,0.0,24.0,-64.78,96.29
C30,2023-06-24 00:00:00+00:00,-64.78,96.29,-64.78,96.29,24.0,0.0,0.0,0.0,0.0,0.0,6,winter,0.0,0.0,144.0,-64.78,96.29
C30,2023-06-30 00:00:00+00:00,-64.78,96.29,-64.78,96.29,144.0,0.0,0.0,0.0,0.0,0.0,6,winter,0.0,0.0,168.0,-64.78,96.29
C30,2023-07-07 00:00:00+00:00,-64.78,96.29,-64.78,96.29,168.0,0.0,0.0,0.0,0.0,0.0,7,winter,0.0,0.0,168.0,-64.78,96.29
C30,2023-07-14 00:00:00+00:00,-64.78,96.29,-64.78,96.29,168.0,0.0,0.0,0.0,0.0,0.0,7,winter,0.0,0.0,168.0,-64.78,96.29
C30,2023-07-21 00:00:00+00:00,-64.78,96.29,-64.78,96.29,168.0,0.0,0.0,0.0,0.0,0.0,7,winter,0.0,0.0,672.0,-64.78,96.29
C30,2023-08-18 00:00:00+00:00,-64.78,96.29,-64.78,96.29,672.0,0.0,0.0,0.0,0.0,0.0,8,winter,0.0,0.0,168.0,-64.78,96.29
C30,2023-08-25 00:00:00+00:00,-64.78,96.29,-64.78,96.29,168.0,0.0,0.0,0.0,0.0,0.0,8,winter,0.0,0.0,168.0,-64.78,96.29
C30,2023-09-01 00:00:00+00:00,-64.78,96.29,-64.78,96.29,168.0,0.0,0.0,0.0,0.0,0.0,9,spring,0.0,0.0,168.0,-64.78,96.29
C30,2023-09-08 00:00:00+00:00,-64.78,96.29,-64.78,96.29,168.0,0.0,0.0,0.0,0.0,0.0,9,spring,0.0,0.0,168.0,-64.78,96.29
C30,2023-09-15 00:00:00+00:00,-64.78,96.29,-64.78,96.29,168.0,0.0,0.0,0.0,0.0,0.0,9,spring,0.0,0.0,168.0,-64.78,96.29
C30,2023-09-22 00:00:00+00:00,-64.78,96.29,-64.78,96.29,168.0,0.0,0.0,0.0,0.0,0.0,9,spring,0.0,0.0,192.0,-64.78,96.29
C30,2023-09-30 00:00:00+00:00,-64.78,96.29,-64.78,96.29,192.0,0.0,0.0,0.0,0.0,0.0,9,spring,0.0,0.0,816.0,-64.78,96.29
C30,2023-11-03 00:00:00+00:00,-64.78,96.29,-64.78,96.29,816.0,0.0,0.0,0.0,0.0,0.0,11,spring,0.0,0.0,144.0,-64.78,96.29
C30,2023-11-09 00:00:00+00:00,-64.78,96.29,-64.78,96.29,144.0,0.0,0.0,0.0,0.0,0.0,11,spring,0.0,0.0,192.0,-64.78,96.29
C30,2023-11-17 00:00:00+00:00,-64.78,96.29,-64.78,96.29,192.0,0.0,0.0,0.0,0.0,0.0,11,spring,0.0,0.0,168.0,-64.78,96.29
C30,2023-11-24 00:00:00+00:00,-64.78,96.29,-64.78,96.29,168.0,0.0,0.0,0.0,0.0,0.0,11,spring,0.0,0.0,336.0,-64.78,96.29
C30,2023-12-08 00:00:00+00:00,-64.78,96.29,-64.78,96.29,336.0,0.0,0.0,0.0,0.0,0.0,12,summer,0.0,0.0,168.0,-64.78,96.29
C30,2023-12-15 00:00:00+00:00,-64.78,96.29,-64.78,96.29,168.0,0.0,0.0,0.0,0.0,0.0,12,summer,0.0,0.0,144.0,-64.78,96.29
C31,2022-01-14 00:00:00+00:00,-64.68,96.51,-64.68,96.51,168.0,0.0,0.0,0.0,0.0,0.0,1,summer,0.0,0.0,168.0,-64.68,96.51
C31,2022-01-21 00:00:00+00:00,-64.68,96.51,-64.68,96.51,168.0,0.0,0.0,0.0,0.0,0.0,1,summer,0.0,0.0,168.0,-64.68,96.51
C31,2022-01-28 00:00:00+00:00,-64.68,96.51,-64.68,96.51,168.0,0.0,0.0,0.0,0.0,0.0,1,summer,0.0,0.0,168.0,-64.68,96.51
C31,2022-02-04 00:00:00+00:00,-64.68,96.51,-64.68,96.51,168.0,0.0,0.0,0.0,0.0,0.0,2,summer,0.0,0.0,168.0,-64.68,96.51
C31,2022-02-11 00:00:00+00:00,-64.68,96.51,-64.68,96.51,168.0,0.0,0.0,0.0,0.0,0.0,2,summer,0.0,0.0,168.0,-64.68,96.51
C31,2022-02-18 00:00:00+00:00,-64.68,96.51,-64.68,96.51,168.0,0.0,0.0,1.2093372719557298,0.001439687228518726,203.14676752836252,2,summer,-0.009999999999990905,-0.010000000000005116,840.0,-64.69,96.5
C31,2022-03-25 00:00:00+00:00,-64.69,96.5,-64.68,96.51,840.0,0.001439687228518726,203.14676752836252,0.0,0.0,0.0,3,autumn,0.0,0.0,168.0,-64.69,96.5
C31,2022-04-01 00:00:00+00:00,-64.69,96.5,-64.69,96.5,168.0,0.0,0.0,0.0,0.0,0.0,4,autumn,0.0,0.0,168.0,-64.69,96.5
C31,2022-04-08 00:00:00+00:00,-64.69,96.5,-64.69,96.5,168.0,0.0,0.0,0.0,0.0,0.0,4,autumn,0.0,0.0,168.0,-64.69,96.5
C31,2022-04-15 00:00:00+00:00,-64.69,96.5,-64.69,96.5,168.0,0.0,0.0,0.0,0.0,0.0,4,autumn,0.0,0.0,168.0,-64.69,96.5
C31,2022-04-22 00:00:00+00:00,-64.69,96.5,-64.69,96.5,168.0,0.0,0.0,0.0,0.0,0.0,4,autumn,0.0,0.0,168.0,-64.69,96.5
C31,2022-04-29 00:00:00+00:00,-64.69,96.5,-64.69,96.5,168.0,0.0,0.0,0.0,0.0,0.0,4,autumn,0.0,0.0,168.0,-64.69,96.5
C31,2022-05-06 00:00:00+00:00,-64.69,96.5,-64.69,96.5,168.0,0.0,0.0,1.2093372719557298,0.001439687228518726,23.155807234762335,5,autumn,0.009999999999990905,0.010000000000005116,840.0,-64.68,96.51
C31,2022-06-10 00:00:00+00:00,-64.68,96.51,-64.69,96.5,840.0,0.001439687228518726,23.155807234762335,0.0,0.0,0.0,6,winter,0.0,0.0,168.0,-64.68,96.51
C31,2022-06-17 00:00:00+00:00,-64.68,96.51,-64.68,96.51,168.0,0.0,0.0,0.0,0.0,0.0,6,winter,0.0,0.0,168.0,-64.68,96.51
C31,2022-06-24 00:00:00+00:00,-64.68,96.51,-64.68,96.51,168.0,0.0,0.0,0.0,0.0,0.0,6,winter,0.0,0.0,168.0,-64.68,96.51
C31,2022-07-01 00:00:00+00:00,-64.68,96.51,-64.68,96.51,168.0,0.0,0.0,0.0,0.0,0.0,7,winter,0.0,0.0,168.0,-64.68,96.51
C31,2022-07-08 00:00:00+00:00,-64.68,96.51,-64.68,96.51,168.0,0.0,0.0,0.0,0.0,0.0,7,winter,0.0,0.0,168.0,-64.68,96.51
C31,2022-07-15 00:00:00+00:00,-64.68,96.51,-64.68,96.51,168.0,0.0,0.0,0.0,0.0,0.0,7,winter,0.0,0.0,168.0,-64.68,96.51
C31,2022-07-22 00:00:00+00:00,-64.68,96.51,-64.68,96.51,168.0,0.0,0.0,0.0,0.0,0.0,7,winter,0.0,0.0,672.0,-64.68,96.51
C31,2022-08-19 00:00:00+00:00,-64.68,96.51,-64.68,96.51,672.0,0.0,0.0,0.0,0.0,0.0,8,winter,0.0,0.0,168.0,-64.68,96.51
C31,2022-08-26 00:00:00+00:00,-64.68,96.51,-64.68,96.51,168.0,0.0,0.0,0.0,0.0,0.0,8,winter,0.0,0.0,168.0,-64.68,96.51
C31,2022-09-02 00:00:00+00:00,-64.68,96.51,-64.68,96.51,168.0,0.0,0.0,0.0,0.0,0.0,9,spring,0.0,0.0,168.0,-64.68,96.51
C31,2022-09-09 00:00:00+00:00,-64.68,96.51,-64.68,96.51,168.0,0.0,0.0,0.0,0.0,0.0,9,spring,0.0,0.0,168.0,-64.68,96.51
C31,2022-09-16 00:00:00+00:00,-64.68,96.51,-64.68,96.51,168.0,0.0,0.0,0.0,0.0,0.0,9,spring,0.0,0.0,168.0,-64.68,96.51
C31,2022-09-23 00:00:00+00:00,-64.68,96.51,-64.68,96.51,168.0,0.0,0.0,0.0,0.0,0.0,9,spring,0.0,0.0,840.0,-64.68,96.51
C31,2022-10-28 00:00:00+00:00,-64.68,96.51,-64.68,96.51,840.0,0.0,0.0,0.0,0.0,0.0,10,spring,0.0,0.0,168.0,-64.68,96.51
C31,2022-11-04 00:00:00+00:00,-64.68,96.51,-64.68,96.51,168.0,0.0,0.0,0.0,0.0,0.0,11,spring,0.0,0.0,168.0,-64.68,96.51
C31,2022-11-11 00:00:00+00:00,-64.68,96.51,-64.68,96.51,168.0,0.0,0.0,0.0,0.0,0.0,11,spring,0.0,0.0,168.0,-64.68,96.51
C31,2022-11-18 00:00:00+00:00,-64.68,96.51,-64.68,96.51,168.0,0.0,0.0,0.0,0.0,0.0,11,spring,0.0,0.0,168.0,-64.68,96.51
C31,2022-11-25 00:00:00+00:00,-64.68,96.51,-64.68,96.51,168.0,0.0,0.0,0.0,0.0,0.0,11,spring,0.0,0.0,168.0,-64.68,96.51
C31,2022-12-02 00:00:00+00:00,-64.68,96.51,-64.68,96.51,168.0,0.0,0.0,0.0,0.0,0.0,12,summer,0.0,0.0,168.0,-64.68,96.51
C31,2022-12-09 00:00:00+00:00,-64.68,96.51,-64.68,96.51,168.0,0.0,0.0,0.0,0.0,0.0,12,summer,0.0,0.0,840.0,-64.68,96.51
C31,2023-01-13 00:00:00+00:00,-64.68,96.51,-64.68,96.51,840.0,0.0,0.0,0.0,0.0,0.0,1,summer,0.0,0.0,168.0,-64.68,96.51
C31,2023-01-20 00:00:00+00:00,-64.68,96.51,-64.68,96.51,168.0,0.0,0.0,0.0,0.0,0.0,1,summer,0.0,0.0,168.0,-64.68,96.51
C31,2023-01-27 00:00:00+00:00,-64.68,96.51,-64.68,96.51,168.0,0.0,0.0,0.0,0.0,0.0,1,summer,0.0,0.0,168.0,-64.68,96.51
C31,2023-02-03 00:00:00+00:00,-64.68,96.51,-64.68,96.51,168.0,0.0,0.0,0.0,0.0,0.0,2,summer,0.0,0.0,168.0,-64.68,96.51
C31,2023-02-10 00:00:00+00:00,-64.68,96.51,-64.68,96.51,168.0,0.0,0.0,0.0,0.0,0.0,2,summer,0.0,0.0,168.0,-64.68,96.51
C31,2023-02-17 00:00:00+00:00,-64.68,96.51,-64.68,96.51,168.0,0.0,0.0,0.0,0.0,0.0,2,summer,0.0,0.0,168.0,-64.68,96.51
C31,2023-02-24 00:00:00+00:00,-64.68,96.51,-64.68,96.51,168.0,0.0,0.0,0.4755511470320583,0.0005661323178953075,269.99548033342296,2,summer,0.0,-0.010000000000005116,840.0,-64.68,96.5
C31,2023-03-31 00:00:00+00:00,-64.68,96.5,-64.68,96.51,840.0,0.0005661323178953075,269.99548033342296,0.0,0.0,0.0,3,autumn,0.0,0.0,168.0,-64.68,96.5
C31,2023-04-07 00:00:00+00:00,-64.68,96.5,-64.68,96.5,168.0,0.0,0.0,0.0,0.0,0.0,4,autumn,0.0,0.0,168.0,-64.68,96.5
C31,2023-04-14 00:00:00+00:00,-64.68,96.5,-64.68,96.5,168.0,0.0,0.0,0.0,0.0,0.0,4,autumn,0.0,0.0,168.0,-64.68,96.5
C31,2023-04-21 00:00:00+00:00,-64.68,96.5,-64.68,96.5,168.0,0.0,0.0,0.0,0.0,0.0,4,autumn,0.0,0.0,168.0,-64.68,96.5
C31,2023-04-28 00:00:00+00:00,-64.68,96.5,-64.68,96.5,168.0,0.0,0.0,0.0,0.0,0.0,4,autumn,0.0,0.0,168.0,-64.68,96.5
C31,2023-05-05 00:00:00+00:00,-64.68,96.5,-64.68,96.5,168.0,0.0,0.0,0.0,0.0,0.0,5,autumn,0.0,0.0,168.0,-64.68,96.5
C31,2023-05-12 00:00:00+00:00,-64.68,96.5,-64.68,96.5,168.0,0.0,0.0,0.0,0.0,0.0,5,autumn,0.0,0.0,816.0,-64.68,96.5
C31,2023-06-15 00:00:00+00:00,-64.68,96.5,-64.68,96.5,816.0,0.0,0.0,0.0,0.0,0.0,6,winter,0.0,0.0,192.0,-64.68,96.5
C31,2023-06-23 00:00:00+00:00,-64.68,96.5,-64.68,96.5,192.0,0.0,0.0,0.0,0.0,0.0,6,winter,0.0,0.0,24.0,-64.68,96.5
C31,2023-06-24 00:00:00+00:00,-64.68,96.5,-64.68,96.5,24.0,0.0,0.0,0.0,0.0,0.0,6,winter,0.0,0.0,144.0,-64.68,96.5
C31,2023-06-30 00:00:00+00:00,-64.68,96.5,-64.68,96.5,144.0,0.0,0.0,0.0,0.0,0.0,6,winter,0.0,0.0,168.0,-64.68,96.5
C31,2023-07-07 00:00:00+00:00,-64.68,96.5,-64.68,96.5,168.0,0.0,0.0,0.0,0.0,0.0,7,winter,0.0,0.0,168.0,-64.68,96.5
C31,2023-07-14 00:00:00+00:00,-64.68,96.5,-64.68,96.5,168.0,0.0,0.0,0.0,0.0,0.0,7,winter,0.0,0.0,168.0,-64.68,96.5
C31,2023-07-21 00:00:00+00:00,-64.68,96.5,-64.68,96.5,168.0,0.0,0.0,0.0,0.0,0.0,7,winter,0.0,0.0,672.0,-64.68,96.5
C31,2023-08-18 00:00:00+00:00,-64.68,96.5,-64.68,96.5,672.0,0.0,0.0,0.0,0.0,0.0,8,winter,0.0,0.0,168.0,-64.68,96.5
C31,2023-08-25 00:00:00+00:00,-64.68,96.5,-64.68,96.5,168.0,0.0,0.0,0.0,0.0,0.0,8,winter,0.0,0.0,168.0,-64.68,96.5
C31,2023-09-01 00:00:00+00:00,-64.68,96.5,-64.68,96.5,168.0,0.0,0.0,0.0,0.0,0.0,9,spring,0.0,0.0,168.0,-64.68,96.5
C31,2023-09-08 00:00:00+00:00,-64.68,96.5,-64.68,96.5,168.0,0.0,0.0,0.0,0.0,0.0,9,spring,0.0,0.0,168.0,-64.68,96.5
C31,2023-09-15 00:00:00+00:00,-64.68,96.5,-64.68,96.5,168.0,0.0,0.0,0.0,0.0,0.0,9,spring,0.0,0.0,168.0,-64.68,96.5
C31,2023-09-22 00:00:00+00:00,-64.68,96.5,-64.68,96.5,168.0,0.0,0.0,0.0,0.0,0.0,9,spring,0.0,0.0,192.0,-64.68,96.5
C31,2023-09-30 00:00:00+00:00,-64.68,96.5,-64.68,96.5,192.0,0.0,0.0,0.0,0.0,0.0,9,spring,0.0,0.0,816.0,-64.68,96.5
C31,2023-11-03 00:00:00+00:00,-64.68,96.5,-64.68,96.5,816.0,0.0,0.0,0.0,0.0,0.0,11,spring,0.0,0.0,144.0,-64.68,96.5
C31,2023-11-09 00:00:00+00:00,-64.68,96.5,-64.68,96.5,144.0,0.0,0.0,0.0,0.0,0.0,11,spring,0.0,0.0,192.0,-64.68,96.5
C31,2023-11-17 00:00:00+00:00,-64.68,96.5,-64.68,96.5,192.0,0.0,0.0,0.0,0.0,0.0,11,spring,0.0,0.0,168.0,-64.68,96.5
C31,2023-11-24 00:00:00+00:00,-64.68,96.5,-64.68,96.5,168.0,0.0,0.0,0.0,0.0,0.0,11,spring,0.0,0.0,336.0,-64.68,96.5
C31,2023-12-08 00:00:00+00:00,-64.68,96.5,-64.68,96.5,336.0,0.0,0.0,0.0,0.0,0.0,12,summer,0.0,0.0,168.0,-64.68,96.5
C31,2023-12-15 00:00:00+00:00,-64.68,96.5,-64.68,96.5,168.0,0.0,0.0,0.0,0.0,0.0,12,summer,0.0,0.0,144.0,-64.68,96.5
C33,2022-01-14 00:00:00+00:00,-65.42,126.6,-65.42,126.6,168.0,0.0,0.0,0.9250603547076955,0.005506311635164855,90.00909381364033,1,summer,0.0,0.020000000000010232,168.0,-65.42,126.62
C33,2022-01-21 00:00:00+00:00,-65.42,126.62,-65.42,126.6,168.0,0.005506311635164855,90.00909381364033,0.0,0.0,0.0,1,summer,0.0,0.0,168.0,-65.42,126.62
C33,2022-01-28 00:00:00+00:00,-65.42,126.62,-65.42,126.62,168.0,0.0,0.0,2.2238985328907326,0.013237491267206742,0.0,1,summer,0.01999999999999602,0.0,168.0,-65.4,126.62
C33,2022-02-04 00:00:00+00:00,-65.4,126.62,-65.42,126.62,168.0,0.013237491267206742,0.0,3.4620663973574914,0.020607538079508877,344.4720404982694,2,summer,0.030000000000001137,-0.020000000000010232,168.0,-65.37,126.6
C33,2022-02-11 00:00:00+00:00,-65.37,126.6,-65.4,126.62,168.0,0.020607538079508877,344.4720404982694,0.0,0.0,0.0,2,summer,0.0,0.0,168.0,-65.37,126.6
C33,2022-02-18 00:00:00+00:00,-65.37,126.6,-65.37,126.6,168.0,0.0,0.0,4.819143857154983,0.005737076020422598,337.3420687117797,2,summer,0.04000000000000625,-0.03999999999999204,840.0,-65.33,126.56
C33,2022-03-25 00:00:00+00:00,-65.33,126.56,-65.37,126.6,840.0,0.005737076020422598,337.3420687117797,0.0,0.0,0.0,3,autumn,0.0,0.0,168.0,-65.33,126.56
C33,2022-04-01 00:00:00+00:00,-65.33,126.56,-65.33,126.56,168.0,0.0,0.0,1.1119492664461563,0.006618745633608074,180.0,4,autumn,-0.010000000000005116,0.0,168.0,-65.34,126.56
C33,2022-04-08 00:00:00+00:00,-65.34,126.56,-65.33,126.56,168.0,0.006618745633608074,180.0,1.204887883736985,0.007171951688910625,22.655907808759252,4,autumn,0.010000000000005116,0.009999999999990905,168.0,-65.33,126.57
C33,2022-04-15 00:00:00+00:00,-65.33,126.57,-65.34,126.56,168.0,0.007171951688910625,22.655907808759252,1.2049558142993018,0.007172356037495844,22.663646457015886,4,autumn,0.010000000000005116,0.010000000000005116,168.0,-65.32,126.58
C33,2022-04-22 00:00:00+00:00,-65.32,126.58,-65.33,126.57,168.0,0.007172356037495844,22.663646457015886,0.0,0.0,0.0,4,autumn,0.0,0.0,168.0,-65.32,126.58
C33,2022-04-29 00:00:00+00:00,-65.32,126.58,-65.32,126.58,168.0,0.0,0.0,1.4485787996457078,0.008622492855033975,219.8508113061007,4,autumn,-0.010000000000005116,-0.01999999999999602,168.0,-65.33,126.56
C33,2022-05-06 00:00:00+00:00,-65.33,126.56,-65.32,126.58,168.0,0.008622492855033975,219.8508113061007,1.4483527645703878,0.001724229481631414,140.15990009681923,5,autumn,-0.010000000000005116,0.01999999999999602,840.0,-65.34,126.58
C33,2022-06-10 00:00:00+00:00,-65.34,126.58,-65.33,126.56,840.0,0.001724229481631414,140.15990009681923,3.563750933608529,0.021212803176241243,308.58398678578203,6,winter,0.020000000000010232,-0.060000000000002274,168.0,-65.32,126.52
C33,2022-06-17 00:00:00+00:00,-65.32,126.52,-65.34,126.58,168.0,0.021212803176241243,308.58398678578203,0.0,0.0,0.0,6,winter,0.0,0.0,168.0,-65.32,126.52
C33,2022-06-24 00:00:00+00:00,-65.32,126.52,-65.32,126.52,168.0,0.0,0.0,3.563750933608529,0.021212803176241243,128.6385103983385,6,winter,-0.020000000000010232,0.060000000000002274,168.0,-65.34,126.58
C33,2022-07-01 00:00:00+00:00,-65.34,126.58,-65.32,126.52,168.0,0.021212803176241243,128.6385103983385,3.563750933608529,0.021212803176241243,308.58398678578203,7,winter,0.020000000000010232,-0.060000000000002274,168.0,-65.32,126.52
C33,2022-07-08 00:00:00+00:00,-65.32,126.52,-65.34,126.58,168.0,0.021212803176241243,308.58398678578203,0.0,0.0,0.0,7,winter,0.0,0.0,168.0,-65.32,126.52
C33,2022-07-15 00:00:00+00:00,-65.32,126.52,-65.32,126.52,168.0,0.0,0.0,3.563750933608529,0.021212803176241243,128.6385103983385,7,winter,-0.020000000000010232,0.060000000000002274,168.0,-65.34,126.58
C33,2022-07-22 00:00:00+00:00,-65.34,126.58,-65.32,126.52,168.0,0.021212803176241243,128.6385103983385,3.563750933608529,0.005303200794060311,308.58398678578203,7,winter,0.020000000000010232,-0.060000000000002274,672.0,-65.32,126.52
C33,2022-08-19 00:00:00+00:00,-65.32,126.52,-65.34,126.58,672.0,0.005303200794060311,308.58398678578203,1.4485787996461306,0.008622492855036492,140.1491886938793,8,winter,-0.010000000000005116,0.020000000000010232,168.0,-65.33,126.54
C33,2022-08-26 00:00:00+00:00,-65.33,126.54,-65.32,126.52,168.0,0.008622492855036492,140.1491886938793,1.2049558142990475,0.00717235603749433,22.663646456986953,8,winter,0.010000000000005116,0.009999999999990905,168.0,-65.32,126.55
C33,2022-09-02 00:00:00+00:00,-65.32,126.55,-65.33,126.54,168.0,0.00717235603749433,22.663646456986953,0.0,0.0,0.0,9,spring,0.0,0.0,168.0,-65.32,126.55
C33,2022-09-09 00:00:00+00:00,-65.32,126.55,-65.32,126.55,168.0,0.0,0.0,0.0,0.0,0.0,9,spring,0.0,0.0,168.0,-65.32,126.55
C33,2022-09-16 00:00:00+00:00,-65.32,126.55,-65.32,126.55,168.0,0.0,0.0,0.0,0.0,0.0,9,spring,0.0,0.0,168.0,-65.32,126.55
C33,2022-09-23 00:00:00+00:00,-65.32,126.55,-65.32,126.55,168.0,0.0,0.0,0.0,0.0,0.0,9,spring,0.0,0.0,840.0,-65.32,126.55
C33,2022-10-28 00:00:00+00:00,-65.32,126.55,-65.32,126.55,840.0,0.0,0.0,3.4344300733474182,0.02044303615087749,108.92258826626494,10,spring,-0.010000000000005116,0.07000000000000739,168.0,-65.33,126.62
C33,2022-11-04 00:00:00+00:00,-65.33,126.62,-65.32,126.55,168.0,0.02044303615087749,108.92258826626494,3.876547345105479,0.0230746865780088,286.6325206867877,11,spring,0.010000000000005116,-0.0799999999999983,168.0,-65.32,126.54
C33,2022-11-11 00:00:00+00:00,-65.32,126.54,-65.33,126.62,168.0,0.0230746865780088,286.6325206867877,0.0,0.0,0.0,11,spring,0.0,0.0,168.0,-65.32,126.54
C33,2022-11-18 00:00:00+00:00,-65.32,126.54,-65.32,126.54,168.0,0.0,0.0,3.4344300733467947,0.020443036150873777,108.92258826626846,11,spring,-0.010000000000005116,0.06999999999999318,168.0,-65.33,126.61
C33,2022-11-25 00:00:00+00:00,-65.33,126.61,-65.32,126.54,168.0,0.020443036150873777,108.92258826626846,2.998995658469447,0.017851164633746707,291.73608891997094,11,spring,0.010000000000005116,-0.060000000000002274,168.0,-65.32,126.55
C33,2022-12-02 00:00:00+00:00,-65.32,126.55,-65.33,126.61,168.0,0.017851164633746707,291.73608891997094,2.998995658469447,0.017851164633746707,111.7906103462384,12,summer,-0.010000000000005116,0.060000000000002274,168.0,-65.33,126.61
C33,2022-12-09 00:00:00+00:00,-65.33,126.61,-65.32,126.55,168.0,0.017851164633746707,111.7906103462384,19.527617267526217,0.023247163413721687,256.6479690814928,12,summer,-0.04000000000000625,-0.4099999999999966,840.0,-65.37,126.2
C33,2023-01-13 00:00:00+00:00,-65.37,126.2,-65.33,126.61,840.0,0.023247163413721687,256.6479690814928,7.29843418871819,0.04344306064713208,62.86586274854619,1,summer,0.030000000000001137,0.14000000000000057,168.0,-65.34,126.34
C33,2023-01-20 00:00:00+00:00,-65.34,126.34,-65.37,126.2,168.0,0.04344306064713208,62.86586274854619,3.8178104797048604,0.0227250623791956,330.8803097848114,1,summer,0.030000000000001137,-0.04000000000000625,168.0,-65.31,126.3
C33,2023-01-27 00:00:00+00:00,-65.31,126.3,-65.34,126.34,168.0,0.0227250623791956,330.8803097848114,3.2512944763803464,0.019352943311787777,269.9681996609795,1,summer,0.0,-0.06999999999999318,168.0,-65.31,126.23
C33,2023-02-03 00:00:00+00:00,-65.31,126.23,-65.31,126.3,168.0,0.019352943311787777,269.9681996609795,2.1649130635255034,0.012886387282889902,239.07636706057156,2,summer,-0.009999999999990905,-0.04000000000000625,168.0,-65.32,126.19
C33,2023-02-10 00:00:00+00:00,-65.32,126.19,-65.31,126.23,168.0,0.012886387282889902,239.07636706057156,0.9285886487583862,0.005527313385466585,90.00908653987307,2,summer,0.0,0.01999999999999602,168.0,-65.32,126.21
C33,2023-02-17 00:00:00+00:00,-65.32,126.21,-65.32,126.19,168.0,0.005527313385466585,90.00908653987307,0.0,0.0,0.0,2,summer,0.0,0.0,168.0,-65.32,126.21
C33,2023-02-24 00:00:00+00:00,-65.32,126.21,-65.32,126.21,168.0,0.0,0.0,1.782082273072072,0.0021215265155619905,231.38042641685792,2,summer,-0.010000000000005116,-0.029999999999986926,840.0,-65.33,126.18
C33,2023-03-31 00:00:00+00:00,-65.33,126.18,-65.32,126.21,840.0,0.0021215265155619905,231.38042641685792,1.1119492664461563,0.006618745633608074,0.0,3,autumn,0.010000000000005116,0.0,168.0,-65.32,126.18
C33,2023-04-07 00:00:00+00:00,-65.32,126.18,-65.33,126.18,168.0,0.006618745633608074,0.0,0.0,0.0,0.0,4,autumn,0.0,0.0,168.0,-65.32,126.18
C33,2023-04-14 00:00:00+00:00,-65.32,126.18,-65.32,126.18,168.0,0.0,0.0,2.2718841625295605,0.013523120015056908,348.1985661754357,4,autumn,0.01999999999999602,-0.010000000000005116,168.0,-65.3,126.17
C33,2023-04-21 00:00:00+00:00,-65.3,126.17,-65.32,126.18,168.0,0.013523120015056908,348.1985661754357,2.7878818119668933,0.01659453459504103,269.97274475424126,4,autumn,0.0,-0.060000000000002274,168.0,-65.3,126.11
C33,2023-04-28 00:00:00+00:00,-65.3,126.11,-65.3,126.17,168.0,0.01659453459504103,269.97274475424126,1.1119492664461563,0.006618745633608074,180.0,4,autumn,-0.010000000000005116,0.0,168.0,-65.31,126.11
C33,2023-05-05 00:00:00+00:00,-65.31,126.11,-65.3,126.11,168.0,0.006618745633608074,180.0,3.3680646100552867,0.02004800363128147,352.064318519482,5,autumn,0.030000000000001137,-0.010000000000005116,168.0,-65.28,126.1
C33,2023-05-12 00:00:00+00:00,-65.28,126.1,-65.31,126.11,168.0,0.02004800363128147,352.064318519482,4.447797065781465,0.005450731698261599,180.0,5,autumn,-0.03999999999999204,0.0,816.0,-65.32,126.1
C33,2023-06-15 00:00:00+00:00,-65.32,126.1,-65.28,126.1,816.0,0.005450731698261599,180.0,4.064880191126583,0.02117125099545095,325.12728875109457,6,winter,0.029999999999986926,-0.04999999999999716,192.0,-65.29,126.05
C33,2023-06-23 00:00:00+00:00,-65.29,126.05,-65.32,126.1,192.0,0.02117125099545095,325.12728875109457,4.064880191126583,0.1693700079636076,145.17271598514867,6,winter,-0.029999999999986926,0.04999999999999716,24.0,-65.32,126.1
C33,2023-06-24 00:00:00+00:00,-65.32,126.1,-65.29,126.05,24.0,0.1693700079636076,145.17271598514867,0.0,0.0,0.0,6,winter,0.0,0.0,144.0,-65.32,126.1
C33,2023-06-30 00:00:00+00:00,-65.32,126.1,-65.32,126.1,144.0,0.0,0.0,0.9285886487590458,0.00552731338547051,90.00908653987307,6,winter,0.0,0.020000000000010232,168.0,-65.32,126.12
C33,2023-07-07 00:00:00+00:00,-65.32,126.12,-65.32,126.1,168.0,0.00552731338547051,90.00908653987307,0.4642943258385348,0.00276365670141985,90.00454326991775,7,winter,0.0,0.009999999999990905,168.0,-65.32,126.13
C33,2023-07-14 00:00:00+00:00,-65.32,126.13,-65.32,126.12,168.0,0.00276365670141985,90.00454326991775,0.0,0.0,0.0,7,winter,0.0,0.0,168.0,-65.32,126.13
C33,2023-07-21 00:00:00+00:00,-65.32,126.13,-65.32,126.13,168.0,0.0,0.0,2.998995658469447,0.004462791158436677,248.20938965376158,7,winter,-0.010000000000005116,-0.060000000000002274,672.0,-65.33,126.07
C33,2023-08-18 00:00:00+00:00,-65.33,126.07,-65.32,126.13,672.0,0.004462791158436677,248.20938965376158,0.0,0.0,0.0,8,winter,0.0,0.0,168.0,-65.33,126.07
C33,2023-08-25 00:00:00+00:00,-65.33,126.07,-65.33,126.07,168.0,0.0,0.0,7.551446933446555,0.044949088889562824,317.3628756823232,8,winter,0.04999999999999716,-0.10999999999999943,168.0,-65.28,125.96
C33,2023-09-01 00:00:00+00:00,-65.28,125.96,-65.33,126.07,168.0,0.044949088889562824,317.3628756823232,46.37181917528403,0.27602273318621445,104.3143958292394,9,spring,-0.09999999999999432,0.9700000000000131,168.0,-65.38,126.93
C33,2023-09-08 00:00:00+00:00,-65.38,126.93,-65.28,125.96,168.0,0.27602273318621445,104.3143958292394,77.27131023409405,0.45994827520294074,274.19828776547774,9,spring,0.060000000000002274,-1.6600000000000108,168.0,-65.32,125.27
C33,2023-09-15 00:00:00+00:00,-65.32,125.27,-65.38,126.93,168.0,0.45994827520294074,274.19828776547774,51.61970393548942,0.3072601424731513,239.86076029831747,9,spring,-0.23000000000000398,-0.9699999999999989,168.0,-65.55,124.3
C33,2023-09-22 00:00:00+00:00,-65.55,124.3,-65.32,125.27,168.0,0.3072601424731513,239.86076029831747,11.066124767566109,0.05763606649774015,66.40133482753322,9,spring,0.03999999999999204,0.21999999999999886,192.0,-65.51,124.52
C33,2023-09-30 00:00:00+00:00,-65.51,124.52,-65.55,124.3,192.0,0.05763606649774015,66.40133482753322,13.611803665638767,0.016681131943184765,324.6983336265388,9,spring,0.10000000000000853,-0.1700000000000017,816.0,-65.41,124.35
C33,2023-11-03 00:00:00+00:00,-65.41,124.35,-65.51,124.52,816.0,0.016681131943184765,324.6983336265388,35.99961759825187,0.24999734443230462,58.62593494647098,11,spring,0.1700000000000017,0.6600000000000108,144.0,-65.24,125.01
C33,2023-11-09 00:00:00+00:00,-65.24,125.01,-65.41,124.35,144.0,0.24999734443230462,58.62593494647098,23.611550579197424,0.12297682593331992,244.71394643827495,11,spring,-0.09000000000000341,-0.46000000000000796,192.0,-65.33,124.55
C33,2023-11-17 00:00:00+00:00,-65.33,124.55,-65.24,125.01,192.0,0.12297682593331992,244.71394643827495,37.971769775097755,0.22602243913748662,222.68414778447905,11,spring,-0.25,-0.5600000000000023,168.0,-65.58,123.99
C33,2023-11-24 00:00:00+00:00,-65.58,123.99,-65.33,124.55,168.0,0.22602243913748662,222.68414778447905,53.441536895264285,0.1590521931406675,280.27367763907375,11,spring,0.09000000000000341,-1.1400000000000006,336.0,-65.49,122.85
C33,2023-12-08 00:00:00+00:00,-65.49,122.85,-65.58,123.99,336.0,0.1590521931406675,280.27367763907375,35.530816330636256,0.21149295434902532,215.3386881826247,12,summer,-0.2600000000000051,-0.44999999999998863,168.0,-65.75,122.4
C33,2023-12-15 00:00:00+00:00,-65.75,122.4,-65.49,122.85,168.0,0.21149295434902532,215.3386881826247,8.036462993290977,0.055808770786742894,294.45196817270573,12,summer,0.030000000000001137,-0.1600000000000108,144.0,-65.72,122.24
C35,2022-01-14 00:00:00+00:00,-67.3,148.04,-67.27,147.86,168.0,0.05010681738880008,113.4287032312319,7.929613975972239,0.047200083190310944,147.3305925772779,1,summer,-0.060000000000002274,0.09999999999999432,168.0,-67.36,148.14
C35,2022-01-21 00:00:00+00:00,-67.36,148.14,-67.3,148.04,168.0,0.047200083190310944,147.3305925772779,2.2238985328907326,0.013237491267206742,180.0,1,summer,-0.01999999999999602,0.0,168.0,-67.38,148.14
C35,2022-01-28 00:00:00+00:00,-67.38,148.14,-67.36,148.14,168.0,0.013237491267206742,180.0,4.833093365940257,0.028768412892501528,256.6480483169216,1,summer,-0.010000000000005116,-0.10999999999998522,168.0,-67.39,148.03
C35,2022-02-04 00:00:00+00:00,-67.39,148.03,-67.38,148.14,168.0,0.028768412892501528,256.6480483169216,4.208949376456356,0.0250532700979545,322.39775854026084,2,summer,0.030000000000001137,-0.060000000000002274,168.0,-67.36,147.97
C35,2022-02-11 00:00:00+00:00,-67.36,147.97,-67.39,148.03,168.0,0.0250532700979545,322.39775854026084,2.0412267953418843,0.012150159496082644,236.97426374541521,2,summer,-0.010000000000005116,-0.03999999999999204,168.0,-67.37,147.93
C35,2022-02-18 00:00:00+00:00,-67.37,147.93,-67.36,147.97,168.0,0.012150159496082644,236.97426374541521,4.936298768689353,0.005876546153201611,25.728122758001916,2,summer,0.04000000000000625,0.04999999999998295,840.0,-67.33,147.98
C35,2022-03-25 00:00:00+00:00,-67.33,147.98,-67.37,147.93,840.0,0.005876546153201611,25.728122758001916,0.42857076565232466,0.002551016462216218,269.995386299891,3,autumn,0.0,-0.009999999999990905,168.0,-67.33,147.97
C35,2022-04-01 00:00:00+00:00,-67.33,147.97,-67.33,147.98,168.0,0.002551016462216218,269.995386299891,1.7142830348213198,0.010204065683460236,269.9815451994306,4,autumn,0.0,-0.03999999999999204,168.0,-67.33,147.93
C35,2022-04-08 00:00:00+00:00,-67.33,147.93,-67.33,147.97,168.0,0.010204065683460236,269.9815451994306,3.8571365574042047,0.02295914617502503,269.9584766977025,4,autumn,0.0,-0.09000000000000341,168.0,-67.33,147.84
C35,2022-04-15 00:00:00+00:00,-67.33,147.84,-67.33,147.93,168.0,0.02295914617502503,269.9584766977025,2.1428537726844468,0.012755081980264564,90.0230685007881,4,autumn,0.0,0.04999999999998295,168.0,-67.33,147.89
C35,2022-04-22 00:00:00+00:00,-67.33,147.89,-67.33,147.84,168.0,0.012755081980264564,90.0230685007881,0.42857076565232466,0.002551016462216218,269.995386299891,4,autumn,0.0,-0.009999999999990905,168.0,-67.33,147.88
C35,2022-04-29 00:00:00+00:00,-67.33,147.88,-67.33,147.89,168.0,0.002551016462216218,269.995386299891,1.7142830348213198,0.010204065683460236,269.9815451994306,4,autumn,0.0,-0.03999999999999204,168.0,-67.33,147.84
C35,2022-05-06 00:00:00+00:00,-67.33,147.84,-67.33,147.88,168.0,0.010204065683460236,269.9815451994306,0.42857076565232466,0.0005102032924432436,90.00461370010902,5,autumn,0.0,0.009999999999990905,840.0,-67.33,147.85
C35,2022-06-10 00:00:00+00:00,-67.33,147.85,-67.33,147.84,840.0,0.0005102032924432436,90.00461370010902,1.1119492664461563,0.006618745633608074,0.0,6,winter,0.010000000000005116,0.0,168.0,-67.32,147.85
C35,2022-06-17 00:00:00+00:00,-67.32,147.85,-67.33,147.85,168.0,0.006618745633608074,0.0,2.803024381151461,0.016684668935425362,293.34412462921176,6,winter,0.009999999999990905,-0.060000000000002274,168.0,-67.31,147.79
C35,2022-06-24 00:00:00+00:00,-67.31,147.79,-67.32,147.85,168.0,0.016684668935425362,293.34412462921176,0.0,0.0,0.0,6,winter,0.0,0.0,168.0,-67.31,147.79
C35,2022-07-01 00:00:00+00:00,-67.31,147.79,-67.31,147.79,168.0,0.0,0.0,0.8578577874033584,0.005106296353591419,269.9907739456909,7,winter,0.0,-0.01999999999998181,168.0,-67.31,147.77
C35,2022-07-08 00:00:00+00:00,-67.31,147.77,-67.31,147.79,168.0,0.005106296353591419,269.9907739456909,1.7008651630794034,0.010124197399282163,49.188518245413434,7,winter,0.010000000000005116,0.030000000000001137,168.0,-67.3,147.8
C35,2022-07-15 00:00:00+00:00,-67.3,147.8,-67.31,147.77,168.0,0.010124197399282163,49.188518245413434,4.468414151050701,0.026597703280063695,185.50145818309485,7,winter,-0.04000000000000625,-0.010000000000019327,168.0,-67.34,147.79
C35,2022-07-22 00:00:00+00:00,-67.34,147.79,-67.3,147.8,168.0,0.026597703280063695,185.50145818309485,12.97119552833089,0.019302374298111442,313.1966671875212,7,winter,0.0799999999999983,-0.21999999999999886,672.0,-67.26,147.57
C35,2022-08-19 00:00:00+00:00,-67.26,147.57,-67.34,147.79,672.0,0.019302374298111442,313.1966671875212,0.0,0.0,0.0,8,winter,0.0,0.0,168.0,-67.26,147.57
C35,2022-08-26 00:00:00+00:00,-67.26,147.57,-67.26,147.57,168.0,0.0,0.0,0.0,0.0,0.0,8,winter,0.0,0.0,168.0,-67.26,147.57
C35,2022-09-02 00:00:00+00:00,-67.26,147.57,-67.26,147.57,168.0,0.0,0.0,1.4056078893244255,0.008366713626931104,37.722604279466395,9,spring,0.010000000000005116,0.020000000000010232,168.0,-67.25,147.59
C35,2022-09-09 00:00:00+00:00,-67.25,147.59,-67.26,147.57,168.0,0.008366713626931104,37.722604279466395,0.0,0.0,0.0,9,spring,0.0,0.0,168.0,-67.25,147.59
C35,2022-09-16 00:00:00+00:00,-67.25,147.59,-67.25,147.59,168.0,0.0,0.0,0.0,0.0,0.0,9,spring,0.0,0.0,168.0,-67.25,147.59
C35,2022-09-23 00:00:00+00:00,-67.25,147.59,-67.25,147.59,168.0,0.0,0.0,3.405389082764863,0.004054034622339123,130.7998213269271,9,spring,-0.01999999999999602,0.060000000000002274,840.0,-67.27,147.65
C35,2022-10-28 00:00:00+00:00,-67.27,147.65,-67.25,147.59,840.0,0.004054034622339123,130.7998213269271,3.0913992848713665,0.01840118621947242,223.97342363295547,10,spring,-0.020000000000010232,-0.05000000000001137,168.0,-67.29,147.6
C35,2022-11-04 00:00:00+00:00,-67.29,147.6,-67.27,147.65,168.0,0.01840118621947242,223.97342363295547,6.405926412701915,0.03813051436132092,249.62156801073536,11,spring,-0.01999999999999602,-0.13999999999998636,168.0,-67.31,147.46
C35,2022-11-11 00:00:00+00:00,-67.31,147.46,-67.29,147.6,168.0,0.03813051436132092,249.62156801073536,5.959855522749237,0.03547533049255498,338.86299164415436,11,spring,0.04999999999999716,-0.05000000000001137,168.0,-67.26,147.41
C35,2022-11-18 00:00:00+00:00,-67.26,147.41,-67.31,147.46,168.0,0.03547533049255498,338.86299164415436,1.4053889418322751,0.008365410368049256,142.30738615960473,11,spring,-0.009999999999990905,0.020000000000010232,168.0,-67.27,147.43
C35,2022-11-25 00:00:00+00:00,-67.27,147.43,-67.26,147.41,168.0,0.008365410368049256,142.30738615960473,10.311473529356888,0.06137781862712434,269.88931966746924,11,spring,0.0,-0.2400000000000091,168.0,-67.27,147.19
C35,2022-12-02 00:00:00+00:00,-67.27,147.19,-67.27,147.43,168.0,0.06137781862712434,269.88931966746924,1.4053889418322751,0.008365410368049256,322.2889401158862,12,summer,0.009999999999990905,-0.020000000000010232,168.0,-67.26,147.17
C35,2022-12-09 00:00:00+00:00,-67.26,147.17,-67.27,147.19,168.0,0.008365410368049256,322.2889401158862,163.0359546660018,0.19409042222143072,299.27621371834925,12,summer,0.75,-3.2099999999999795,840.0,-66.51,143.96
C35,2023-01-13 00:00:00+00:00,-66.51,143.96,-67.26,147.17,840.0,0.19409042222143072,299.27621371834925,38.64967832939869,0.23005760910356363,256.3039859407149,1,summer,-0.0799999999999983,-0.8499999999999943,168.0,-66.59,143.11
C35,2023-01-20 00:00:00+00:00,-66.59,143.11,-66.51,143.96,168.0,0.23005760910356363,256.3039859407149,31.06900200527979,0.18493453574571303,14.995018957132174,1,summer,0.27000000000001023,0.1799999999999784,168.0,-66.32,143.29
C35,2023-01-27 00:00:00+00:00,-66.32,143.29,-66.59,143.11,168.0,0.18493453574571303,14.995018957132174,13.130404193423441,0.07815716781799667,319.56843390454833,1,summer,0.0899999999999892,-0.18999999999999773,168.0,-66.23,143.1
C35,2023-02-03 00:00:00+00:00,-66.23,143.1,-66.32,143.29,168.0,0.07815716781799667,319.56843390454833,5.378268752034124,0.032013504476393596,269.9450897464459,2,summer,0.0,-0.12000000000000455,168.0,-66.23,142.98
C35,2023-02-10 00:00:00+00:00,-66.23,142.98,-66.23,143.1,168.0,0.032013504476393596,269.9450897464459,0.0,0.0,0.0,2,summer,0.0,0.0,168.0,-66.23,142.98
C35,2023-02-17 00:00:00+00:00,-66.23,142.98,-66.23,142.98,168.0,0.0,0.0,1.111949266444576,0.006618745633598667,180.0,2,summer,-0.009999999999990905,0.0,168.0,-66.24,142.98
C35,2023-02-24 00:00:00+00:00,-66.24,142.98,-66.23,142.98,168.0,0.006618745633598667,180.0,1.1987768390823492,0.0014271152846218444,201.9363092069882,2,summer,-0.010000000000005116,-0.009999999999990905,840.0,-66.25,142.97
C35,2023-03-31 00:00:00+00:00,-66.25,142.97,-66.24,142.98,840.0,0.0014271152846218444,201.9363092069882,1.1987768390823492,0.0071355764231092215,338.0545380296859,3,autumn,0.010000000000005116,-0.009999999999990905,168.0,-66.24,142.96
C35,2023-04-07 00:00:00+00:00,-66.24,142.96,-66.25,142.97,168.0,0.0071355764231092215,338.0545380296859,0.44801151516128046,0.002666735209293336,90.00457620586383,4,autumn,0.0,0.009999999999990905,168.0,-66.24,142.97
C35,2023-04-14 00:00:00+00:00,-66.24,142.97,-66.24,142.96,168.0,0.002666735209293336,90.00457620586383,0.0,0.0,0.0,4,autumn,0.0,0.0,168.0,-66.24,142.97
C35,2023-04-21 00:00:00+00:00,-66.24,142.97,-66.24,142.97,168.0,0.0,0.0,1.4279251104707753,0.00849955422899271,218.84761215239283,4,autumn,-0.010000000000005116,-0.020000000000010232,168.0,-66.25,142.95
C35,2023-04-28 00:00:00+00:00,-66.25,142.95,-66.24,142.97,168.0,0.00849955422899271,218.84761215239283,0.0,0.0,0.0,4,autumn,0.0,0.0,168.0,-66.25,142.95
C35,2023-05-05 00:00:00+00:00,-66.25,142.95,-66.25,142.95,168.0,0.0,0.0,0.0,0.0,0.0,5,autumn,0.0,0.0,168.0,-66.25,142.95
C35,2023-05-12 00:00:00+00:00,-66.25,142.95,-66.25,142.95,168.0,0.0,0.0,0.44783388587646705,0.0005488160366133175,90.00457655740269,5,autumn,0.0,0.010000000000019327,816.0,-66.25,142.96
C35,2023-06-15 00:00:00+00:00,-66.25,142.96,-66.25,142.95,816.0,0.0005488160366133175,90.00457655740269,0.44783388587646705,0.002332468155606599,269.9954234425973,6,winter,0.0,-0.010000000000019327,192.0,-66.25,142.95
C35,2023-06-23 00:00:00+00:00,-66.25,142.95,-66.25,142.96,192.0,0.002332468155606599,269.9954234425973,0.44783388587646705,0.018659745244852793,90.00457655740269,6,winter,0.0,0.010000000000019327,24.0,-66.25,142.96
C35,2023-06-24 00:00:00+00:00,-66.25,142.96,-66.25,142.95,24.0,0.018659745244852793,90.00457655740269,1.1119492664461563,0.007721869905876085,0.0,6,winter,0.010000000000005116,0.0,144.0,-66.24,142.96
C35,2023-06-30 00:00:00+00:00,-66.24,142.96,-66.25,142.96,144.0,0.007721869905876085,0.0,2.108693170918372,0.01255174506499031,121.84264172001633,6,winter,-0.010000000000005116,0.03999999999999204,168.0,-66.25,143.0
C35,2023-07-07 00:00:00+00:00,-66.25,143.0,-66.24,142.96,168.0,0.01255174506499031,121.84264172001633,0.0,0.0,0.0,7,winter,0.0,0.0,168.0,-66.25,143.0
C35,2023-07-14 00:00:00+00:00,-66.25,143.0,-66.25,143.0,168.0,0.0,0.0,0.0,0.0,0.0,7,winter,0.0,0.0,168.0,-66.25,143.0
C35,2023-07-21 00:00:00+00:00,-66.25,143.0,-66.25,143.0,168.0,0.0,0.0,2.3973545821389552,0.0035674919377067784,201.91991797431066,7,winter,-0.01999999999999602,-0.020000000000010232,672.0,-66.27,142.98
C35,2023-08-18 00:00:00+00:00,-66.27,142.98,-66.25,143.0,672.0,0.0035674919377067784,201.91991797431066,0.0,0.0,0.0,8,winter,0.0,0.0,168.0,-66.27,142.98
C35,2023-08-25 00:00:00+00:00,-66.27,142.98,-66.27,142.98,168.0,0.0,0.0,0.44747858638430466,0.0026635630141922896,90.0045772600156,8,winter,0.0,0.010000000000019327,168.0,-66.27,142.99
C35,2023-09-01 00:00:00+00:00,-66.27,142.99,-66.27,142.98,168.0,0.0026635630141922896,90.0045772600156,0.0,0.0,0.0,9,spring,0.0,0.0,168.0,-66.27,142.99
C35,2023-09-08 00:00:00+00:00,-66.27,142.99,-66.27,142.99,168.0,0.0,0.0,0.0,0.0,0.0,9,spring,0.0,0.0,168.0,-66.27,142.99
C35,2023-09-15 00:00:00+00:00,-66.27,142.99,-66.27,142.99,168.0,0.0,0.0,0.0,0.0,0.0,9,spring,0.0,0.0,168.0,-66.27,142.99
C35,2023-09-22 00:00:00+00:00,-66.27,142.99,-66.27,142.99,168.0,0.0,0.0,0.0,0.0,0.0,9,spring,0.0,0.0,192.0,-66.27,142.99
C35,2023-09-30 00:00:00+00:00,-66.27,142.99,-66.27,142.99,192.0,0.0,0.0,0.0,0.0,0.0,9,spring,0.0,0.0,816.0,-66.27,142.99
C35,2023-11-03 00:00:00+00:00,-66.27,142.99,-66.27,142.99,816.0,0.0,0.0,0.0,0.0,0.0,11,spring,0.0,0.0,144.0,-66.27,142.99
C35,2023-11-09 00:00:00+00:00,-66.27,142.99,-66.27,142.99,144.0,0.0,0.0,0.0,0.0,0.0,11,spring,0.0,0.0,192.0,-66.27,142.99
C35,2023-11-17 00:00:00+00:00,-66.27,142.99,-66.27,142.99,192.0,0.0,0.0,0.0,0.0,0.0,11,spring,0.0,0.0,168.0,-66.27,142.99
C35,2023-11-24 00:00:00+00:00,-66.27,142.99,-66.27,142.99,168.0,0.0,0.0,0.0,0.0,0.0,11,spring,0.0,0.0,336.0,-66.27,142.99
C35,2023-12-08 00:00:00+00:00,-66.27,142.99,-66.27,142.99,336.0,0.0,0.0,0.0,0.0,0.0,12,summer,0.0,0.0,168.0,-66.27,142.99
C35,2023-12-15 00:00:00+00:00,-66.27,142.99,-66.27,142.99,168.0,0.0,0.0,0.0,0.0,0.0,12,summer,0.0,0.0,144.0,-66.27,142.99
C36,2022-01-14 00:00:00+00:00,-67.92,147.51,-67.92,147.51,168.0,0.0,0.0,0.0,0.0,0.0,1,summer,0.0,0.0,168.0,-67.92,147.51
C36,2022-01-21 00:00:00+00:00,-67.92,147.51,-67.92,147.51,168.0,0.0,0.0,0.0,0.0,0.0,1,summer,0.0,0.0,168.0,-67.92,147.51
C36,2022-01-28 00:00:00+00:00,-67.92,147.51,-67.92,147.51,168.0,0.0,0.0,1.6719305382702387,0.009951967489703803,269.9814668018673,1,summer,0.0,-0.03999999999999204,168.0,-67.92,147.47
C36,2022-02-04 00:00:00+00:00,-67.92,147.47,-67.92,147.51,168.0,0.009951967489703803,269.9814668018673,0.0,0.0,0.0,2,summer,0.0,0.0,168.0,-67.92,147.47
C36,2022-02-11 00:00:00+00:00,-67.92,147.47,-67.92,147.47,168.0,0.0,0.0,1.1878827755761039,0.007070730807000618,159.40741147104404,2,summer,-0.010000000000005116,0.009999999999990905,168.0,-67.93,147.48
C36,2022-02-18 00:00:00+00:00,-67.93,147.48,-67.92,147.47,168.0,0.007070730807000618,159.40741147104404,0.0,0.0,0.0,2,summer,0.0,0.0,840.0,-67.93,147.48
C36,2022-03-25 00:00:00+00:00,-67.93,147.48,-67.93,147.48,840.0,0.0,0.0,0.0,0.0,0.0,3,autumn,0.0,0.0,168.0,-67.93,147.48
C36,2022-04-01 00:00:00+00:00,-67.93,147.48,-67.93,147.48,168.0,0.0,0.0,0.0,0.0,0.0,4,autumn,0.0,0.0,168.0,-67.93,147.48
C36,2022-04-08 00:00:00+00:00,-67.93,147.48,-67.93,147.48,168.0,0.0,0.0,0.0,0.0,0.0,4,autumn,0.0,0.0,168.0,-67.93,147.48
C36,2022-04-15 00:00:00+00:00,-67.93,147.48,-67.93,147.48,168.0,0.0,0.0,0.0,0.0,0.0,4,autumn,0.0,0.0,168.0,-67.93,147.48
C36,2022-04-22 00:00:00+00:00,-67.93,147.48,-67.93,147.48,168.0,0.0,0.0,0.8356055903057248,0.004973842799438838,269.9907327450386,4,autumn,0.0,-0.01999999999998181,168.0,-67.93,147.46
C36,2022-04-29 00:00:00+00:00,-67.93,147.46,-67.93,147.48,168.0,0.004973842799438838,269.9907327450386,0.0,0.0,0.0,4,autumn,0.0,0.0,168.0,-67.93,147.46
C36,2022-05-06 00:00:00+00:00,-67.93,147.46,-67.93,147.46,168.0,0.0,0.0,1.6753469603753168,0.0019944606671134725,131.59755228313588,5,autumn,-0.009999999999990905,0.030000000000001137,840.0,-67.94,147.49
C36,2022-06-10 00:00:00+00:00,-67.94,147.49,-67.93,147.46,840.0,0.0019944606671134725,131.59755228313588,0.0,0.0,0.0,6,winter,0.0,0.0,168.0,-67.94,147.49
C36,2022-06-17 00:00:00+00:00,-67.94,147.49,-67.94,147.49,168.0,0.0,0.0,0.0,0.0,0.0,6,winter,0.0,0.0,168.0,-67.94,147.49
C36,2022-06-24 00:00:00+00:00,-67.94,147.49,-67.94,147.49,168.0,0.0,0.0,0.0,0.0,0.0,6,winter,0.0,0.0,168.0,-67.94,147.49
C36,2022-07-01 00:00:00+00:00,-67.94,147.49,-67.94,147.49,168.0,0.0,0.0,0.0,0.0,0.0,7,winter,0.0,0.0,168.0,-67.94,147.49
C36,2022-07-08 00:00:00+00:00,-67.94,147.49,-67.94,147.49,168.0,0.0,0.0,0.0,0.0,0.0,7,winter,0.0,0.0,168.0,-67.94,147.49
C36,2022-07-15 00:00:00+00:00,-67.94,147.49,-67.94,147.49,168.0,0.0,0.0,0.0,0.0,0.0,7,winter,0.0,0.0,168.0,-67.94,147.49
C36,2022-07-22 00:00:00+00:00,-67.94,147.49,-67.94,147.49,168.0,0.0,0.0,1.1878195165095098,0.0017675885662343895,339.40626498232024,7,winter,0.009999999999990905,-0.010000000000019327,672.0,-67.93,147.48
C36,2022-08-19 00:00:00+00:00,-67.93,147.48,-67.94,147.49,672.0,0.0017675885662343895,339.40626498232024,0.0,0.0,0.0,8,winter,0.0,0.0,168.0,-67.93,147.48
C36,2022-08-26 00:00:00+00:00,-67.93,147.48,-67.93,147.48,168.0,0.0,0.0,0.0,0.0,0.0,8,winter,0.0,0.0,168.0,-67.93,147.48
C36,2022-09-02 00:00:00+00:00,-67.93,147.48,-67.93,147.48,168.0,0.0,0.0,0.0,0.0,0.0,9,spring,0.0,0.0,168.0,-67.93,147.48
C36,2022-09-09 00:00:00+00:00,-67.93,147.48,-67.93,147.48,168.0,0.0,0.0,0.0,0.0,0.0,9,spring,0.0,0.0,168.0,-67.93,147.48
C36,2022-09-16 00:00:00+00:00,-67.93,147.48,-67.93,147.48,168.0,0.0,0.0,0.0,0.0,0.0,9,spring,0.0,0.0,168.0,-67.93,147.48
C36,2022-09-23 00:00:00+00:00,-67.93,147.48,-67.93,147.48,168.0,0.0,0.0,0.0,0.0,0.0,9,spring,0.0,0.0,840.0,-67.93,147.48
C36,2022-10-28 00:00:00+00:00,-67.93,147.48,-67.93,147.48,840.0,0.0,0.0,0.0,0.0,0.0,10,spring,0.0,0.0,168.0,-67.93,147.48
C36,2022-11-04 00:00:00+00:00,-67.93,147.48,-67.93,147.48,168.0,0.0,0.0,0.0,0.0,0.0,11,spring,0.0,0.0,168.0,-67.93,147.48
C36,2022-11-11 00:00:00+00:00,-67.93,147.48,-67.93,147.48,168.0,0.0,0.0,0.0,0.0,0.0,11,spring,0.0,0.0,168.0,-67.93,147.48
C36,2022-11-18 00:00:00+00:00,-67.93,147.48,-67.93,147.48,168.0,0.0,0.0,0.0,0.0,0.0,11,spring,0.0,0.0,168.0,-67.93,147.48
C36,2022-11-25 00:00:00+00:00,-67.93,147.48,-67.93,147.48,168.0,0.0,0.0,0.0,0.0,0.0,11,spring,0.0,0.0,168.0,-67.93,147.48
C36,2022-12-02 00:00:00+00:00,-67.93,147.48,-67.93,147.48,168.0,0.0,0.0,0.0,0.0,0.0,12,summer,0.0,0.0,168.0,-67.93,147.48
C36,2022-12-09 00:00:00+00:00,-67.93,147.48,-67.93,147.48,168.0,0.0,0.0,0.0,0.0,0.0,12,summer,0.0,0.0,840.0,-67.93,147.48
C36,2023-01-13 00:00:00+00:00,-67.93,147.48,-67.93,147.48,840.0,0.0,0.0,0.0,0.0,0.0,1,summer,0.0,0.0,168.0,-67.93,147.48
C36,2023-01-20 00:00:00+00:00,-67.93,147.48,-67.93,147.48,168.0,0.0,0.0,0.0,0.0,0.0,1,summer,0.0,0.0,168.0,-67.93,147.48
C36,2023-01-27 00:00:00+00:00,-67.93,147.48,-67.93,147.48,168.0,0.0,0.0,0.0,0.0,0.0,1,summer,0.0,0.0,168.0,-67.93,147.48
C36,2023-02-03 00:00:00+00:00,-67.93,147.48,-67.93,147.48,168.0,0.0,0.0,0.0,0.0,0.0,2,summer,0.0,0.0,168.0,-67.93,147.48
C36,2023-02-10 00:00:00+00:00,-67.93,147.48,-67.93,147.48,168.0,0.0,0.0,0.0,0.0,0.0,2,summer,0.0,0.0,168.0,-67.93,147.48
C36,2023-02-17 00:00:00+00:00,-67.93,147.48,-67.93,147.48,168.0,0.0,0.0,0.0,0.0,0.0,2,summer,0.0,0.0,168.0,-67.93,147.48
C36,2023-02-24 00:00:00+00:00,-67.93,147.48,-67.93,147.48,168.0,0.0,0.0,1.1878827755765218,0.0014141461614006212,20.60185545606032,2,summer,0.010000000000005116,0.010000000000019327,840.0,-67.92,147.49
C36,2023-03-31 00:00:00+00:00,-67.92,147.49,-67.93,147.48,840.0,0.0014141461614006212,20.60185545606032,0.0,0.0,0.0,3,autumn,0.0,0.0,168.0,-67.92,147.49
C36,2023-04-07 00:00:00+00:00,-67.92,147.49,-67.92,147.49,168.0,0.0,0.0,0.0,0.0,0.0,4,autumn,0.0,0.0,168.0,-67.92,147.49
C36,2023-04-14 00:00:00+00:00,-67.92,147.49,-67.92,147.49,168.0,0.0,0.0,0.0,0.0,0.0,4,autumn,0.0,0.0,168.0,-67.92,147.49
C36,2023-04-21 00:00:00+00:00,-67.92,147.49,-67.92,147.49,168.0,0.0,0.0,0.0,0.0,0.0,4,autumn,0.0,0.0,168.0,-67.92,147.49
C36,2023-04-28 00:00:00+00:00,-67.92,147.49,-67.92,147.49,168.0,0.0,0.0,0.0,0.0,0.0,4,autumn,0.0,0.0,168.0,-67.92,147.49
C36,2023-05-05 00:00:00+00:00,-67.92,147.49,-67.92,147.49,168.0,0.0,0.0,0.0,0.0,0.0,5,autumn,0.0,0.0,168.0,-67.92,147.49
C36,2023-05-12 00:00:00+00:00,-67.92,147.49,-67.92,147.49,168.0,0.0,0.0,0.0,0.0,0.0,5,autumn,0.0,0.0,816.0,-67.92,147.49
C36,2023-06-15 00:00:00+00:00,-67.92,147.49,-67.92,147.49,816.0,0.0,0.0,0.0,0.0,0.0,6,winter,0.0,0.0,192.0,-67.92,147.49
C36,2023-06-23 00:00:00+00:00,-67.92,147.49,-67.92,147.49,192.0,0.0,0.0,5.955228192415388,0.24813450801730783,100.82618228573563,6,winter,-0.010000000000005116,0.13999999999998636,24.0,-67.93,147.63
C36,2023-06-24 00:00:00+00:00,-67.93,147.63,-67.92,147.49,24.0,0.24813450801730783,100.82618228573563,5.545233989333189,0.03850856937036937,281.507326462333,6,winter,0.010000000000005116,-0.12999999999999545,144.0,-67.92,147.5
C36,2023-06-30 00:00:00+00:00,-67.92,147.5,-67.93,147.63,144.0,0.03850856937036937,281.507326462333,0.8359652800690752,0.004975983809934971,269.9907334009589,6,winter,0.0,-0.020000000000010232,168.0,-67.92,147.48
C36,2023-07-07 00:00:00+00:00,-67.92,147.48,-67.92,147.5,168.0,0.004975983809934971,269.9907334009589,0.0,0.0,0.0,7,winter,0.0,0.0,168.0,-67.92,147.48
C36,2023-07-14 00:00:00+00:00,-67.92,147.48,-67.92,147.48,168.0,0.0,0.0,0.0,0.0,0.0,7,winter,0.0,0.0,168.0,-67.92,147.48
C36,2023-07-21 00:00:00+00:00,-67.92,147.48,-67.92,147.48,168.0,0.0,0.0,0.0,0.0,0.0,7,winter,0.0,0.0,672.0,-67.92,147.48
C36,2023-08-18 00:00:00+00:00,-67.92,147.48,-67.92,147.48,672.0,0.0,0.0,0.0,0.0,0.0,8,winter,0.0,0.0,168.0,-67.92,147.48
C36,2023-08-25 00:00:00+00:00,-67.92,147.48,-67.92,147.48,168.0,0.0,0.0,0.0,0.0,0.0,8,winter,0.0,0.0,168.0,-67.92,147.48
C36,2023-09-01 00:00:00+00:00,-67.92,147.48,-67.92,147.48,168.0,0.0,0.0,1.3912475664106532,0.008281235514349125,323.04890814563095,9,spring,0.010000000000005116,-0.01999999999998181,168.0,-67.91,147.46
C36,2023-09-08 00:00:00+00:00,-67.91,147.46,-67.92,147.48,168.0,0.008281235514349125,323.04890814563095,0.0,0.0,0.0,9,spring,0.0,0.0,168.0,-67.91,147.46
C36,2023-09-15 00:00:00+00:00,-67.91,147.46,-67.91,147.46,168.0,0.0,0.0,0.0,0.0,0.0,9,spring,0.0,0.0,168.0,-67.91,147.46
C36,2023-09-22 00:00:00+00:00,-67.91,147.46,-67.91,147.46,168.0,0.0,0.0,0.0,0.0,0.0,9,spring,0.0,0.0,192.0,-67.91,147.46
C36,2023-09-30 00:00:00+00:00,-67.91,147.46,-67.91,147.46,192.0,0.0,0.0,0.0,0.0,0.0,9,spring,0.0,0.0,816.0,-67.91,147.46
C36,2023-11-03 00:00:00+00:00,-67.91,147.46,-67.91,147.46,816.0,0.0,0.0,0.0,0.0,0.0,11,spring,0.0,0.0,144.0,-67.91,147.46
C36,2023-11-09 00:00:00+00:00,-67.91,147.46,-67.91,147.46,144.0,0.0,0.0,0.0,0.0,0.0,11,spring,0.0,0.0,192.0,-67.91,147.46
C36,2023-11-17 00:00:00+00:00,-67.91,147.46,-67.91,147.46,192.0,0.0,0.0,0.0,0.0,0.0,11,spring,0.0,0.0,168.0,-67.91,147.46
C36,2023-11-24 00:00:00+00:00,-67.91,147.46,-67.91,147.46,168.0,0.0,0.0,0.0,0.0,0.0,11,spring,0.0,0.0,336.0,-67.91,147.46
C36,2023-12-08 00:00:00+00:00,-67.91,147.46,-67.91,147.46,336.0,0.0,0.0,0.0,0.0,0.0,12,summer,0.0,0.0,168.0,-67.91,147.46
C36,2023-12-15 00:00:00+00:00,-67.91,147.46,-67.91,147.46,168.0,0.0,0.0,0.0,0.0,0.0,12,summer,0.0,0.0,144.0,-67.91,147.46
C37,2022-04-01 00:00:00+00:00,-65.22,101.29,-65.23,101.31,168.0,0.00863595791369913,320.02414627232986,0.0,0.0,0.0,4,autumn,0.0,0.0,168.0,-65.22,101.29
C37,2022-04-08 00:00:00+00:00,-65.22,101.29,-65.22,101.29,168.0,0.0,0.0,3.7284562226147093,0.02219319180127803,269.9636830453809,4,autumn,0.0,-0.0800000000000125,168.0,-65.22,101.21
C37,2022-04-15 00:00:00+00:00,-65.22,101.21,-65.22,101.29,168.0,0.02219319180127803,269.9636830453809,0.0,0.0,0.0,4,autumn,0.0,0.0,168.0,-65.22,101.21
C37,2022-04-22 00:00:00+00:00,-65.22,101.21,-65.22,101.21,168.0,0.0,0.0,5.126627000356707,0.03051563690688516,269.9500641861244,4,autumn,0.0,-0.10999999999999943,168.0,-65.22,101.1
C37,2022-04-29 00:00:00+00:00,-65.22,101.1,-65.22,101.21,168.0,0.03051563690688516,269.9500641861244,0.0,0.0,0.0,4,autumn,0.0,0.0,168.0,-65.22,101.1
C37,2022-05-06 00:00:00+00:00,-65.22,101.1,-65.22,101.1,168.0,0.0,0.0,1.786217979902926,0.002126449976074912,231.48628247719898,5,autumn,-0.010000000000005116,-0.030000000000001137,840.0,-65.23,101.07
C37,2022-06-10 00:00:00+00:00,-65.23,101.07,-65.22,101.1,840.0,0.002126449976074912,231.48628247719898,12.896011850303873,0.07676197529942781,244.3477924959227,6,winter,-0.04999999999999716,-0.25,168.0,-65.28,100.82
C37,2022-06-17 00:00:00+00:00,-65.28,100.82,-65.23,101.07,168.0,0.07676197529942781,244.3477924959227,2.7899974313820906,0.01660712756775054,90.02725086820726,6,winter,0.0,0.060000000000002274,168.0,-65.28,100.88
C37,2022-06-24 00:00:00+00:00,-65.28,100.88,-65.28,100.82,168.0,0.01660712756775054,90.02725086820726,1.3949987551367073,0.008303564018670877,269.9863745660675,6,winter,0.0,-0.030000000000001137,168.0,-65.28,100.85
C37,2022-07-01 00:00:00+00:00,-65.28,100.85,-65.28,100.88,168.0,0.008303564018670877,269.9863745660675,0.0,0.0,0.0,7,winter,0.0,0.0,168.0,-65.28,100.85
C37,2022-07-08 00:00:00+00:00,-65.28,100.85,-65.28,100.85,168.0,0.0,0.0,0.0,0.0,0.0,7,winter,0.0,0.0,168.0,-65.28,100.85
C37,2022-07-15 00:00:00+00:00,-65.28,100.85,-65.28,100.85,168.0,0.0,0.0,6.1093081797384965,0.03636492964130057,316.68111991985313,7,winter,0.04000000000000625,-0.0899999999999892,168.0,-65.24,100.76
C37,2022-07-22 00:00:00+00:00,-65.24,100.76,-65.28,100.85,168.0,0.03636492964130057,316.68111991985313,5.726371664228171,0.008521386405101444,125.6748752459244,7,winter,-0.030000000000001137,0.09999999999999432,672.0,-65.27,100.86
C37,2022-08-19 00:00:00+00:00,-65.27,100.86,-65.24,100.76,672.0,0.008521386405101444,125.6748752459244,0.0,0.0,0.0,8,winter,0.0,0.0,168.0,-65.27,100.86
C37,2022-08-26 00:00:00+00:00,-65.27,100.86,-65.27,100.86,168.0,0.0,0.0,0.0,0.0,0.0,8,winter,0.0,0.0,168.0,-65.27,100.86
C37,2022-09-02 00:00:00+00:00,-65.27,100.86,-65.27,100.86,168.0,0.0,0.0,0.0,0.0,0.0,9,spring,0.0,0.0,168.0,-65.27,100.86
C37,2022-09-09 00:00:00+00:00,-65.27,100.86,-65.27,100.86,168.0,0.0,0.0,0.0,0.0,0.0,9,spring,0.0,0.0,168.0,-65.27,100.86
C37,2022-09-16 00:00:00+00:00,-65.27,100.86,-65.27,100.86,168.0,0.0,0.0,0.0,0.0,0.0,9,spring,0.0,0.0,168.0,-65.27,100.86
C37,2022-09-23 00:00:00+00:00,-65.27,100.86,-65.27,100.86,168.0,0.0,0.0,52.658751710753194,0.06268899013184905,248.48194705617072,9,spring,-0.1700000000000017,-1.0600000000000023,840.0,-65.44,99.8
C37,2022-10-28 00:00:00+00:00,-65.44,99.8,-65.27,100.86,840.0,0.06268899013184905,248.48194705617072,22.541936116293943,0.13417819116841634,170.63226482342793,10,spring,-0.20000000000000284,0.0799999999999983,168.0,-65.64,99.88
C37,2022-11-04 00:00:00+00:00,-65.64,99.88,-65.44,99.8,168.0,0.13417819116841634,170.63226482342793,5.095580802031376,0.030330838107329623,115.92229161569685,11,spring,-0.01999999999999602,0.10000000000000853,168.0,-65.66,99.98
C37,2022-11-11 00:00:00+00:00,-65.66,99.98,-65.64,99.88,168.0,0.030330838107329623,115.92229161569685,6.42044451499371,0.03821693163686732,30.041210546015236,11,spring,0.04999999999999716,0.06999999999999318,168.0,-65.61,100.05
C37,2022-11-18 00:00:00+00:00,-65.61,100.05,-65.66,99.98,168.0,0.03821693163686732,30.041210546015236,18.95359044322202,0.1128189907334644,355.8048293298482,11,spring,0.1700000000000017,-0.030000000000001137,168.0,-65.44,100.02
C37,2022-11-25 00:00:00+00:00,-65.44,100.02,-65.61,100.05,168.0,0.1128189907334644,355.8048293298482,4.315907825093781,0.025689927530320126,59.0202516291933,11,spring,0.01999999999999602,0.0799999999999983,168.0,-65.42,100.1
C37,2022-12-02 00:00:00+00:00,-65.42,100.1,-65.44,100.02,168.0,0.025689927530320126,59.0202516291933,6.735376707685153,0.040091528021935434,187.87596566193804,12,summer,-0.060000000000002274,-0.01999999999999602,168.0,-65.48,100.08
C37,2022-12-09 00:00:00+00:00,-65.48,100.08,-65.42,100.1,168.0,0.040091528021935434,187.87596566193804,24.240816772316155,0.028858115205138278,277.6731338583008,12,summer,0.030000000000001137,-0.519999999999996,840.0,-65.45,99.56
C37,2023-01-13 00:00:00+00:00,-65.45,99.56,-65.48,100.08,840.0,0.028858115205138278,277.6731338583008,8.239011208994798,0.0490417333868738,302.60491580962344,1,summer,0.04000000000000625,-0.15000000000000568,168.0,-65.41,99.41
C37,2023-01-20 00:00:00+00:00,-65.41,99.41,-65.45,99.56,168.0,0.0490417333868738,302.60491580962344,45.02768016532911,0.2680219057460066,344.2675027990373,1,summer,0.39000000000000057,-0.2599999999999909,168.0,-65.02,99.15
C37,2023-01-27 00:00:00+00:00,-65.02,99.15,-65.41,99.41,168.0,0.2680219057460066,344.2675027990373,31.41108782128316,0.1869707608409712,27.88952869409343,1,summer,0.25,0.30999999999998806,168.0,-64.77,99.46
C37,2023-02-03 00:00:00+00:00,-64.77,99.46,-65.02,99.15,168.0,0.1869707608409712,27.88952869409343,47.76782486134699,0.28433229084135114,51.41301838971975,2,summer,0.269999999999996,0.7800000000000011,168.0,-64.5,100.24
C38A,2022-04-01 00:00:00+00:00,-65.18,101.73,-65.2,101.75,168.0,0.014355648565492655,337.22748925259117,0.0,0.0,0.0,4,autumn,0.0,0.0,168.0,-65.18,101.73
C38A,2022-04-08 00:00:00+00:00,-65.18,101.73,-65.18,101.73,168.0,0.0,0.0,3.4519442213034974,0.020547287031568436,288.7595705117323,4,autumn,0.010000000000005116,-0.07000000000000739,168.0,-65.17,101.66
C38A,2022-04-15 00:00:00+00:00,-65.17,101.66,-65.18,101.73,168.0,0.020547287031568436,288.7595705117323,0.0,0.0,0.0,4,autumn,0.0,0.0,168.0,-65.17,101.66
C38A,2022-04-22 00:00:00+00:00,-65.17,101.66,-65.17,101.66,168.0,0.0,0.0,6.4625962748799655,0.03846783496952361,249.81302548374669,4,autumn,-0.01999999999999602,-0.12999999999999545,168.0,-65.19,101.53
C38A,2022-04-29 00:00:00+00:00,-65.19,101.53,-65.17,101.66,168.0,0.03846783496952361,249.81302548374669,0.0,0.0,0.0,4,autumn,0.0,0.0,168.0,-65.19,101.53
C38A,2022-05-06 00:00:00+00:00,-65.19,101.53,-65.19,101.53,168.0,0.0,0.0,5.733535413864837,0.00682563739745814,234.37643430206342,5,autumn,-0.030000000000001137,-0.09999999999999432,840.0,-65.22,101.43
C38A,2022-06-10 00:00:00+00:00,-65.22,101.43,-65.19,101.53,840.0,0.00682563739745814,234.37643430206342,3.446107370052995,0.020512543869363065,251.14386144511906,6,winter,-0.010000000000005116,-0.07000000000000739,168.0,-65.23,101.36
C38A,2022-06-17 00:00:00+00:00,-65.23,101.36,-65.22,101.43,168.0,0.020512543869363065,251.14386144511906,0.4658808490737855,0.002773100292105866,90.00453998485972,6,winter,0.0,0.010000000000005116,168.0,-65.23,101.37
C38A,2022-06-24 00:00:00+00:00,-65.23,101.37,-65.23,101.36,168.0,0.002773100292105866,90.00453998485972,0.0,0.0,0.0,6,winter,0.0,0.0,168.0,-65.23,101.37
C38A,2022-07-01 00:00:00+00:00,-65.23,101.37,-65.23,101.37,168.0,0.0,0.0,1.2056360273337987,0.007176404924605945,337.25904921517497,7,winter,0.010000000000005116,-0.010000000000005116,168.0,-65.22,101.36
C38A,2022-07-08 00:00:00+00:00,-65.22,101.36,-65.23,101.37,168.0,0.007176404924605945,337.25904921517497,0.0,0.0,0.0,7,winter,0.0,0.0,168.0,-65.22,101.36
C38A,2022-07-15 00:00:00+00:00,-65.22,101.36,-65.22,101.36,168.0,0.0,0.0,5.162384469921085,0.030728478987625502,244.43696636525232,7,winter,-0.01999999999999602,-0.09999999999999432,168.0,-65.24,101.26
C38A,2022-07-22 00:00:00+00:00,-65.24,101.26,-65.22,101.36,168.0,0.030728478987625502,244.43696636525232,5.586425949969129,0.008313133854120728,66.59114111602935,7,winter,0.01999999999999602,0.10999999999999943,672.0,-65.22,101.37
C38A,2022-08-19 00:00:00+00:00,-65.22,101.37,-65.24,101.26,672.0,0.008313133854120728,66.59114111602935,0.0,0.0,0.0,8,winter,0.0,0.0,168.0,-65.22,101.37
C38A,2022-08-26 00:00:00+00:00,-65.22,101.37,-65.22,101.37,168.0,0.0,0.0,0.0,0.0,0.0,8,winter,0.0,0.0,168.0,-65.22,101.37
C38A,2022-09-02 00:00:00+00:00,-65.22,101.37,-65.22,101.37,168.0,0.0,0.0,0.0,0.0,0.0,9,spring,0.0,0.0,168.0,-65.22,101.37
C38A,2022-09-09 00:00:00+00:00,-65.22,101.37,-65.22,101.37,168.0,0.0,0.0,0.0,0.0,0.0,9,spring,0.0,0.0,168.0,-65.22,101.37
C38A,2022-09-16 00:00:00+00:00,-65.22,101.37,-65.22,101.37,168.0,0.0,0.0,0.0,0.0,0.0,9,spring,0.0,0.0,168.0,-65.22,101.37
C38A,2022-09-23 00:00:00+00:00,-65.22,101.37,-65.22,101.37,168.0,0.0,0.0,0.0,0.0,0.0,9,spring,0.0,0.0,840.0,-65.22,101.37
C38A,2022-10-28 00:00:00+00:00,-65.22,101.37,-65.22,101.37,840.0,0.0,0.0,0.9321141141683978,0.005548298298621416,269.99092076157973,10,spring,0.0,-0.020000000000010232,168.0,-65.22,101.35
C38A,2022-11-04 00:00:00+00:00,-65.22,101.35,-65.22,101.37,168.0,0.005548298298621416,269.99092076157973,0.0,0.0,0.0,11,spring,0.0,0.0,168.0,-65.22,101.35
C38A,2022-11-11 00:00:00+00:00,-65.22,101.35,-65.22,101.35,168.0,0.0,0.0,0.0,0.0,0.0,11,spring,0.0,0.0,168.0,-65.22,101.35
C38A,2022-11-18 00:00:00+00:00,-65.22,101.35,-65.22,101.35,168.0,0.0,0.0,0.0,0.0,0.0,11,spring,0.0,0.0,168.0,-65.22,101.35
C38A,2022-11-25 00:00:00+00:00,-65.22,101.35,-65.22,101.35,168.0,0.0,0.0,1.4510673194590598,0.008637305472970595,39.98651753288101,11,spring,0.010000000000005116,0.020000000000010232,168.0,-65.21,101.37
C38A,2022-12-02 00:00:00+00:00,-65.21,101.37,-65.22,101.35,168.0,0.008637305472970595,39.98651753288101,0.0,0.0,0.0,12,summer,0.0,0.0,168.0,-65.21,101.37
C38A,2022-12-09 00:00:00+00:00,-65.21,101.37,-65.21,101.37,168.0,0.0,0.0,0.0,0.0,0.0,12,summer,0.0,0.0,840.0,-65.21,101.37
C38A,2023-01-13 00:00:00+00:00,-65.21,101.37,-65.21,101.37,840.0,0.0,0.0,0.0,0.0,0.0,1,summer,0.0,0.0,168.0,-65.21,101.37
C38A,2023-01-20 00:00:00+00:00,-65.21,101.37,-65.21,101.37,168.0,0.0,0.0,3.368308240318303,0.02004945381141847,352.0346304250755,1,summer,0.029999999999986926,-0.010000000000005116,168.0,-65.18,101.36
C38A,2023-01-27 00:00:00+00:00,-65.18,101.36,-65.21,101.37,168.0,0.02004945381141847,352.0346304250755,4.344957611145933,0.025862842923487697,239.1776076946734,1,summer,-0.01999999999999602,-0.0799999999999983,168.0,-65.2,101.28
C38A,2023-02-03 00:00:00+00:00,-65.2,101.28,-65.18,101.36,168.0,0.025862842923487697,239.1776076946734,2.3320471159464624,0.013881232833014658,90.0226944372198,2,summer,0.0,0.04999999999999716,168.0,-65.2,101.33
C38A,2023-02-10 00:00:00+00:00,-65.2,101.33,-65.2,101.28,168.0,0.013881232833014658,90.0226944372198,8.23204733933774,0.04900028178177226,254.2495773045033,2,summer,-0.01999999999999602,-0.1700000000000017,168.0,-65.22,101.16
C38B,2022-04-01 00:00:00+00:00,-65.01,101.73,-65.06,101.72,168.0,0.03321142409945791,4.829597783866689,0.0,0.0,0.0,4,autumn,0.0,0.0,168.0,-65.01,101.73
C38B,2022-04-08 00:00:00+00:00,-65.01,101.73,-65.01,101.73,168.0,0.0,0.0,1.795326047954207,0.010686464571155994,308.255659205655,4,autumn,0.010000000000005116,-0.030000000000001137,168.0,-65.0,101.7
C38B,2022-04-15 00:00:00+00:00,-65.0,101.7,-65.01,101.73,168.0,0.010686464571155994,308.255659205655,0.0,0.0,0.0,4,autumn,0.0,0.0,168.0,-65.0,101.7
C38B,2022-04-22 00:00:00+00:00,-65.0,101.7,-65.0,101.7,168.0,0.0,0.0,0.9398601283385862,0.005594405525824918,269.990936922107,4,autumn,0.0,-0.01999999999999602,168.0,-65.0,101.68
C38B,2022-04-29 00:00:00+00:00,-65.0,101.68,-65.0,101.7,168.0,0.005594405525824918,269.990936922107,0.0,0.0,0.0,4,autumn,0.0,0.0,168.0,-65.0,101.68
C38B,2022-05-06 00:00:00+00:00,-65.0,101.68,-65.0,101.68,168.0,0.0,0.0,6.472972996222555,0.007705920233598279,46.641694929367986,5,autumn,0.04000000000000625,0.09999999999999432,840.0,-64.96,101.78
C38B,2022-06-10 00:00:00+00:00,-64.96,101.78,-65.0,101.68,840.0,0.007705920233598279,46.641694929367986,1.4567373599903746,0.00867105571422842,220.2336343380034,6,winter,-0.010000000000005116,-0.01999999999999602,168.0,-64.97,101.76
C38B,2022-06-17 00:00:00+00:00,-64.97,101.76,-64.96,101.78,168.0,0.00867105571422842,220.2336343380034,3.9747982247574543,0.023659513242603895,56.01050943967812,6,winter,0.01999999999999602,0.06999999999999318,168.0,-64.95,101.83
C38B,2022-06-24 00:00:00+00:00,-64.95,101.83,-64.97,101.76,168.0,0.023659513242603895,56.01050943967812,0.0,0.0,0.0,6,winter,0.0,0.0,168.0,-64.95,101.83
C38B,2022-07-01 00:00:00+00:00,-64.95,101.83,-64.95,101.83,168.0,0.0,0.0,1.1119492664461563,0.006618745633608074,0.0,7,winter,0.010000000000005116,0.0,168.0,-64.94,101.83
C38B,2022-07-08 00:00:00+00:00,-64.94,101.83,-64.95,101.83,168.0,0.006618745633608074,0.0,0.0,0.0,0.0,7,winter,0.0,0.0,168.0,-64.94,101.83
C38B,2022-07-15 00:00:00+00:00,-64.94,101.83,-64.94,101.83,168.0,0.0,0.0,4.0825659551841,0.024300987828476783,215.18223041843862,7,winter,-0.030000000000001137,-0.04999999999999716,168.0,-64.97,101.78
C38B,2022-07-22 00:00:00+00:00,-64.97,101.78,-64.94,101.83,168.0,0.024300987828476783,215.18223041843862,4.370893370967296,0.006504305611558476,40.2804327931928,7,winter,0.030000000000001137,0.060000000000002274,672.0,-64.94,101.84
C38B,2022-08-19 00:00:00+00:00,-64.94,101.84,-64.97,101.78,672.0,0.006504305611558476,40.2804327931928,0.0,0.0,0.0,8,winter,0.0,0.0,168.0,-64.94,101.84
C38B,2022-08-26 00:00:00+00:00,-64.94,101.84,-64.94,101.84,168.0,0.0,0.0,0.0,0.0,0.0,8,winter,0.0,0.0,168.0,-64.94,101.84
C38B,2022-09-02 00:00:00+00:00,-64.94,101.84,-64.94,101.84,168.0,0.0,0.0,0.0,0.0,0.0,9,spring,0.0,0.0,168.0,-64.94,101.84
C38B,2022-09-09 00:00:00+00:00,-64.94,101.84,-64.94,101.84,168.0,0.0,0.0,0.0,0.0,0.0,9,spring,0.0,0.0,168.0,-64.94,101.84
C38B,2022-09-16 00:00:00+00:00,-64.94,101.84,-64.94,101.84,168.0,0.0,0.0,0.0,0.0,0.0,9,spring,0.0,0.0,168.0,-64.94,101.84
C38B,2022-09-23 00:00:00+00:00,-64.94,101.84,-64.94,101.84,168.0,0.0,0.0,0.0,0.0,0.0,9,spring,0.0,0.0,840.0,-64.94,101.84
C38B,2022-10-28 00:00:00+00:00,-64.94,101.84,-64.94,101.84,840.0,0.0,0.0,0.4709851402518364,0.0028034829776895026,269.99547067637866,10,spring,0.0,-0.010000000000005116,168.0,-64.94,101.83
C38B,2022-11-04 00:00:00+00:00,-64.94,101.83,-64.94,101.84,168.0,0.0028034829776895026,269.99547067637866,0.0,0.0,0.0,11,spring,0.0,0.0,168.0,-64.94,101.83
C38B,2022-11-11 00:00:00+00:00,-64.94,101.83,-64.94,101.83,168.0,0.0,0.0,0.0,0.0,0.0,11,spring,0.0,0.0,168.0,-64.94,101.83
C38B,2022-11-18 00:00:00+00:00,-64.94,101.83,-64.94,101.83,168.0,0.0,0.0,0.0,0.0,0.0,11,spring,0.0,0.0,168.0,-64.94,101.83
C38B,2022-11-25 00:00:00+00:00,-64.94,101.83,-64.94,101.83,168.0,0.0,0.0,0.0,0.0,0.0,11,spring,0.0,0.0,168.0,-64.94,101.83
C38B,2022-12-02 00:00:00+00:00,-64.94,101.83,-64.94,101.83,168.0,0.0,0.0,0.0,0.0,0.0,12,summer,0.0,0.0,168.0,-64.94,101.83
C38B,2022-12-09 00:00:00+00:00,-64.94,101.83,-64.94,101.83,168.0,0.0,0.0,14.067442957857084,0.016746955902210814,76.41401719357094,12,summer,0.030000000000001137,0.29000000000000625,840.0,-64.91,102.12
C38B,2023-01-13 00:00:00+00:00,-64.91,102.12,-64.94,101.83,840.0,0.016746955902210814,76.41401719357094,6.819674659633911,0.04059330154543995,191.9440307711634,1,summer,-0.060000000000002274,-0.030000000000001137,168.0,-64.97,102.09
C38B,2023-01-20 00:00:00+00:00,-64.97,102.09,-64.91,102.12,168.0,0.04059330154543995,191.9440307711634,10.590071524388415,0.06303614002612153,282.022578282378,1,summer,0.01999999999999602,-0.21999999999999886,168.0,-64.95,101.87
C38B,2023-01-27 00:00:00+00:00,-64.95,101.87,-64.97,102.09,168.0,0.06303614002612153,282.022578282378,2.415167190023229,0.014375995178709697,337.0350229413961,1,summer,0.01999999999999602,-0.020000000000010232,168.0,-64.93,101.85
C38B,2023-02-03 00:00:00+00:00,-64.93,101.85,-64.95,101.87,168.0,0.014375995178709697,337.0350229413961,13.548700134882843,0.08064702461239788,60.61328594599934,2,summer,0.060000000000002274,0.25,168.0,-64.87,102.1
C38B,2023-02-10 00:00:00+00:00,-64.87,102.1,-64.93,101.85,168.0,0.08064702461239788,60.61328594599934,5.311107156654434,0.031613733075324016,257.86518484632404,2,summer,-0.009999999999990905,-0.10999999999999943,168.0,-64.88,101.99
C38B,2023-02-17 00:00:00+00:00,-64.88,101.99,-64.87,102.1,168.0,0.031613733075324016,257.86518484632404,3.9839809418181336,0.023714172272726985,303.9004128073826,2,summer,0.01999999999999602,-0.06999999999999318,168.0,-64.86,101.92
C38B,2023-02-24 00:00:00+00:00,-64.86,101.92,-64.88,101.99,168.0,0.023714172272726985,303.9004128073826,46.28117965997688,0.05509664245235343,170.16161536747734,2,summer,-0.4099999999999966,0.1700000000000017,840.0,-65.27,102.09
C38B,2023-03-31 00:00:00+00:00,-65.27,102.09,-64.86,101.92,840.0,0.05509664245235343,170.16161536747734,47.35425334094737,0.2818705556008772,276.28366405722204,3,autumn,0.04999999999999716,-1.0100000000000051,168.0,-65.22,101.08
C38B,2023-04-07 00:00:00+00:00,-65.22,101.08,-65.27,102.09,168.0,0.2818705556008772,276.28366405722204,0.0,0.0,0.0,4,autumn,0.0,0.0,168.0,-65.22,101.08
C38B,2023-04-14 00:00:00+00:00,-65.22,101.08,-65.22,101.08,168.0,0.0,0.0,1.2057041391349255,0.007176810351993604,337.2513270013299,4,autumn,0.010000000000005116,-0.010000000000005116,168.0,-65.21,101.07
C38B,2023-04-21 00:00:00+00:00,-65.21,101.07,-65.22,101.08,168.0,0.007176810351993604,337.2513270013299,1.2057041391349255,0.007176810351993604,157.26040587395914,4,autumn,-0.010000000000005116,0.010000000000005116,168.0,-65.22,101.08
C38B,2023-04-28 00:00:00+00:00,-65.22,101.08,-65.21,101.07,168.0,0.007176810351993604,157.26040587395914,0.0,0.0,0.0,4,autumn,0.0,0.0,168.0,-65.22,101.08
C38B,2023-05-05 00:00:00+00:00,-65.22,101.08,-65.22,101.08,168.0,0.0,0.0,0.0,0.0,0.0,5,autumn,0.0,0.0,168.0,-65.22,101.08
C38B,2023-05-12 00:00:00+00:00,-65.22,101.08,-65.22,101.08,168.0,0.0,0.0,89.62594858265508,0.10983572130227338,237.01667778835133,5,autumn,-0.4300000000000068,-1.6400000000000006,816.0,-65.65,99.44
C38B,2023-06-15 00:00:00+00:00,-65.65,99.44,-65.22,101.08,816.0,0.10983572130227338,237.01667778835133,22.464841025538853,0.11700438034134819,90.22320596609575,6,winter,0.0,0.4900000000000091,192.0,-65.65,99.93
C38B,2023-06-23 00:00:00+00:00,-65.65,99.93,-65.65,99.44,192.0,0.11700438034134819,90.22320596609575,20.50131881559924,0.854221617316635,285.5391296116959,6,winter,0.05000000000001137,-0.4300000000000068,24.0,-65.6,99.5
C38B,2023-06-24 00:00:00+00:00,-65.6,99.5,-65.65,99.93,24.0,0.854221617316635,285.5391296116959,12.896895673770683,0.08956177551229641,301.0426691987883,6,winter,0.05999999999998806,-0.23999999999999488,144.0,-65.54,99.26
C38B,2023-06-30 00:00:00+00:00,-65.54,99.26,-65.6,99.5,144.0,0.08956177551229641,301.0426691987883,24.35868216923481,0.14499215576925484,343.39316051830286,6,winter,0.21000000000000796,-0.15000000000000568,168.0,-65.33,99.11
C38B,2023-07-07 00:00:00+00:00,-65.33,99.11,-65.54,99.26,168.0,0.14499215576925484,343.39316051830286,4.65776554151073,0.02772479488994482,315.70904462296613,7,winter,0.030000000000001137,-0.06999999999999318,168.0,-65.3,99.04
C38B,2023-07-14 00:00:00+00:00,-65.3,99.04,-65.33,99.11,168.0,0.02772479488994482,315.70904462296613,0.0,0.0,0.0,7,winter,0.0,0.0,168.0,-65.3,99.04
C38B,2023-07-21 00:00:00+00:00,-65.3,99.04,-65.3,99.04,168.0,0.0,0.0,32.043342064789954,0.047683544739270764,326.21806441358433,7,winter,0.23999999999999488,-0.38000000000000966,672.0,-65.06,98.66
C38B,2023-08-18 00:00:00+00:00,-65.06,98.66,-65.3,99.04,672.0,0.047683544739270764,326.21806441358433,0.0,0.0,0.0,8,winter,0.0,0.0,168.0,-65.06,98.66
C38B,2023-08-25 00:00:00+00:00,-65.06,98.66,-65.06,98.66,168.0,0.0,0.0,3.7509955589190787,0.02232735451737547,269.9637300047605,8,winter,0.0,-0.0799999999999983,168.0,-65.06,98.58
C38B,2023-09-01 00:00:00+00:00,-65.06,98.58,-65.06,98.66,168.0,0.02232735451737547,269.9637300047605,18.921072529876763,0.11262543172545693,28.260375863480874,9,spring,0.15000000000000568,0.18999999999999773,168.0,-64.91,98.77
C38B,2023-09-08 00:00:00+00:00,-64.91,98.77,-65.06,98.58,168.0,0.11262543172545693,28.260375863480874,14.616872394543227,0.08700519282466207,269.859625301019,9,spring,0.0,-0.3100000000000023,168.0,-64.91,98.46
C38B,2023-09-15 00:00:00+00:00,-64.91,98.46,-64.91,98.77,168.0,0.08700519282466207,269.859625301019,0.0,0.0,0.0,9,spring,0.0,0.0,168.0,-64.91,98.46
C38B,2023-09-22 00:00:00+00:00,-64.91,98.46,-64.91,98.46,168.0,0.0,0.0,0.0,0.0,0.0,9,spring,0.0,0.0,192.0,-64.91,98.46
C38B,2023-09-30 00:00:00+00:00,-64.91,98.46,-64.91,98.46,192.0,0.0,0.0,1.20782368924242,0.0014801760897578675,337.012680646664,9,spring,0.009999999999990905,-0.009999999999990905,816.0,-64.9,98.45
C38B,2023-11-03 00:00:00+00:00,-64.9,98.45,-64.91,98.46,816.0,0.0014801760897578675,337.012680646664,0.0,0.0,0.0,11,spring,0.0,0.0,144.0,-64.9,98.45
C38B,2023-11-09 00:00:00+00:00,-64.9,98.45,-64.9,98.45,144.0,0.0,0.0,2.2734071922964016,0.011840662459877091,348.0161861821679,11,spring,0.020000000000010232,-0.010000000000005116,192.0,-64.88,98.44
C38B,2023-11-17 00:00:00+00:00,-64.88,98.44,-64.9,98.45,192.0,0.011840662459877091,348.0161861821679,3.3690433599481366,0.020053829523500814,171.9547913536892,11,spring,-0.030000000000001137,0.010000000000005116,168.0,-64.91,98.45
C38B,2023-11-24 00:00:00+00:00,-64.91,98.45,-64.88,98.44,168.0,0.020053829523500814,171.9547913536892,6.149633277680274,0.018302479993096053,43.71629304696569,11,spring,0.03999999999999204,0.09000000000000341,336.0,-64.87,98.54
C38B,2023-12-08 00:00:00+00:00,-64.87,98.54,-64.91,98.45,336.0,0.018302479993096053,43.71629304696569,3.9829604988319858,0.023708098207333248,123.97366625849753,12,summer,-0.01999999999999602,0.06999999999999318,168.0,-64.89,98.61
C38B,2023-12-15 00:00:00+00:00,-64.89,98.61,-64.87,98.54,168.0,0.023708098207333248,123.97366625849753,3.4669147593773304,0.02407579694012035,344.1860904504401,12,summer,0.030000000000001137,-0.01999999999999602,144.0,-64.86,98.59
C39,2022-05-06 00:00:00+00:00,-65.68,99.61,-65.68,99.61,168.0,0.0,0.0,2.964585405205126,0.003529268339529912,292.0017628514769,5,autumn,0.010000000000005116,-0.060000000000002274,840.0,-65.67,99.55
C39,2022-06-10 00:00:00+00:00,-65.67,99.55,-65.68,99.61,840.0,0.003529268339529912,292.0017628514769,1.4406872011242058,0.008575519054310749,219.4734036726576,6,winter,-0.010000000000005116,-0.01999999999999602,168.0,-65.68,99.53
C39,2022-06-17 00:00:00+00:00,-65.68,99.53,-65.67,99.55,168.0,0.008575519054310749,219.4734036726576,0.0,0.0,0.0,6,winter,0.0,0.0,168.0,-65.68,99.53
C39,2022-06-24 00:00:00+00:00,-65.68,99.53,-65.68,99.53,168.0,0.0,0.0,0.0,0.0,0.0,6,winter,0.0,0.0,168.0,-65.68,99.53
C39,2022-07-01 00:00:00+00:00,-65.68,99.53,-65.68,99.53,168.0,0.0,0.0,0.4579368160881739,0.0027258143814772257,90.00455629785785,7,winter,0.0,0.010000000000005116,168.0,-65.68,99.54
C39,2022-07-08 00:00:00+00:00,-65.68,99.54,-65.68,99.53,168.0,0.0027258143814772257,90.00455629785785,0.0,0.0,0.0,7,winter,0.0,0.0,168.0,-65.68,99.54
C39,2022-07-15 00:00:00+00:00,-65.68,99.54,-65.68,99.54,168.0,0.0,0.0,0.4579368160875231,0.002725814381473352,90.00455629785785,7,winter,0.0,0.009999999999990905,168.0,-65.68,99.55
C39,2022-07-22 00:00:00+00:00,-65.68,99.55,-65.68,99.54,168.0,0.002725814381473352,90.00455629785785,0.4579368160875231,0.000681453595368338,269.99544370214215,7,winter,0.0,-0.009999999999990905,672.0,-65.68,99.54
C39,2022-08-19 00:00:00+00:00,-65.68,99.54,-65.68,99.55,672.0,0.000681453595368338,269.99544370214215,0.0,0.0,0.0,8,winter,0.0,0.0,168.0,-65.68,99.54
C39,2022-08-26 00:00:00+00:00,-65.68,99.54,-65.68,99.54,168.0,0.0,0.0,0.0,0.0,0.0,8,winter,0.0,0.0,168.0,-65.68,99.54
C39,2022-09-02 00:00:00+00:00,-65.68,99.54,-65.68,99.54,168.0,0.0,0.0,0.0,0.0,0.0,9,spring,0.0,0.0,168.0,-65.68,99.54
C39,2022-09-09 00:00:00+00:00,-65.68,99.54,-65.68,99.54,168.0,0.0,0.0,0.0,0.0,0.0,9,spring,0.0,0.0,168.0,-65.68,99.54
C39,2022-09-16 00:00:00+00:00,-65.68,99.54,-65.68,99.54,168.0,0.0,0.0,0.0,0.0,0.0,9,spring,0.0,0.0,168.0,-65.68,99.54
C39,2022-09-23 00:00:00+00:00,-65.68,99.54,-65.68,99.54,168.0,0.0,0.0,1.2025208150114561,0.001431572398823162,202.3750026997096,9,spring,-0.009999999999990905,-0.010000000000005116,840.0,-65.69,99.53
C39,2022-10-28 00:00:00+00:00,-65.69,99.53,-65.68,99.54,840.0,0.001431572398823162,202.3750026997096,0.0,0.0,0.0,10,spring,0.0,0.0,168.0,-65.69,99.53
C39,2022-11-04 00:00:00+00:00,-65.69,99.53,-65.69,99.53,168.0,0.0,0.0,0.0,0.0,0.0,11,spring,0.0,0.0,168.0,-65.69,99.53
C39,2022-11-11 00:00:00+00:00,-65.69,99.53,-65.69,99.53,168.0,0.0,0.0,0.0,0.0,0.0,11,spring,0.0,0.0,168.0,-65.69,99.53
C39,2022-11-18 00:00:00+00:00,-65.69,99.53,-65.69,99.53,168.0,0.0,0.0,1.111949266444576,0.006618745633598667,0.0,11,spring,0.009999999999990905,0.0,168.0,-65.68,99.53
C39,2022-11-25 00:00:00+00:00,-65.68,99.53,-65.69,99.53,168.0,0.006618745633598667,0.0,0.0,0.0,0.0,11,spring,0.0,0.0,168.0,-65.68,99.53
C39,2022-12-02 00:00:00+00:00,-65.68,99.53,-65.68,99.53,168.0,0.0,0.0,0.0,0.0,0.0,12,summer,0.0,0.0,168.0,-65.68,99.53
C39,2022-12-09 00:00:00+00:00,-65.68,99.53,-65.68,99.53,168.0,0.0,0.0,6.660171301994199,0.007928775359516903,33.44401759540415,12,summer,0.05000000000001137,0.0799999999999983,840.0,-65.63,99.61
C39,2023-01-13 00:00:00+00:00,-65.63,99.61,-65.68,99.53,840.0,0.007928775359516903,33.44401759540415,14.428237789131234,0.08588236779244782,320.32345396727965,1,summer,0.09999999999999432,-0.20000000000000284,168.0,-65.53,99.41
C39,2023-01-20 00:00:00+00:00,-65.53,99.41,-65.63,99.61,168.0,0.08588236779244782,320.32345396727965,27.525506356121067,0.16384229973881587,338.1996577515364,1,summer,0.23000000000000398,-0.21999999999999886,168.0,-65.3,99.19
C39,2023-01-27 00:00:00+00:00,-65.3,99.19,-65.53,99.41,168.0,0.16384229973881587,338.1996577515364,15.678431133626724,0.0933239948430162,353.1555788748997,1,summer,0.14000000000000057,-0.03999999999999204,168.0,-65.16,99.15
C39,2023-02-03 00:00:00+00:00,-65.16,99.15,-65.3,99.19,168.0,0.0933239948430162,353.1555788748997,12.14495587481283,0.07229140401674303,90.11797301091627,2,summer,0.0,0.2599999999999909,168.0,-65.16,99.41
C39,2023-02-10 00:00:00+00:00,-65.16,99.41,-65.16,99.15,168.0,0.07229140401674303,90.11797301091627,13.635859122309933,0.08116582810898769,11.91541118285835,2,summer,0.11999999999999034,0.060000000000002274,168.0,-65.04,99.47
C39,2023-02-17 00:00:00+00:00,-65.04,99.47,-65.16,99.41,168.0,0.08116582810898769,11.91541118285835,23.369933056904475,0.13910674438633616,357.68046624102766,2,summer,0.21000000000000796,-0.01999999999999602,168.0,-64.83,99.45
C39,2023-02-24 00:00:00+00:00,-64.83,99.45,-65.04,99.47,168.0,0.13910674438633616,357.68046624102766,21.792034864322336,0.02594289864800278,209.73430294489748,2,summer,-0.1700000000000017,-0.23000000000000398,840.0,-65.0,99.22
C39,2023-03-31 00:00:00+00:00,-65.0,99.22,-64.83,99.45,840.0,0.02594289864800278,209.73430294489748,13.339786223194825,0.07940348942377871,260.27644827023653,3,autumn,-0.01999999999999602,-0.28000000000000114,168.0,-65.02,98.94
C39,2023-04-07 00:00:00+00:00,-65.02,98.94,-65.0,99.22,168.0,0.07940348942377871,260.27644827023653,21.395594305523385,0.12735472800906777,238.51059478505874,4,autumn,-0.10000000000000853,-0.39000000000000057,168.0,-65.12,98.55
C39,2023-04-14 00:00:00+00:00,-65.12,98.55,-65.02,98.94,168.0,0.12735472800906777,238.51059478505874,3.4577798589366733,0.02058202296986115,251.2098095782805,4,autumn,-0.009999999999990905,-0.06999999999999318,168.0,-65.13,98.48
C39,2023-04-21 00:00:00+00:00,-65.13,98.48,-65.12,98.55,168.0,0.02058202296986115,251.2098095782805,4.353432962215275,0.02591329144175759,59.3166377711716,4,autumn,0.01999999999999602,0.0799999999999983,168.0,-65.11,98.56
C39,2023-04-28 00:00:00+00:00,-65.11,98.56,-65.13,98.48,168.0,0.02591329144175759,59.3166377711716,3.4589468398092853,0.020588969284579078,251.21637700660256,4,autumn,-0.010000000000005116,-0.07000000000000739,168.0,-65.12,98.49
C39,2023-05-05 00:00:00+00:00,-65.12,98.49,-65.11,98.56,168.0,0.020588969284579078,251.21637700660256,0.9356367401965723,0.005569266310693883,90.00907190930798,5,autumn,0.0,0.020000000000010232,168.0,-65.12,98.51
C39,2023-05-12 00:00:00+00:00,-65.12,98.51,-65.12,98.49,168.0,0.005569266310693883,90.00907190930798,7.363757191558339,0.009024212244556788,287.51007697007407,5,autumn,0.020000000000010232,-0.15000000000000568,816.0,-65.1,98.36
C39,2023-06-15 00:00:00+00:00,-65.1,98.36,-65.12,98.51,816.0,0.009024212244556788,287.51007697007407,3.4612806541555807,0.018027503407060316,71.29298750420037,6,winter,0.009999999999990905,0.07000000000000739,192.0,-65.09,98.43
C39,2023-06-23 00:00:00+00:00,-65.09,98.43,-65.1,98.36,192.0,0.018027503407060316,71.29298750420037,1.1119492664461563,0.04633121943525651,0.0,6,winter,0.010000000000005116,0.0,24.0,-65.08,98.43
C39,2023-06-24 00:00:00+00:00,-65.08,98.43,-65.09,98.43,24.0,0.04633121943525651,0.0,3.4651007656689767,0.024063199761590118,344.29238918526806,6,winter,0.030000000000001137,-0.020000000000010232,144.0,-65.05,98.41
C39,2023-06-30 00:00:00+00:00,-65.05,98.41,-65.08,98.43,144.0,0.024063199761590118,344.29238918526806,10.007543398010665,0.05956871070244443,0.0,6,winter,0.09000000000000341,0.0,168.0,-64.96,98.41
C39,2023-07-07 00:00:00+00:00,-64.96,98.41,-65.05,98.41,168.0,0.05956871070244443,0.0,2.4150300719585984,0.014375178999753562,337.042703617756,7,winter,0.01999999999999602,-0.01999999999999602,168.0,-64.94,98.39
C39,2023-07-14 00:00:00+00:00,-64.94,98.39,-64.96,98.41,168.0,0.014375178999753562,337.042703617756,0.0,0.0,0.0,7,winter,0.0,0.0,168.0,-64.94,98.39
C39,2023-07-21 00:00:00+00:00,-64.94,98.39,-64.94,98.39,168.0,0.0,0.0,20.015086796019748,0.029784355351219864,0.0,7,winter,0.1799999999999926,0.0,672.0,-64.76,98.39
C39,2023-08-18 00:00:00+00:00,-64.76,98.39,-64.94,98.39,672.0,0.029784355351219864,0.0,0.0,0.0,0.0,8,winter,0.0,0.0,168.0,-64.76,98.39
C39,2023-08-25 00:00:00+00:00,-64.76,98.39,-64.76,98.39,168.0,0.0,0.0,2.640182454735297,0.015715371754376768,327.3731603929521,8,winter,0.020000000000010232,-0.030000000000001137,168.0,-64.74,98.36
C39,2023-09-01 00:00:00+00:00,-64.74,98.36,-64.76,98.39,168.0,0.015715371754376768,327.3731603929521,4.473072823267278,0.026625433471829035,6.098368753994748,9,spring,0.03999999999999204,0.010000000000005116,168.0,-64.7,98.37
C39,2023-09-08 00:00:00+00:00,-64.7,98.37,-64.74,98.36,168.0,0.026625433471829035,6.098368753994748,3.0608466944962687,0.018219325562477788,291.2747430350662,9,spring,0.010000000000005116,-0.060000000000002274,168.0,-64.69,98.31
C39,2023-09-15 00:00:00+00:00,-64.69,98.31,-64.7,98.37,168.0,0.018219325562477788,291.2747430350662,1.4631107375372732,0.008708992485340912,40.54574019093013,9,spring,0.009999999999990905,0.01999999999999602,168.0,-64.68,98.33
C39,2023-09-22 00:00:00+00:00,-64.68,98.33,-64.69,98.31,168.0,0.008708992485340912,40.54574019093013,1.2093372719557298,0.006298631624769426,203.14676752836252,9,spring,-0.009999999999990905,-0.010000000000005116,192.0,-64.69,98.32
C39,2023-09-30 00:00:00+00:00,-64.69,98.32,-64.68,98.33,192.0,0.006298631624769426,203.14676752836252,3.4688340309895764,0.004251022096800952,344.07449589079124,9,spring,0.030000000000001137,-0.01999999999999602,816.0,-64.66,98.3
C39,2023-11-03 00:00:00+00:00,-64.66,98.3,-64.69,98.32,816.0,0.004251022096800952,344.07449589079124,0.0,0.0,0.0,11,spring,0.0,0.0,144.0,-64.66,98.3
C39,2023-11-09 00:00:00+00:00,-64.66,98.3,-64.66,98.3,144.0,0.0,0.0,2.6430231318673485,0.013765745478475774,32.7229441580871,11,spring,0.01999999999999602,0.030000000000001137,192.0,-64.64,98.33
C39,2023-11-17 00:00:00+00:00,-64.64,98.33,-64.66,98.3,192.0,0.013765745478475774,32.7229441580871,2.274285450328118,0.013537413394810224,192.07860366617942,11,spring,-0.01999999999999602,-0.010000000000005116,168.0,-64.66,98.32
C39,2023-11-24 00:00:00+00:00,-64.66,98.32,-64.64,98.33,168.0,0.013537413394810224,192.07860366617942,1.4635668828523123,0.004355853818012834,220.54853881623333,11,spring,-0.010000000000005116,-0.01999999999999602,336.0,-64.67,98.3
C39,2023-12-08 00:00:00+00:00,-64.67,98.3,-64.66,98.32,336.0,0.004355853818012834,220.54853881623333,1.8094264453816387,0.01077039550822404,52.09568391277236,12,summer,0.010000000000005116,0.030000000000001137,168.0,-64.66,98.33
C39,2023-12-15 00:00:00+00:00,-64.66,98.33,-64.67,98.3,168.0,0.01077039550822404,52.09568391277236,1.4637950000631352,0.010165243055993995,319.42295340419753,12,summer,0.009999999999990905,-0.01999999999999602,144.0,-64.65,98.31
C40,2023-05-05 00:00:00+00:00,-66.51,110.28,-66.55,110.21,168.0,0.03227090191223693,34.90746663822142,1.196991250268187,0.007124947918263018,158.27686044526297,5,autumn,-0.009999999999990905,0.010000000000005116,168.0,-66.52,110.29
C40,2023-05-12 00:00:00+00:00,-66.52,110.29,-66.51,110.28,168.0,0.007124947918263018,158.27686044526297,16.738672357461294,0.02051307886943786,329.63480571104424,5,autumn,0.12999999999999545,-0.19000000000001194,816.0,-66.39,110.1
C40,2023-06-15 00:00:00+00:00,-66.39,110.1,-66.52,110.29,816.0,0.02051307886943786,329.63480571104424,13.992813346388584,0.0728792361791072,135.7596330937513,6,winter,-0.09000000000000341,0.21999999999999886,192.0,-66.48,110.32
C40,2023-06-23 00:00:00+00:00,-66.48,110.32,-66.39,110.1,192.0,0.0728792361791072,135.7596330937513,13.992813346388584,0.5830338894328576,315.55797942602294,6,winter,0.09000000000000341,-0.21999999999999886,24.0,-66.39,110.1
D20A,2022-01-14 00:00:00+00:00,-69.95,23.56,-69.93,26.19,168.0,0.5971777981073941,267.494906502095,50.08144562773048,0.2981038430222053,39.39076821464522,1,summer,0.3500000000000085,0.8200000000000003,168.0,-69.6,24.38
D20A,2022-01-21 00:00:00+00:00,-69.6,24.38,-69.95,23.56,168.0,0.2981038430222053,39.39076821464522,42.7782641216739,0.2546325245337732,306.30251016857926,1,summer,0.22999999999998977,-0.879999999999999,168.0,-69.37,23.5
D20A,2022-01-28 00:00:00+00:00,-69.37,23.5,-69.6,24.38,168.0,0.2546325245337732,306.30251016857926,25.648944319687875,0.15267228761718973,175.6667286323759,1,summer,-0.22999999999998977,0.05000000000000071,168.0,-69.6,23.55
D20A,2022-02-04 00:00:00+00:00,-69.6,23.55,-69.37,23.5,168.0,0.15267228761718973,175.6667286323759,43.781803956327565,0.2606059759305212,284.2015620542558,2,summer,0.09999999999999432,-1.0899999999999999,168.0,-69.5,22.46
D20A,2022-02-11 00:00:00+00:00,-69.5,22.46,-69.6,23.55,168.0,0.2606059759305212,284.2015620542558,11.28945831694838,0.06719915664850226,9.9781358117757,2,summer,0.09999999999999432,0.05000000000000071,168.0,-69.4,22.51
D20A,2022-02-18 00:00:00+00:00,-69.4,22.51,-69.5,22.46,168.0,0.06719915664850226,9.9781358117757,15.645240805701706,0.01862528667345441,174.29682561515347,2,summer,-0.14000000000000057,0.03999999999999915,840.0,-69.54,22.55
D20A,2022-03-25 00:00:00+00:00,-69.54,22.55,-69.4,22.51,840.0,0.01862528667345441,174.29682561515347,7.469974600203167,0.04446413452501885,278.4716104931395,3,autumn,0.010000000000005116,-0.19000000000000128,168.0,-69.53,22.36
D20A,2022-04-01 00:00:00+00:00,-69.53,22.36,-69.54,22.55,168.0,0.04446413452501885,278.4716104931395,19.12407575716808,0.11383378426885761,286.68078495029215,4,autumn,0.04999999999999716,-0.46999999999999886,168.0,-69.48,21.89
D20A,2022-04-08 00:00:00+00:00,-69.48,21.89,-69.53,22.36,168.0,0.11383378426885761,286.68078495029215,56.134682066938325,0.3341350123032043,252.0694580670119,4,autumn,-0.14999999999999147,-1.379999999999999,168.0,-69.63,20.51
D20A,2022-04-15 00:00:00+00:00,-69.63,20.51,-69.48,21.89,168.0,0.3341350123032043,252.0694580670119,170.73951569220696,1.0163066410250414,278.4810211487129,4,autumn,0.28000000000000114,-4.310000000000002,168.0,-69.35,16.2
D20A,2022-04-22 00:00:00+00:00,-69.35,16.2,-69.63,20.51,168.0,1.0163066410250414,278.4810211487129,158.31549081134634,0.9423541119722996,265.6954892620035,4,autumn,-0.060000000000002274,-4.039999999999999,168.0,-69.41,12.16
D20A,2022-04-29 00:00:00+00:00,-69.41,12.16,-69.35,16.2,168.0,0.9423541119722996,265.6954892620035,197.77713999352494,1.177244880913839,252.7094417638848,4,autumn,-0.46000000000000796,-4.94,168.0,-69.87,7.22
D20A,2022-05-06 00:00:00+00:00,-69.87,7.22,-69.41,12.16,168.0,1.177244880913839,252.7094417638848,643.2128237821324,0.7657295521215862,260.1779297791476,5,autumn,-0.18999999999999773,-16.93,840.0,-70.06,-9.71
D20A,2022-06-10 00:00:00+00:00,-70.06,-9.71,-69.87,7.22,840.0,0.7657295521215862,260.1779297791476,99.66849837452811,0.593264871276953,208.90200387719017,6,winter,-0.7800000000000011,-1.3199999999999985,168.0,-70.84,-11.03
D20A,2022-06-17 00:00:00+00:00,-70.84,-11.03,-70.06,-9.71,168.0,0.593264871276953,208.90200387719017,188.97088955636505,1.124826723549792,234.7466496113803,6,winter,-0.9299999999999926,-4.440000000000001,168.0,-71.77,-15.47
D20A,2022-06-24 00:00:00+00:00,-71.77,-15.47,-70.84,-11.03,168.0,1.124826723549792,234.7466496113803,93.4811228327723,0.556435254956978,222.59558521822044,6,winter,-0.6099999999999994,-1.8800000000000008,168.0,-72.38,-17.35
D20A,2022-07-01 00:00:00+00:00,-72.38,-17.35,-71.77,-15.47,168.0,0.556435254956978,222.59558521822044,160.1572717370454,0.9533170936728892,236.20279249600253,7,winter,-0.7600000000000051,-4.129999999999999,168.0,-73.14,-21.48
D20A,2022-07-08 00:00:00+00:00,-73.14,-21.48,-72.38,-17.35,168.0,0.9533170936728892,236.20279249600253,49.69889677229797,0.29582676650177364,252.3836206541842,7,winter,-0.12999999999999545,-1.4800000000000004,168.0,-73.27,-22.96
D20A,2022-07-15 00:00:00+00:00,-73.27,-22.96,-73.14,-21.48,168.0,0.29582676650177364,252.3836206541842,66.42093818224969,0.39536272727529576,257.4355825348104,7,winter,-0.12000000000000455,-2.039999999999999,168.0,-73.39,-25.0
D20A,2022-07-22 00:00:00+00:00,-73.39,-25.0,-73.27,-22.96,168.0,0.39536272727529576,257.4355825348104,160.28595470404906,0.23852076592864443,210.14278356036613,7,winter,-1.230000000000004,-2.7300000000000004,672.0,-74.62,-27.73
D20A,2022-08-19 00:00:00+00:00,-74.62,-27.73,-73.39,-25.0,672.0,0.23852076592864443,210.14278356036613,27.495341395973625,0.1636627464046049,293.4440289666186,8,winter,0.10000000000000853,-0.8499999999999979,168.0,-74.52,-28.58
D20A,2022-08-26 00:00:00+00:00,-74.52,-28.58,-74.62,-27.73,168.0,0.1636627464046049,293.4440289666186,6.304478794975191,0.037526659493899946,331.82085055553756,8,winter,0.04999999999999716,-0.10000000000000142,168.0,-74.47,-28.68
D20A,2022-09-02 00:00:00+00:00,-74.47,-28.68,-74.52,-28.58,168.0,0.037526659493899946,331.82085055553756,35.44839312509498,0.21100234003032728,310.7731066481613,9,spring,0.20999999999999375,-0.8900000000000006,168.0,-74.26,-29.57
D20A,2022-09-09 00:00:00+00:00,-74.26,-29.57,-74.47,-28.68,168.0,0.21100234003032728,310.7731066481613,35.69985136545238,0.2124991152705499,215.58537790998437,9,spring,-0.2599999999999909,-0.6999999999999993,168.0,-74.52,-30.27
D20A,2022-09-16 00:00:00+00:00,-74.52,-30.27,-74.26,-29.57,168.0,0.2124991152705499,215.58537790998437,22.985866008338412,0.13682063100201436,240.7419628960654,9,spring,-0.10000000000000853,-0.6799999999999997,168.0,-74.62,-30.95
D20A,2022-09-23 00:00:00+00:00,-74.62,-30.95,-74.52,-30.27,168.0,0.13682063100201436,240.7419628960654,145.90296865026838,0.17369401029793854,278.6516534518595,9,spring,0.25,-4.820000000000004,840.0,-74.37,-35.77
D20A,2022-10-28 00:00:00+00:00,-74.37,-35.77,-74.62,-30.95,840.0,0.17369401029793854,278.6516534518595,37.30247015743881,0.22203851284189768,312.8486192763292,10,spring,0.23000000000000398,-0.8999999999999986,168.0,-74.14,-36.67
D20A,2022-11-04 00:00:00+00:00,-74.14,-36.67,-74.37,-35.77,168.0,0.22203851284189768,312.8486192763292,8.687236860394888,0.05170974321663624,230.10317240017164,11,spring,-0.04999999999999716,-0.21999999999999886,168.0,-74.19,-36.89
D20A,2022-11-11 00:00:00+00:00,-74.19,-36.89,-74.14,-36.67,168.0,0.05170974321663624,230.10317240017164,32.07946090275131,0.19094917204018635,339.1926558861446,11,spring,0.269999999999996,-0.36999999999999744,168.0,-73.92,-37.26
D20A,2022-11-18 00:00:00+00:00,-73.92,-37.26,-74.19,-36.89,168.0,0.19094917204018635,339.1926558861446,25.296678759123928,0.1505754688043091,243.56893191140696,11,spring,-0.09999999999999432,-0.740000000000002,168.0,-74.02,-38.0
D20A,2022-11-25 00:00:00+00:00,-74.02,-38.0,-73.92,-37.26,168.0,0.1505754688043091,243.56893191140696,28.081094005201066,0.16714936907857778,276.38487327457744,11,spring,0.030000000000001137,-0.9099999999999966,168.0,-73.99,-38.91
D20A,2022-12-02 00:00:00+00:00,-73.99,-38.91,-74.02,-38.0,168.0,0.16714936907857778,276.38487327457744,36.55796380742633,0.21760692742515675,260.6857644231268,12,summer,-0.05000000000001137,-1.1800000000000068,168.0,-74.04,-40.09
D20A,2022-12-09 00:00:00+00:00,-74.04,-40.09,-73.99,-38.91,168.0,0.21760692742515675,260.6857644231268,122.12413904704466,0.14538587981791032,318.67153806469827,12,summer,0.8400000000000034,-2.509999999999998,840.0,-73.2,-42.6
D20A,2023-01-13 00:00:00+00:00,-73.2,-42.6,-74.04,-40.09,840.0,0.14538587981791032,318.67153806469827,10.957712121651177,0.06522447691459034,307.377670653897,1,summer,0.060000000000002274,-0.269999999999996,168.0,-73.14,-42.87
D20A,2023-01-20 00:00:00+00:00,-73.14,-42.87,-73.2,-42.6,168.0,0.06522447691459034,307.377670653897,4.989092743579495,0.029696980616544615,333.0293625688427,1,summer,0.04000000000000625,-0.07000000000000028,168.0,-73.1,-42.94
D20A,2023-01-27 00:00:00+00:00,-73.1,-42.94,-73.14,-42.87,168.0,0.029696980616544615,333.0293625688427,19.64464205666481,0.1169323931944334,317.1818928019418,1,summer,0.12999999999999545,-0.4100000000000037,168.0,-72.97,-43.35
D20A,2023-02-03 00:00:00+00:00,-72.97,-43.35,-73.1,-42.94,168.0,0.1169323931944334,317.1818928019418,19.614823768461058,0.11675490338369678,344.4418958687713,2,summer,0.1700000000000017,-0.1599999999999966,168.0,-72.8,-43.51
D20A,2023-02-10 00:00:00+00:00,-72.8,-43.51,-72.97,-43.35,168.0,0.11675490338369678,344.4418958687713,19.386318185326722,0.11539475110313525,323.2504617803139,2,summer,0.14000000000000057,-0.3500000000000014,168.0,-72.66,-43.86
D20A,2023-02-17 00:00:00+00:00,-72.66,-43.86,-72.8,-43.51,168.0,0.11539475110313525,323.2504617803139,7.121107193373846,0.04238754281770146,241.97593845275117,2,summer,-0.030000000000001137,-0.18999999999999773,168.0,-72.69,-44.05
D20A,2023-02-24 00:00:00+00:00,-72.69,-44.05,-72.66,-43.86,168.0,0.04238754281770146,241.97593845275117,49.32223539527864,0.05871694689914124,294.7215794527119,2,summer,0.18999999999999773,-1.3400000000000034,840.0,-72.5,-45.39
D20A,2023-03-31 00:00:00+00:00,-72.5,-45.39,-72.69,-44.05,840.0,0.05871694689914124,294.7215794527119,12.495318884728773,0.07437689812338555,332.77859982848025,3,autumn,0.09999999999999432,-0.1700000000000017,168.0,-72.4,-45.56
D20A,2023-04-07 00:00:00+00:00,-72.4,-45.56,-72.5,-45.39,168.0,0.07437689812338555,332.77859982848025,56.30365384600024,0.3351407967023824,278.30329881891413,4,autumn,0.0800000000000125,-1.6499999999999986,168.0,-72.32,-47.21
D20A,2023-04-14 00:00:00+00:00,-72.32,-47.21,-72.4,-45.56,168.0,0.3351407967023824,278.30329881891413,26.111796097667117,0.15542735772420904,274.5188028213871,4,autumn,0.01999999999999602,-0.769999999999996,168.0,-72.3,-47.98
D20A,2023-04-21 00:00:00+00:00,-72.3,-47.98,-72.32,-47.21,168.0,0.15542735772420904,274.5188028213871,21.272379277019578,0.12662130522035464,312.5879219148226,4,autumn,0.12999999999999545,-0.46000000000000085,168.0,-72.17,-48.44
D20A,2023-04-28 00:00:00+00:00,-72.17,-48.44,-72.3,-47.98,168.0,0.12662130522035464,312.5879219148226,36.42348599724637,0.21680646426932362,280.05433206494826,4,autumn,0.060000000000002274,-1.0500000000000043,168.0,-72.11,-49.49
D20A,2023-05-05 00:00:00+00:00,-72.11,-49.49,-72.17,-48.44,168.0,0.21680646426932362,280.05433206494826,62.9428191697873,0.3746596379154006,314.34563021420496,5,autumn,0.4000000000000057,-1.2899999999999991,168.0,-71.71,-50.78
D20A,2023-05-12 00:00:00+00:00,-71.71,-50.78,-72.11,-49.49,168.0,0.3746596379154006,314.34563021420496,179.80759679522546,0.22035244705297238,331.0505182880649,5,autumn,1.4299999999999926,-2.3200000000000003,816.0,-70.28,-53.1
D20A,2023-06-15 00:00:00+00:00,-70.28,-53.1,-71.71,-50.78,816.0,0.22035244705297238,331.0505182880649,147.62057693395207,0.7688571715310003,159.74519641327538,6,winter,-1.2399999999999949,1.4500000000000028,192.0,-71.52,-51.65
D20A,2023-06-23 00:00:00+00:00,-71.52,-51.65,-70.28,-53.1,192.0,0.7688571715310003,159.74519641327538,190.8105552954101,7.950439803975421,337.9056381212063,6,winter,1.5999999999999943,-1.8800000000000026,24.0,-69.92,-53.53
D20A,2023-06-24 00:00:00+00:00,-69.92,-53.53,-71.52,-51.65,24.0,7.950439803975421,337.9056381212063,125.75351477645971,0.873288297058748,2.3836211784411603,6,winter,1.1299999999999955,0.13000000000000256,144.0,-68.79,-53.4
D20A,2023-06-30 00:00:00+00:00,-68.79,-53.4,-69.92,-53.53,144.0,0.873288297058748,2.3836211784411603,27.36768855971169,0.16290290809352198,12.877640189501165,6,winter,0.2400000000000091,0.14999999999999858,168.0,-68.55,-53.25
D20A,2023-07-07 00:00:00+00:00,-68.55,-53.25,-68.79,-53.4,168.0,0.16290290809352198,12.877640189501165,47.90534185062749,0.28515084434897314,12.991397283568347,7,winter,0.4200000000000017,0.259999999999998,168.0,-68.13,-52.99
D20A,2023-07-14 00:00:00+00:00,-68.13,-52.99,-68.55,-53.25,168.0,0.28515084434897314,12.991397283568347,0.0,0.0,0.0,7,winter,0.0,0.0,168.0,-68.13,-52.99
D20A,2023-07-21 00:00:00+00:00,-68.13,-52.99,-68.13,-52.99,168.0,0.0,0.0,197.90902495033745,0.29450747760466883,10.901460894617799,7,winter,1.75,0.8400000000000034,672.0,-66.38,-52.15
D20A,2023-08-18 00:00:00+00:00,-66.38,-52.15,-68.13,-52.99,672.0,0.29450747760466883,10.901460894617799,0.0,0.0,0.0,8,winter,0.0,0.0,168.0,-66.38,-52.15
D20A,2023-08-25 00:00:00+00:00,-66.38,-52.15,-66.38,-52.15,168.0,0.0,0.0,76.1821391234082,0.45346511382981075,90.78337993592208,8,winter,0.0,1.7100000000000009,168.0,-66.38,-50.44
D20A,2023-09-01 00:00:00+00:00,-66.38,-50.44,-66.38,-52.15,168.0,0.45346511382981075,90.78337993592208,38.64036186730822,0.23000215397207274,341.61468680252017,9,spring,0.3299999999999983,-0.2700000000000031,168.0,-66.05,-50.71
D20A,2023-09-08 00:00:00+00:00,-66.05,-50.71,-66.38,-50.44,168.0,0.23000215397207274,341.61468680252017,56.755203293418404,0.3378285910322524,2.324651294435455,9,spring,0.5099999999999909,0.05000000000000426,168.0,-65.54,-50.66
D20A,2023-09-15 00:00:00+00:00,-65.54,-50.66,-66.05,-50.71,168.0,0.3378285910322524,2.324651294435455,62.745240228834795,0.3734835727906833,327.95706742363177,9,spring,0.480000000000004,-0.7100000000000009,168.0,-65.06,-51.37
D20A,2023-09-22 00:00:00+00:00,-65.06,-51.37,-65.54,-50.66,168.0,0.3734835727906833,327.95706742363177,33.81111310834159,0.1760995474392791,27.53292380450108,9,spring,0.269999999999996,0.3299999999999983,192.0,-64.79,-51.04
D20A,2023-09-30 00:00:00+00:00,-64.79,-51.04,-65.06,-51.37,192.0,0.1760995474392791,27.53292380450108,213.27099690245586,0.26136151581183314,16.958126272453228,9,spring,1.8400000000000034,1.2299999999999969,816.0,-62.95,-49.81
D20A,2023-11-03 00:00:00+00:00,-62.95,-49.81,-64.79,-51.04,816.0,0.26136151581183314,16.958126272453228,44.72799402836957,0.31061106964145535,308.1185330377819,11,spring,0.25,-0.6899999999999977,144.0,-62.7,-50.5
D20A,2023-11-09 00:00:00+00:00,-62.7,-50.5,-62.95,-49.81,144.0,0.31061106964145535,308.1185330377819,27.504487958613378,0.14325254145111135,14.063902011448022,11,spring,0.240000000000002,0.13000000000000256,192.0,-62.46,-50.37
D20A,2023-11-17 00:00:00+00:00,-62.46,-50.37,-62.7,-50.5,192.0,0.14325254145111135,14.063902011448022,24.72812410566431,0.14719121491466852,8.430517636848265,11,spring,0.21999999999999886,0.07000000000000028,168.0,-62.24,-50.3
D20A,2023-11-24 00:00:00+00:00,-62.24,-50.3,-62.46,-50.37,168.0,0.14719121491466852,8.430517636848265,66.95353163874653,0.19926646321055513,73.15078432199618,11,spring,0.17999999999999972,1.2299999999999969,336.0,-62.06,-49.07
D20A,2023-12-08 00:00:00+00:00,-62.06,-49.07,-62.24,-50.3,336.0,0.19926646321055513,73.15078432199618,59.07490642197068,0.3516363477498255,110.27650708307863,12,summer,-0.17999999999999972,1.0700000000000003,168.0,-62.24,-48.0
D20A,2023-12-15 00:00:00+00:00,-62.24,-48.0,-62.06,-49.07,168.0,0.3516363477498255,110.27650708307863,47.1295556469134,0.32728858088134305,90.40263422944201,12,summer,0.0,0.9099999999999966,144.0,-62.24,-47.09
D23,2022-01-14 00:00:00+00:00,-69.43,74.68,-69.43,74.68,168.0,0.0,0.0,0.0,0.0,0.0,1,summer,0.0,0.0,168.0,-69.43,74.68
D23,2022-01-21 00:00:00+00:00,-69.43,74.68,-69.43,74.68,168.0,0.0,0.0,0.0,0.0,0.0,1,summer,0.0,0.0,168.0,-69.43,74.68
D23,2022-01-28 00:00:00+00:00,-69.43,74.68,-69.43,74.68,168.0,0.0,0.0,0.0,0.0,0.0,1,summer,0.0,0.0,168.0,-69.43,74.68
D23,2022-02-04 00:00:00+00:00,-69.43,74.68,-69.43,74.68,168.0,0.0,0.0,0.0,0.0,0.0,2,summer,0.0,0.0,168.0,-69.43,74.68
D23,2022-02-11 00:00:00+00:00,-69.43,74.68,-69.43,74.68,168.0,0.0,0.0,0.0,0.0,0.0,2,summer,0.0,0.0,168.0,-69.43,74.68
D23,2022-02-18 00:00:00+00:00,-69.43,74.68,-69.43,74.68,168.0,0.0,0.0,0.0,0.0,0.0,2,summer,0.0,0.0,840.0,-69.43,74.68
D23,2022-03-25 00:00:00+00:00,-69.43,74.68,-69.43,74.68,840.0,0.0,0.0,0.0,0.0,0.0,3,autumn,0.0,0.0,168.0,-69.43,74.68
D23,2022-04-01 00:00:00+00:00,-69.43,74.68,-69.43,74.68,168.0,0.0,0.0,0.0,0.0,0.0,4,autumn,0.0,0.0,168.0,-69.43,74.68
D23,2022-04-08 00:00:00+00:00,-69.43,74.68,-69.43,74.68,168.0,0.0,0.0,0.0,0.0,0.0,4,autumn,0.0,0.0,168.0,-69.43,74.68
D23,2022-04-15 00:00:00+00:00,-69.43,74.68,-69.43,74.68,168.0,0.0,0.0,0.0,0.0,0.0,4,autumn,0.0,0.0,168.0,-69.43,74.68
D23,2022-04-22 00:00:00+00:00,-69.43,74.68,-69.43,74.68,168.0,0.0,0.0,0.0,0.0,0.0,4,autumn,0.0,0.0,168.0,-69.43,74.68
D23,2022-04-29 00:00:00+00:00,-69.43,74.68,-69.43,74.68,168.0,0.0,0.0,0.0,0.0,0.0,4,autumn,0.0,0.0,168.0,-69.43,74.68
D23,2022-05-06 00:00:00+00:00,-69.43,74.68,-69.43,74.68,168.0,0.0,0.0,0.39068502065004146,0.00046510121505957317,90.0046812181518,5,autumn,0.0,0.009999999999990905,840.0,-69.43,74.69
D23,2022-06-10 00:00:00+00:00,-69.43,74.69,-69.43,74.68,840.0,0.00046510121505957317,90.0046812181518,0.0,0.0,0.0,6,winter,0.0,0.0,168.0,-69.43,74.69
D23,2022-06-17 00:00:00+00:00,-69.43,74.69,-69.43,74.69,168.0,0.0,0.0,0.0,0.0,0.0,6,winter,0.0,0.0,168.0,-69.43,74.69
D23,2022-06-24 00:00:00+00:00,-69.43,74.69,-69.43,74.69,168.0,0.0,0.0,0.0,0.0,0.0,6,winter,0.0,0.0,168.0,-69.43,74.69
D23,2022-07-01 00:00:00+00:00,-69.43,74.69,-69.43,74.69,168.0,0.0,0.0,0.0,0.0,0.0,7,winter,0.0,0.0,168.0,-69.43,74.69
D23,2022-07-08 00:00:00+00:00,-69.43,74.69,-69.43,74.69,168.0,0.0,0.0,0.0,0.0,0.0,7,winter,0.0,0.0,168.0,-69.43,74.69
D23,2022-07-15 00:00:00+00:00,-69.43,74.69,-69.43,74.69,168.0,0.0,0.0,0.39068502065004146,0.002325506075297866,269.9953187818482,7,winter,0.0,-0.009999999999990905,168.0,-69.43,74.68
D23,2022-07-22 00:00:00+00:00,-69.43,74.68,-69.43,74.69,168.0,0.002325506075297866,269.9953187818482,0.0,0.0,0.0,7,winter,0.0,0.0,672.0,-69.43,74.68
D23,2022-08-19 00:00:00+00:00,-69.43,74.68,-69.43,74.68,672.0,0.0,0.0,0.0,0.0,0.0,8,winter,0.0,0.0,168.0,-69.43,74.68
D23,2022-08-26 00:00:00+00:00,-69.43,74.68,-69.43,74.68,168.0,0.0,0.0,0.0,0.0,0.0,8,winter,0.0,0.0,168.0,-69.43,74.68
D23,2022-09-02 00:00:00+00:00,-69.43,74.68,-69.43,74.68,168.0,0.0,0.0,0.0,0.0,0.0,9,spring,0.0,0.0,168.0,-69.43,74.68
D23,2022-09-09 00:00:00+00:00,-69.43,74.68,-69.43,74.68,168.0,0.0,0.0,0.0,0.0,0.0,9,spring,0.0,0.0,168.0,-69.43,74.68
D23,2022-09-16 00:00:00+00:00,-69.43,74.68,-69.43,74.68,168.0,0.0,0.0,0.0,0.0,0.0,9,spring,0.0,0.0,168.0,-69.43,74.68
D23,2022-09-23 00:00:00+00:00,-69.43,74.68,-69.43,74.68,168.0,0.0,0.0,0.0,0.0,0.0,9,spring,0.0,0.0,840.0,-69.43,74.68
D23,2022-10-28 00:00:00+00:00,-69.43,74.68,-69.43,74.68,840.0,0.0,0.0,0.0,0.0,0.0,10,spring,0.0,0.0,168.0,-69.43,74.68
D23,2022-11-04 00:00:00+00:00,-69.43,74.68,-69.43,74.68,168.0,0.0,0.0,0.0,0.0,0.0,11,spring,0.0,0.0,168.0,-69.43,74.68
D23,2022-11-11 00:00:00+00:00,-69.43,74.68,-69.43,74.68,168.0,0.0,0.0,0.0,0.0,0.0,11,spring,0.0,0.0,168.0,-69.43,74.68
D23,2022-11-18 00:00:00+00:00,-69.43,74.68,-69.43,74.68,168.0,0.0,0.0,0.0,0.0,0.0,11,spring,0.0,0.0,168.0,-69.43,74.68
D23,2022-11-25 00:00:00+00:00,-69.43,74.68,-69.43,74.68,168.0,0.0,0.0,0.0,0.0,0.0,11,spring,0.0,0.0,168.0,-69.43,74.68
D23,2022-12-02 00:00:00+00:00,-69.43,74.68,-69.43,74.68,168.0,0.0,0.0,0.0,0.0,0.0,12,summer,0.0,0.0,168.0,-69.43,74.68
D23,2022-12-09 00:00:00+00:00,-69.43,74.68,-69.43,74.68,168.0,0.0,0.0,0.0,0.0,0.0,12,summer,0.0,0.0,840.0,-69.43,74.68
D23,2023-01-13 00:00:00+00:00,-69.43,74.68,-69.43,74.68,840.0,0.0,0.0,0.0,0.0,0.0,1,summer,0.0,0.0,168.0,-69.43,74.68
D23,2023-01-20 00:00:00+00:00,-69.43,74.68,-69.43,74.68,168.0,0.0,0.0,0.0,0.0,0.0,1,summer,0.0,0.0,168.0,-69.43,74.68
D23,2023-01-27 00:00:00+00:00,-69.43,74.68,-69.43,74.68,168.0,0.0,0.0,0.0,0.0,0.0,1,summer,0.0,0.0,168.0,-69.43,74.68
D23,2023-02-03 00:00:00+00:00,-69.43,74.68,-69.43,74.68,168.0,0.0,0.0,0.0,0.0,0.0,2,summer,0.0,0.0,168.0,-69.43,74.68
D23,2023-02-10 00:00:00+00:00,-69.43,74.68,-69.43,74.68,168.0,0.0,0.0,0.0,0.0,0.0,2,summer,0.0,0.0,168.0,-69.43,74.68
D23,2023-02-17 00:00:00+00:00,-69.43,74.68,-69.43,74.68,168.0,0.0,0.0,0.0,0.0,0.0,2,summer,0.0,0.0,168.0,-69.43,74.68
D23,2023-02-24 00:00:00+00:00,-69.43,74.68,-69.43,74.68,168.0,0.0,0.0,0.0,0.0,0.0,2,summer,0.0,0.0,840.0,-69.43,74.68
D23,2023-03-31 00:00:00+00:00,-69.43,74.68,-69.43,74.68,840.0,0.0,0.0,0.0,0.0,0.0,3,autumn,0.0,0.0,168.0,-69.43,74.68
D23,2023-04-07 00:00:00+00:00,-69.43,74.68,-69.43,74.68,168.0,0.0,0.0,0.0,0.0,0.0,4,autumn,0.0,0.0,168.0,-69.43,74.68
D23,2023-04-14 00:00:00+00:00,-69.43,74.68,-69.43,74.68,168.0,0.0,0.0,0.0,0.0,0.0,4,autumn,0.0,0.0,168.0,-69.43,74.68
D23,2023-04-21 00:00:00+00:00,-69.43,74.68,-69.43,74.68,168.0,0.0,0.0,0.0,0.0,0.0,4,autumn,0.0,0.0,168.0,-69.43,74.68
D23,2023-04-28 00:00:00+00:00,-69.43,74.68,-69.43,74.68,168.0,0.0,0.0,0.0,0.0,0.0,4,autumn,0.0,0.0,168.0,-69.43,74.68
D23,2023-05-05 00:00:00+00:00,-69.43,74.68,-69.43,74.68,168.0,0.0,0.0,0.0,0.0,0.0,5,autumn,0.0,0.0,168.0,-69.43,74.68
D23,2023-05-12 00:00:00+00:00,-69.43,74.68,-69.43,74.68,168.0,0.0,0.0,0.0,0.0,0.0,5,autumn,0.0,0.0,816.0,-69.43,74.68
D23,2023-06-15 00:00:00+00:00,-69.43,74.68,-69.43,74.68,816.0,0.0,0.0,0.0,0.0,0.0,6,winter,0.0,0.0,192.0,-69.43,74.68
D23,2023-06-23 00:00:00+00:00,-69.43,74.68,-69.43,74.68,192.0,0.0,0.0,1.1720550515188795,0.04883562714661998,90.01404365449923,6,winter,0.0,0.029999999999986926,24.0,-69.43,74.71
D23,2023-06-24 00:00:00+00:00,-69.43,74.71,-69.43,74.68,24.0,0.04883562714661998,90.01404365449923,0.39068502065004146,0.0027130904211808433,269.9953187818482,6,winter,0.0,-0.009999999999990905,144.0,-69.43,74.7
D23,2023-06-30 00:00:00+00:00,-69.43,74.7,-69.43,74.71,144.0,0.0027130904211808433,269.9953187818482,0.0,0.0,0.0,6,winter,0.0,0.0,168.0,-69.43,74.7
D23,2023-07-07 00:00:00+00:00,-69.43,74.7,-69.43,74.7,168.0,0.0,0.0,0.0,0.0,0.0,7,winter,0.0,0.0,168.0,-69.43,74.7
D23,2023-07-14 00:00:00+00:00,-69.43,74.7,-69.43,74.7,168.0,0.0,0.0,0.0,0.0,0.0,7,winter,0.0,0.0,168.0,-69.43,74.7
D23,2023-07-21 00:00:00+00:00,-69.43,74.7,-69.43,74.7,168.0,0.0,0.0,0.0,0.0,0.0,7,winter,0.0,0.0,672.0,-69.43,74.7
D23,2023-08-18 00:00:00+00:00,-69.43,74.7,-69.43,74.7,672.0,0.0,0.0,0.0,0.0,0.0,8,winter,0.0,0.0,168.0,-69.43,74.7
D23,2023-08-25 00:00:00+00:00,-69.43,74.7,-69.43,74.7,168.0,0.0,0.0,0.0,0.0,0.0,8,winter,0.0,0.0,168.0,-69.43,74.7
D23,2023-09-01 00:00:00+00:00,-69.43,74.7,-69.43,74.7,168.0,0.0,0.0,0.0,0.0,0.0,9,spring,0.0,0.0,168.0,-69.43,74.7
D23,2023-09-08 00:00:00+00:00,-69.43,74.7,-69.43,74.7,168.0,0.0,0.0,0.0,0.0,0.0,9,spring,0.0,0.0,168.0,-69.43,74.7
D23,2023-09-15 00:00:00+00:00,-69.43,74.7,-69.43,74.7,168.0,0.0,0.0,0.0,0.0,0.0,9,spring,0.0,0.0,168.0,-69.43,74.7
D23,2023-09-22 00:00:00+00:00,-69.43,74.7,-69.43,74.7,168.0,0.0,0.0,0.0,0.0,0.0,9,spring,0.0,0.0,192.0,-69.43,74.7
D23,2023-09-30 00:00:00+00:00,-69.43,74.7,-69.43,74.7,192.0,0.0,0.0,0.39068502065004146,0.0004787806625613253,90.0046812181518,9,spring,0.0,0.009999999999990905,816.0,-69.43,74.71
D23,2023-11-03 00:00:00+00:00,-69.43,74.71,-69.43,74.7,816.0,0.0004787806625613253,90.0046812181518,0.39068502065004146,0.0027130904211808433,269.9953187818482,11,spring,0.0,-0.009999999999990905,144.0,-69.43,74.7
D23,2023-11-09 00:00:00+00:00,-69.43,74.7,-69.43,74.71,144.0,0.0027130904211808433,269.9953187818482,0.0,0.0,0.0,11,spring,0.0,0.0,192.0,-69.43,74.7
D23,2023-11-17 00:00:00+00:00,-69.43,74.7,-69.43,74.7,192.0,0.0,0.0,0.0,0.0,0.0,11,spring,0.0,0.0,168.0,-69.43,74.7
D23,2023-11-24 00:00:00+00:00,-69.43,74.7,-69.43,74.7,168.0,0.0,0.0,0.0,0.0,0.0,11,spring,0.0,0.0,336.0,-69.43,74.7
D23,2023-12-08 00:00:00+00:00,-69.43,74.7,-69.43,74.7,336.0,0.0,0.0,0.0,0.0,0.0,12,summer,0.0,0.0,168.0,-69.43,74.7
D23,2023-12-15 00:00:00+00:00,-69.43,74.7,-69.43,74.7,168.0,0.0,0.0,0.0,0.0,0.0,12,summer,0.0,0.0,144.0,-69.43,74.7
D26,2022-01-14 00:00:00+00:00,-69.36,29.4,-69.36,29.4,168.0,0.0,0.0,0.0,0.0,0.0,1,summer,0.0,0.0,168.0,-69.36,29.4
D26,2022-01-21 00:00:00+00:00,-69.36,29.4,-69.36,29.4,168.0,0.0,0.0,0.0,0.0,0.0,1,summer,0.0,0.0,168.0,-69.36,29.4
D26,2022-01-28 00:00:00+00:00,-69.36,29.4,-69.36,29.4,168.0,0.0,0.0,0.0,0.0,0.0,1,summer,0.0,0.0,168.0,-69.36,29.4
D26,2022-02-04 00:00:00+00:00,-69.36,29.4,-69.36,29.4,168.0,0.0,0.0,0.0,0.0,0.0,2,summer,0.0,0.0,168.0,-69.36,29.4
D26,2022-02-11 00:00:00+00:00,-69.36,29.4,-69.36,29.4,168.0,0.0,0.0,0.0,0.0,0.0,2,summer,0.0,0.0,168.0,-69.36,29.4
D26,2022-02-18 00:00:00+00:00,-69.36,29.4,-69.36,29.4,168.0,0.0,0.0,12.405405053196269,0.014768339349043176,26.38416530950832,2,summer,0.09999999999999432,0.14000000000000057,840.0,-69.26,29.54
D26,2022-03-25 00:00:00+00:00,-69.26,29.54,-69.36,29.4,840.0,0.014768339349043176,26.38416530950832,0.0,0.0,0.0,3,autumn,0.0,0.0,168.0,-69.26,29.54
D26,2022-04-01 00:00:00+00:00,-69.26,29.54,-69.26,29.54,168.0,0.0,0.0,0.0,0.0,0.0,4,autumn,0.0,0.0,168.0,-69.26,29.54
D26,2022-04-08 00:00:00+00:00,-69.26,29.54,-69.26,29.54,168.0,0.0,0.0,1.111949266444576,0.006618745633598667,180.0,4,autumn,-0.009999999999990905,0.0,168.0,-69.27,29.54
D26,2022-04-15 00:00:00+00:00,-69.27,29.54,-69.26,29.54,168.0,0.006618745633598667,180.0,1.111949266444576,0.006618745633598667,0.0,4,autumn,0.009999999999990905,0.0,168.0,-69.26,29.54
D26,2022-04-22 00:00:00+00:00,-69.26,29.54,-69.27,29.54,168.0,0.006618745633598667,0.0,2.7247645552765136,0.016218836638550678,215.27708708689994,4,autumn,-0.01999999999999602,-0.03999999999999915,168.0,-69.28,29.5
D26,2022-04-29 00:00:00+00:00,-69.28,29.5,-69.26,29.54,168.0,0.016218836638550678,215.27708708689994,0.0,0.0,0.0,4,autumn,0.0,0.0,168.0,-69.28,29.5
D26,2022-05-06 00:00:00+00:00,-69.28,29.5,-69.28,29.5,168.0,0.0,0.0,5.898217832396292,0.007021687895709871,19.528006464171426,5,autumn,0.04999999999999716,0.05000000000000071,840.0,-69.23,29.55
D26,2022-06-10 00:00:00+00:00,-69.23,29.55,-69.28,29.5,840.0,0.007021687895709871,19.528006464171426,0.0,0.0,0.0,6,winter,0.0,0.0,168.0,-69.23,29.55
D26,2022-06-17 00:00:00+00:00,-69.23,29.55,-69.23,29.55,168.0,0.0,0.0,0.0,0.0,0.0,6,winter,0.0,0.0,168.0,-69.23,29.55
D26,2022-06-24 00:00:00+00:00,-69.23,29.55,-69.23,29.55,168.0,0.0,0.0,0.0,0.0,0.0,6,winter,0.0,0.0,168.0,-69.23,29.55
D26,2022-07-01 00:00:00+00:00,-69.23,29.55,-69.23,29.55,168.0,0.0,0.0,0.0,0.0,0.0,7,winter,0.0,0.0,168.0,-69.23,29.55
D26,2022-07-08 00:00:00+00:00,-69.23,29.55,-69.23,29.55,168.0,0.0,0.0,0.0,0.0,0.0,7,winter,0.0,0.0,168.0,-69.23,29.55
D26,2022-07-15 00:00:00+00:00,-69.23,29.55,-69.23,29.55,168.0,0.0,0.0,0.0,0.0,0.0,7,winter,0.0,0.0,168.0,-69.23,29.55
D26,2022-07-22 00:00:00+00:00,-69.23,29.55,-69.23,29.55,168.0,0.0,0.0,0.0,0.0,0.0,7,winter,0.0,0.0,672.0,-69.23,29.55
D26,2022-08-19 00:00:00+00:00,-69.23,29.55,-69.23,29.55,672.0,0.0,0.0,0.0,0.0,0.0,8,winter,0.0,0.0,168.0,-69.23,29.55
D26,2022-08-26 00:00:00+00:00,-69.23,29.55,-69.23,29.55,168.0,0.0,0.0,0.0,0.0,0.0,8,winter,0.0,0.0,168.0,-69.23,29.55
D26,2022-09-02 00:00:00+00:00,-69.23,29.55,-69.23,29.55,168.0,0.0,0.0,0.0,0.0,0.0,9,spring,0.0,0.0,168.0,-69.23,29.55
D26,2022-09-09 00:00:00+00:00,-69.23,29.55,-69.23,29.55,168.0,0.0,0.0,0.0,0.0,0.0,9,spring,0.0,0.0,168.0,-69.23,29.55
D26,2022-09-16 00:00:00+00:00,-69.23,29.55,-69.23,29.55,168.0,0.0,0.0,0.0,0.0,0.0,9,spring,0.0,0.0,168.0,-69.23,29.55
D26,2022-09-23 00:00:00+00:00,-69.23,29.55,-69.23,29.55,168.0,0.0,0.0,0.0,0.0,0.0,9,spring,0.0,0.0,840.0,-69.23,29.55
D26,2022-10-28 00:00:00+00:00,-69.23,29.55,-69.23,29.55,840.0,0.0,0.0,0.0,0.0,0.0,10,spring,0.0,0.0,168.0,-69.23,29.55
D26,2022-11-04 00:00:00+00:00,-69.23,29.55,-69.23,29.55,168.0,0.0,0.0,0.0,0.0,0.0,11,spring,0.0,0.0,168.0,-69.23,29.55
D26,2022-11-11 00:00:00+00:00,-69.23,29.55,-69.23,29.55,168.0,0.0,0.0,0.0,0.0,0.0,11,spring,0.0,0.0,168.0,-69.23,29.55
D26,2022-11-18 00:00:00+00:00,-69.23,29.55,-69.23,29.55,168.0,0.0,0.0,0.0,0.0,0.0,11,spring,0.0,0.0,168.0,-69.23,29.55
D26,2022-11-25 00:00:00+00:00,-69.23,29.55,-69.23,29.55,168.0,0.0,0.0,0.0,0.0,0.0,11,spring,0.0,0.0,168.0,-69.23,29.55
D26,2022-12-02 00:00:00+00:00,-69.23,29.55,-69.23,29.55,168.0,0.0,0.0,0.0,0.0,0.0,12,summer,0.0,0.0,168.0,-69.23,29.55
D26,2022-12-09 00:00:00+00:00,-69.23,29.55,-69.23,29.55,168.0,0.0,0.0,0.0,0.0,0.0,12,summer,0.0,0.0,840.0,-69.23,29.55
D26,2023-01-13 00:00:00+00:00,-69.23,29.55,-69.23,29.55,840.0,0.0,0.0,0.0,0.0,0.0,1,summer,0.0,0.0,168.0,-69.23,29.55
D26,2023-01-20 00:00:00+00:00,-69.23,29.55,-69.23,29.55,168.0,0.0,0.0,0.0,0.0,0.0,1,summer,0.0,0.0,168.0,-69.23,29.55
D26,2023-01-27 00:00:00+00:00,-69.23,29.55,-69.23,29.55,168.0,0.0,0.0,0.0,0.0,0.0,1,summer,0.0,0.0,168.0,-69.23,29.55
D26,2023-02-03 00:00:00+00:00,-69.23,29.55,-69.23,29.55,168.0,0.0,0.0,0.0,0.0,0.0,2,summer,0.0,0.0,168.0,-69.23,29.55
D26,2023-02-10 00:00:00+00:00,-69.23,29.55,-69.23,29.55,168.0,0.0,0.0,0.0,0.0,0.0,2,summer,0.0,0.0,168.0,-69.23,29.55
D26,2023-02-17 00:00:00+00:00,-69.23,29.55,-69.23,29.55,168.0,0.0,0.0,0.0,0.0,0.0,2,summer,0.0,0.0,168.0,-69.23,29.55
D26,2023-02-24 00:00:00+00:00,-69.23,29.55,-69.23,29.55,168.0,0.0,0.0,0.0,0.0,0.0,2,summer,0.0,0.0,840.0,-69.23,29.55
D26,2023-03-31 00:00:00+00:00,-69.23,29.55,-69.23,29.55,840.0,0.0,0.0,0.0,0.0,0.0,3,autumn,0.0,0.0,168.0,-69.23,29.55
D26,2023-04-07 00:00:00+00:00,-69.23,29.55,-69.23,29.55,168.0,0.0,0.0,5.167001034458354,0.030755958538442586,310.16437637797776,4,autumn,0.030000000000001137,-0.10000000000000142,168.0,-69.2,29.45
D26,2023-04-14 00:00:00+00:00,-69.2,29.45,-69.23,29.55,168.0,0.030755958538442586,310.16437637797776,0.0,0.0,0.0,4,autumn,0.0,0.0,168.0,-69.2,29.45
D26,2023-04-21 00:00:00+00:00,-69.2,29.45,-69.2,29.45,168.0,0.0,0.0,1.1800076090194869,0.007023854815592184,340.4408706795875,4,autumn,0.010000000000005116,-0.00999999999999801,168.0,-69.19,29.44
D26,2023-04-28 00:00:00+00:00,-69.19,29.44,-69.2,29.45,168.0,0.007023854815592184,340.4408706795875,0.0,0.0,0.0,4,autumn,0.0,0.0,168.0,-69.19,29.44
D26,2023-05-05 00:00:00+00:00,-69.19,29.44,-69.19,29.44,168.0,0.0,0.0,0.0,0.0,0.0,5,autumn,0.0,0.0,168.0,-69.19,29.44
D27,2022-01-14 00:00:00+00:00,-69.62,23.03,-69.55,23.58,168.0,0.1351681859571705,249.69694703300527,2.9480316508451057,0.01754780744550658,138.99354284865308,1,summer,-0.01999999999999602,0.04999999999999716,168.0,-69.64,23.08
D27,2022-01-21 00:00:00+00:00,-69.64,23.08,-69.62,23.03,168.0,0.01754780744550658,138.99354284865308,25.988166200927882,0.15469146548171359,70.27884640474332,1,summer,0.0799999999999983,0.6300000000000026,168.0,-69.56,23.71
D27,2022-01-28 00:00:00+00:00,-69.56,23.71,-69.64,23.08,168.0,0.15469146548171359,70.27884640474332,43.89801108228364,0.2612976850135931,329.18703335464096,1,summer,0.3400000000000034,-0.5700000000000003,168.0,-69.22,23.14
D27,2022-02-04 00:00:00+00:00,-69.22,23.14,-69.56,23.71,168.0,0.2612976850135931,329.18703335464096,30.045658217582037,0.17884320367608356,177.77060873959533,2,summer,-0.269999999999996,0.030000000000001137,168.0,-69.49,23.17
D27,2022-02-11 00:00:00+00:00,-69.49,23.17,-69.22,23.14,168.0,0.17884320367608356,177.77060873959533,3.116756708956571,0.018552123267598634,90.03746444283468,2,summer,0.0,0.0799999999999983,168.0,-69.49,23.25
D27,2022-02-18 00:00:00+00:00,-69.49,23.25,-69.49,23.17,168.0,0.018552123267598634,90.03746444283468,308.19901248061836,0.3669035862864504,272.33294844822524,2,summer,0.28999999999999204,-7.82,840.0,-69.2,15.43
D27,2022-03-25 00:00:00+00:00,-69.2,15.43,-69.49,23.25,840.0,0.3669035862864504,272.33294844822524,116.6822765682411,0.6945373605252446,284.1496298755894,3,autumn,0.28000000000000114,-2.83,168.0,-68.92,12.6
D27,2022-04-01 00:00:00+00:00,-68.92,12.6,-69.2,15.43,168.0,0.6945373605252446,284.1496298755894,34.66046645079281,0.20631230030233816,353.95527733306056,4,autumn,0.3100000000000023,-0.08999999999999986,168.0,-68.61,12.51
D27,2022-04-08 00:00:00+00:00,-68.61,12.51,-68.92,12.6,168.0,0.20631230030233816,353.95527733306056,45.79803002398052,0.2726073215713126,18.924061414234757,4,autumn,0.39000000000000057,0.35999999999999943,168.0,-68.22,12.87
D27,2022-04-15 00:00:00+00:00,-68.22,12.87,-68.61,12.51,168.0,0.2726073215713126,18.924061414234757,40.68530657516276,0.24217444389977835,62.719014515998765,4,autumn,0.1700000000000017,0.870000000000001,168.0,-68.05,13.74
D27,2022-04-22 00:00:00+00:00,-68.05,13.74,-68.22,12.87,168.0,0.24217444389977835,62.719014515998765,76.10132940750927,0.4529841036161266,327.48943452921344,4,autumn,0.5799999999999983,-0.9600000000000009,168.0,-67.47,12.78
D27,2022-04-29 00:00:00+00:00,-67.47,12.78,-68.05,13.74,168.0,0.4529841036161266,327.48943452921344,23.50445801822906,0.1399074882037444,58.858964687390994,4,autumn,0.10999999999999943,0.47000000000000064,168.0,-67.36,13.25
D27,2022-05-06 00:00:00+00:00,-67.36,13.25,-67.47,12.78,168.0,0.1399074882037444,58.858964687390994,98.54202863416965,0.11731193885020197,310.08230439536646,5,autumn,0.5799999999999983,-1.7200000000000006,840.0,-66.78,11.53
D27,2022-06-10 00:00:00+00:00,-66.78,11.53,-67.36,13.25,840.0,0.11731193885020197,310.08230439536646,51.36109539007595,0.30572080589330924,271.94394287755614,6,winter,0.01999999999999602,-1.17,168.0,-66.76,10.36
D27,2022-06-17 00:00:00+00:00,-66.76,10.36,-66.78,11.53,168.0,0.30572080589330924,271.94394287755614,91.01097383591997,0.5417319871185713,204.88477230401628,6,winter,-0.7399999999999949,-0.8999999999999986,168.0,-67.5,9.46
D27,2022-06-24 00:00:00+00:00,-67.5,9.46,-66.76,10.36,168.0,0.5417319871185713,204.88477230401628,21.102792670817436,0.12561186113581807,260.67845899948975,6,winter,-0.030000000000001137,-0.4900000000000002,168.0,-67.53,8.97
D27,2022-07-01 00:00:00+00:00,-67.53,8.97,-67.5,9.46,168.0,0.12561186113581807,260.67845899948975,15.033631583316426,0.0894859022816454,98.66857125497859,7,winter,-0.01999999999999602,0.34999999999999964,168.0,-67.55,9.32
D27,2022-07-08 00:00:00+00:00,-67.55,9.32,-67.53,8.97,168.0,0.0894859022816454,98.66857125497859,2.5477673327186374,0.015165281742372841,90.02772639441457,7,winter,0.0,0.0600000000000005,168.0,-67.55,9.38
D27,2022-07-15 00:00:00+00:00,-67.55,9.38,-67.55,9.32,168.0,0.015165281742372841,90.02772639441457,41.7768112548807,0.24867149556476606,278.7409347616597,7,winter,0.060000000000002274,-0.9700000000000006,168.0,-67.49,8.41
D27,2022-07-22 00:00:00+00:00,-67.49,8.41,-67.55,9.38,168.0,0.24867149556476606,278.7409347616597,228.34312913297146,0.33979632311454083,231.8632654762235,7,winter,-1.210000000000008,-4.45,672.0,-68.7,3.96
D27,2022-08-19 00:00:00+00:00,-68.7,3.96,-67.49,8.41,672.0,0.33979632311454083,231.8632654762235,74.73655099743034,0.444860422603752,253.6335711264266,8,winter,-0.1799999999999926,-1.79,168.0,-68.88,2.17
D27,2022-08-26 00:00:00+00:00,-68.88,2.17,-68.7,3.96,168.0,0.444860422603752,253.6335711264266,110.94562679550457,0.6603906356875272,267.5596673870157,8,winter,-0.020000000000010232,-2.77,168.0,-68.9,-0.6
D27,2022-09-02 00:00:00+00:00,-68.9,-0.6,-68.88,2.17,168.0,0.6603906356875272,267.5596673870157,66.04469821847627,0.39312320368140635,250.6126244296995,9,spring,-0.18999999999999773,-1.5699999999999998,168.0,-69.09,-2.17
D27,2022-09-09 00:00:00+00:00,-69.09,-2.17,-68.9,-0.6,168.0,0.39312320368140635,250.6126244296995,53.408392594335055,0.3179070987758039,232.3563431639728,9,spring,-0.28999999999999204,-1.08,168.0,-69.38,-3.25
D27,2022-09-16 00:00:00+00:00,-69.38,-3.25,-69.09,-2.17,168.0,0.3179070987758039,232.3563431639728,41.928390407447495,0.2495737524252827,284.8964946531049,9,spring,0.09999999999999432,-1.0300000000000002,168.0,-69.28,-4.28
D27,2022-09-23 00:00:00+00:00,-69.28,-4.28,-69.38,-3.25,168.0,0.2495737524252827,284.8964946531049,469.7564577488808,0.5592338782724772,232.6257993432843,9,spring,-2.269999999999996,-10.66,840.0,-71.55,-14.94
D27,2022-10-28 00:00:00+00:00,-71.55,-14.94,-69.28,-4.28,840.0,0.5592338782724772,232.6257993432843,100.07880202012883,0.5957071548817192,219.07155071779505,10,spring,-0.6899999999999977,-1.8600000000000012,168.0,-72.24,-16.8
D27,2022-11-04 00:00:00+00:00,-72.24,-16.8,-71.55,-14.94,168.0,0.5957071548817192,219.07155071779505,56.45717726386282,0.336054626570612,238.51384332071672,11,spring,-0.2600000000000051,-1.4399999999999977,168.0,-72.5,-18.24
D27,2022-11-11 00:00:00+00:00,-72.5,-18.24,-72.24,-16.8,168.0,0.336054626570612,238.51384332071672,113.49882572727861,0.6755882483766584,225.51083049037666,11,spring,-0.7000000000000028,-2.520000000000003,168.0,-73.2,-20.76
D27,2022-11-18 00:00:00+00:00,-73.2,-20.76,-72.5,-18.24,168.0,0.6755882483766584,225.51083049037666,40.967054731782596,0.2438515162606107,224.67929201686326,11,spring,-0.2599999999999909,-0.9100000000000001,168.0,-73.46,-21.67
D27,2022-11-25 00:00:00+00:00,-73.46,-21.67,-73.2,-20.76,168.0,0.2438515162606107,224.67929201686326,44.447980735983414,0.26457131390466315,236.04356301832598,11,spring,-0.22000000000001307,-1.1799999999999997,168.0,-73.68,-22.85
D27,2022-12-02 00:00:00+00:00,-73.68,-22.85,-73.46,-21.67,168.0,0.26457131390466315,236.04356301832598,13.477679354319678,0.08022428187095046,265.0612360289888,12,summer,-0.009999999999990905,-0.4299999999999997,168.0,-73.69,-23.28
D27,2022-12-09 00:00:00+00:00,-73.69,-23.28,-73.68,-22.85,168.0,0.08022428187095046,265.0612360289888,136.1308472062505,0.16206053238839346,282.16597919522576,12,summer,0.29999999999999716,-4.189999999999998,840.0,-73.39,-27.47
D27,2023-01-13 00:00:00+00:00,-73.39,-27.47,-73.69,-23.28,840.0,0.16206053238839346,282.16597919522576,43.154075612454236,0.25686949769317996,221.21361820392772,1,summer,-0.29000000000000625,-0.9100000000000001,168.0,-73.68,-28.38
D27,2023-01-20 00:00:00+00:00,-73.68,-28.38,-73.39,-27.47,168.0,0.25686949769317996,221.21361820392772,60.59674463970321,0.36069490856966197,125.43940610092113,1,summer,-0.30999999999998806,1.6099999999999994,168.0,-73.99,-26.77
D27,2023-01-27 00:00:00+00:00,-73.99,-26.77,-73.68,-28.38,168.0,0.36069490856966197,125.43940610092113,41.89655313306803,0.24938424483969066,140.74553871903572,1,summer,-0.29000000000000625,0.879999999999999,168.0,-74.28,-25.89
D27,2023-02-03 00:00:00+00:00,-74.28,-25.89,-73.99,-26.77,168.0,0.24938424483969066,140.74553871903572,35.642696895739405,0.21215891009368693,223.75058217383574,2,summer,-0.23000000000000398,-0.8299999999999983,168.0,-74.51,-26.72
D27,2023-02-10 00:00:00+00:00,-74.51,-26.72,-74.28,-25.89,168.0,0.21215891009368693,223.75058217383574,28.93567542041479,0.1722361632167547,234.41588228204986,2,summer,-0.14999999999999147,-0.8000000000000007,168.0,-74.66,-27.52
D27,2023-02-17 00:00:00+00:00,-74.66,-27.52,-74.51,-26.72,168.0,0.1722361632167547,234.41588228204986,21.509292631634036,0.1280315037597264,272.61124968755144,2,summer,0.009999999999990905,-0.7300000000000004,168.0,-74.65,-28.25
D27,2023-02-24 00:00:00+00:00,-74.65,-28.25,-74.66,-27.52,168.0,0.1280315037597264,272.61124968755144,90.24532470785137,0.10743491036648972,327.4617845961175,2,summer,0.6900000000000119,-1.5799999999999983,840.0,-73.96,-29.83
D27,2023-03-31 00:00:00+00:00,-73.96,-29.83,-74.65,-28.25,840.0,0.10743491036648972,327.4617845961175,9.243829572009798,0.05502279507148689,53.14123962619169,3,autumn,0.04999999999999716,0.23999999999999844,168.0,-73.91,-29.59
D27,2023-04-07 00:00:00+00:00,-73.91,-29.59,-73.96,-29.83,168.0,0.05502279507148689,53.14123962619169,19.460501390044424,0.11583631779788348,113.85477054566627,4,autumn,-0.07000000000000739,0.5799999999999983,168.0,-73.98,-29.01
D27,2023-04-14 00:00:00+00:00,-73.98,-29.01,-73.91,-29.59,168.0,0.11583631779788348,113.85477054566627,21.135166591373604,0.1258045630438905,327.1505044027924,4,autumn,0.1600000000000108,-0.36999999999999744,168.0,-73.82,-29.38
D27,2023-04-21 00:00:00+00:00,-73.82,-29.38,-73.98,-29.01,168.0,0.1258045630438905,327.1505044027924,50.373534829306934,0.2998424692220651,186.5288917175221,4,autumn,-0.45000000000000284,-0.19000000000000128,168.0,-74.27,-29.57
D27,2023-04-28 00:00:00+00:00,-74.27,-29.57,-73.82,-29.38,168.0,0.2998424692220651,186.5288917175221,9.390101884320663,0.0558934635971468,198.62920597129857,4,autumn,-0.0799999999999983,-0.10000000000000142,168.0,-74.35,-29.67
D27,2023-05-05 00:00:00+00:00,-74.35,-29.67,-74.27,-29.57,168.0,0.0558934635971468,198.62920597129857,43.317681098728066,0.25784333987338137,219.19223432554824,5,autumn,-0.30000000000001137,-0.9299999999999997,168.0,-74.65,-30.6
D27,2023-05-12 00:00:00+00:00,-74.65,-30.6,-74.35,-29.67,168.0,0.25784333987338137,219.19223432554824,56.06694392350025,0.06870949010232874,286.43220279385923,5,autumn,0.15000000000000568,-1.8099999999999952,816.0,-74.5,-32.41
D27,2023-06-15 00:00:00+00:00,-74.5,-32.41,-74.65,-30.6,816.0,0.06870949010232874,286.43220279385923,66.80576350420642,0.3479466849177418,81.48512479444821,6,winter,0.09999999999999432,2.2099999999999973,192.0,-74.4,-30.2
D27,2023-06-23 00:00:00+00:00,-74.4,-30.2,-74.5,-32.41,192.0,0.3479466849177418,81.48512479444821,142.20725063181538,5.925302109658975,260.08393563617,6,winter,-0.1699999999999875,-4.739999999999998,24.0,-74.57,-34.94
D27,2023-06-24 00:00:00+00:00,-74.57,-34.94,-74.4,-30.2,24.0,5.925302109658975,260.08393563617,72.79294454198552,0.5055065593193439,304.52416045389566,6,winter,0.37999999999999545,-1.980000000000004,144.0,-74.19,-36.92
D27,2023-06-30 00:00:00+00:00,-74.19,-36.92,-74.57,-34.94,144.0,0.5055065593193439,304.52416045389566,21.01253424581018,0.12507460860601297,17.825880468636683,6,winter,0.1799999999999926,0.21000000000000085,168.0,-74.01,-36.71
D27,2023-07-07 00:00:00+00:00,-74.01,-36.71,-74.19,-36.92,168.0,0.12507460860601297,17.825880468636683,40.84048783322019,0.24309814186440587,342.1579653726663,7,winter,0.3500000000000085,-0.3999999999999986,168.0,-73.66,-37.11
D27,2023-07-14 00:00:00+00:00,-73.66,-37.11,-74.01,-36.71,168.0,0.24309814186440587,342.1579653726663,0.0,0.0,0.0,7,winter,0.0,0.0,168.0,-73.66,-37.11
D27,2023-07-21 00:00:00+00:00,-73.66,-37.11,-73.66,-37.11,168.0,0.0,0.0,153.21692273188776,0.22800137311292823,280.7228355844131,7,winter,0.3100000000000023,-4.730000000000004,672.0,-73.35,-41.84
D27,2023-08-18 00:00:00+00:00,-73.35,-41.84,-73.66,-37.11,672.0,0.22800137311292823,280.7228355844131,0.0,0.0,0.0,8,winter,0.0,0.0,168.0,-73.35,-41.84
D27,2023-08-25 00:00:00+00:00,-73.35,-41.84,-73.35,-41.84,168.0,0.0,0.0,61.16443819226892,0.36407403685874357,180.8666143936648,8,winter,-0.5500000000000114,-0.02999999999999403,168.0,-73.9,-41.87
D27,2023-09-01 00:00:00+00:00,-73.9,-41.87,-73.35,-41.84,168.0,0.36407403685874357,180.8666143936648,28.741155204798424,0.17107830479046682,324.07648748164144,9,spring,0.21000000000000796,-0.5399999999999991,168.0,-73.69,-42.41
D27,2023-09-08 00:00:00+00:00,-73.69,-42.41,-73.9,-41.87,168.0,0.17107830479046682,324.07648748164144,62.624972203590595,0.37276769168803925,353.7879387933303,9,spring,0.5600000000000023,-0.21000000000000085,168.0,-73.13,-42.62
D27,2023-09-15 00:00:00+00:00,-73.13,-42.62,-73.69,-42.41,168.0,0.37276769168803925,353.7879387933303,65.80844586996233,0.3917169397021567,344.12968888125,9,spring,0.5699999999999932,-0.5399999999999991,168.0,-72.56,-43.16
D27,2023-09-22 00:00:00+00:00,-72.56,-43.16,-73.13,-42.62,168.0,0.3917169397021567,344.12968888125,29.644340437039656,0.15439760644291486,254.36764084913432,9,spring,-0.06999999999999318,-0.8600000000000065,192.0,-72.63,-44.02
D27,2023-09-30 00:00:00+00:00,-72.63,-44.02,-72.56,-43.16,192.0,0.15439760644291486,254.36764084913432,217.2739946096152,0.26626715025688136,337.5526058763038,9,spring,1.8199999999999932,-2.269999999999996,816.0,-70.81,-46.29
D27,2023-11-03 00:00:00+00:00,-70.81,-46.29,-72.63,-44.02,816.0,0.26626715025688136,337.5526058763038,47.97339334646444,0.3331485649060031,146.8993559343371,11,spring,-0.35999999999999943,0.7299999999999969,144.0,-71.17,-45.56
D27,2023-11-09 00:00:00+00:00,-71.17,-45.56,-70.81,-46.29,144.0,0.3331485649060031,146.8993559343371,28.399352103536714,0.1479132922059204,113.39547038622368,11,spring,-0.09999999999999432,0.730000000000004,192.0,-71.27,-44.83
D27,2023-11-17 00:00:00+00:00,-71.27,-44.83,-71.17,-45.56,192.0,0.1479132922059204,113.39547038622368,18.916739352312234,0.11259963900185854,357.8176154812367,11,spring,0.1700000000000017,-0.020000000000003126,168.0,-71.1,-44.85
D27,2023-11-24 00:00:00+00:00,-71.1,-44.85,-71.27,-44.83,168.0,0.11259963900185854,357.8176154812367,98.60473450886575,0.2934664717525766,236.8878326810201,11,spring,-0.46999999999999886,-2.3500000000000014,336.0,-71.57,-47.2
D27,2023-12-08 00:00:00+00:00,-71.57,-47.2,-71.1,-44.85,336.0,0.2934664717525766,236.8878326810201,23.18112362921374,0.1379828787453199,324.4516717714966,12,summer,0.1699999999999875,-0.37999999999999545,168.0,-71.4,-47.58
D27,2023-12-15 00:00:00+00:00,-71.4,-47.58,-71.57,-47.2,168.0,0.1379828787453199,324.4516717714966,11.151355586193791,0.07743996934856799,216.99767076000046,12,summer,-0.0799999999999983,-0.19000000000000483,144.0,-71.48,-47.77
D28,2022-01-14 00:00:00+00:00,-73.67,-26.3,-73.62,-25.5,168.0,0.1527279708570076,257.10213646981845,14.501719100804726,0.08631975655240909,212.37421592825268,1,summer,-0.10999999999999943,-0.25,168.0,-73.78,-26.55
D28,2022-01-21 00:00:00+00:00,-73.78,-26.55,-73.67,-26.3,168.0,0.08631975655240909,212.37421592825268,17.231801273493527,0.10257024567555671,194.481826375344,1,summer,-0.15000000000000568,-0.14000000000000057,168.0,-73.93,-26.69
D28,2022-01-28 00:00:00+00:00,-73.93,-26.69,-73.78,-26.55,168.0,0.10257024567555671,194.481826375344,19.10297283739801,0.11370817165117864,188.2515944137096,1,summer,-0.1699999999999875,-0.08999999999999986,168.0,-74.1,-26.78
D28,2022-02-04 00:00:00+00:00,-74.1,-26.78,-73.93,-26.69,168.0,0.11370817165117864,188.2515944137096,21.818988826502302,0.12987493349108514,194.38182015219598,2,summer,-0.19000000000001194,-0.17999999999999972,168.0,-74.29,-26.96
D28,2022-02-11 00:00:00+00:00,-74.29,-26.96,-74.1,-26.78,168.0,0.12987493349108514,194.38182015219598,20.598790272320322,0.12261184685904954,220.69392656698813,2,summer,-0.14000000000000057,-0.4499999999999993,168.0,-74.43,-27.41
D28,2022-02-18 00:00:00+00:00,-74.43,-27.41,-74.29,-26.96,168.0,0.12261184685904954,220.69392656698813,81.77201122268903,0.09734763240796313,268.68025644102704,2,summer,0.0,-2.7399999999999984,840.0,-74.43,-30.15
D28,2022-03-25 00:00:00+00:00,-74.43,-30.15,-74.43,-27.41,840.0,0.09734763240796313,268.68025644102704,26.077429939808454,0.1552227972607646,274.47300485617575,3,autumn,0.020000000000010232,-0.870000000000001,168.0,-74.41,-31.02
D28,2022-04-01 00:00:00+00:00,-74.41,-31.02,-74.43,-30.15,168.0,0.1552227972607646,274.47300485617575,20.57405084020154,0.12246458833453297,260.3415962849933,4,autumn,-0.030000000000001137,-0.6799999999999997,168.0,-74.44,-31.7
D28,2022-04-08 00:00:00+00:00,-74.44,-31.7,-74.41,-31.02,168.0,0.12246458833453297,260.3415962849933,19.945239308463858,0.11872166255038011,243.2239285466605,4,autumn,-0.0799999999999983,-0.5999999999999979,168.0,-74.52,-32.3
D28,2022-04-15 00:00:00+00:00,-74.52,-32.3,-74.44,-31.7,168.0,0.11872166255038011,243.2239285466605,18.03600552182652,0.10735717572515786,231.70684933953558,4,autumn,-0.10000000000000853,-0.480000000000004,168.0,-74.62,-32.78
D28,2022-04-22 00:00:00+00:00,-74.62,-32.78,-74.52,-32.3,168.0,0.10735717572515786,231.70684933953558,15.708188093747909,0.09350111960564231,77.9898932466433,4,autumn,0.030000000000001137,0.5200000000000031,168.0,-74.59,-32.26
D28,2022-04-29 00:00:00+00:00,-74.59,-32.26,-74.62,-32.78,168.0,0.09350111960564231,77.9898932466433,3.2465732236522107,0.019324840616977444,46.80306570727231,4,autumn,0.020000000000010232,0.0799999999999983,168.0,-74.57,-32.18
D28,2022-05-06 00:00:00+00:00,-74.57,-32.18,-74.59,-32.26,168.0,0.019324840616977444,46.80306570727231,188.34748821342492,0.2242232002540773,277.19564354273814,5,autumn,0.29999999999999716,-6.210000000000001,840.0,-74.27,-38.39
D28,2022-06-10 00:00:00+00:00,-74.27,-38.39,-74.57,-32.18,840.0,0.2242232002540773,277.19564354273814,47.29753407192399,0.28153294090430947,251.4835816246474,6,winter,-0.13000000000000966,-1.5,168.0,-74.4,-39.89
D28,2022-06-17 00:00:00+00:00,-74.4,-39.89,-74.27,-38.39,168.0,0.28153294090430947,251.4835816246474,46.835409998805545,0.27878220237384255,311.1035590806234,6,winter,0.28000000000000114,-1.1599999999999966,168.0,-74.12,-41.05
D28,2022-06-24 00:00:00+00:00,-74.12,-41.05,-74.4,-39.89,168.0,0.27878220237384255,311.1035590806234,22.829562788309946,0.1358902546923211,316.6908032472108,6,winter,0.15000000000000568,-0.5100000000000051,168.0,-73.97,-41.56
D28,2022-07-01 00:00:00+00:00,-73.97,-41.56,-74.12,-41.05,168.0,0.1358902546923211,316.6908032472108,37.46525030133915,0.22300744226987587,320.132463361532,7,winter,0.2600000000000051,-0.769999999999996,168.0,-73.71,-42.33
D28,2022-07-08 00:00:00+00:00,-73.71,-42.33,-73.97,-41.56,168.0,0.22300744226987587,320.132463361532,39.470880365908315,0.23494571646373996,343.127357703877,7,winter,0.3399999999999892,-0.35999999999999943,168.0,-73.37,-42.69
D28,2022-07-15 00:00:00+00:00,-73.37,-42.69,-73.71,-42.33,168.0,0.23494571646373996,343.127357703877,21.28156107199335,0.1266759587618652,353.0528469483576,7,winter,0.18999999999999773,-0.0800000000000054,168.0,-73.18,-42.77
D28,2022-07-22 00:00:00+00:00,-73.18,-42.77,-73.37,-42.69,168.0,0.1266759587618652,353.0528469483576,54.91282780281151,0.08171551756370761,305.3026926817015,7,winter,0.29000000000000625,-1.3699999999999974,672.0,-72.89,-44.14
D28,2022-08-19 00:00:00+00:00,-72.89,-44.14,-73.18,-42.77,672.0,0.08171551756370761,305.3026926817015,17.848394119419495,0.1062404411870208,295.62080795219657,8,winter,0.07000000000000739,-0.490000000000002,168.0,-72.82,-44.63
D28,2022-08-26 00:00:00+00:00,-72.82,-44.63,-72.89,-44.14,168.0,0.1062404411870208,295.62080795219657,15.096183946420387,0.08985823777631183,317.29232145557427,8,winter,0.09999999999999432,-0.30999999999999517,168.0,-72.72,-44.94
D28,2022-09-02 00:00:00+00:00,-72.72,-44.94,-72.82,-44.63,168.0,0.08985823777631183,317.29232145557427,45.3513303014293,0.2699483946513649,298.7954566804233,9,spring,0.20000000000000284,-1.1900000000000048,168.0,-72.52,-46.13
D28,2022-09-09 00:00:00+00:00,-72.52,-46.13,-72.72,-44.94,168.0,0.2699483946513649,298.7954566804233,26.654445630596022,0.15865741446783346,314.9016539822728,9,spring,0.1700000000000017,-0.5599999999999952,168.0,-72.35,-46.69
D28,2022-09-16 00:00:00+00:00,-72.35,-46.69,-72.52,-46.13,168.0,0.15865741446783346,314.9016539822728,32.76163467728523,0.19500973022193588,304.86195576510653,9,spring,0.1699999999999875,-0.7899999999999991,168.0,-72.18,-47.48
D28,2022-09-23 00:00:00+00:00,-72.18,-47.48,-72.35,-46.69,168.0,0.19500973022193588,304.86195576510653,113.15852821247384,0.13471253358627838,286.83197397360897,9,spring,0.3200000000000074,-3.1300000000000026,840.0,-71.86,-50.61
D28,2022-10-28 00:00:00+00:00,-71.86,-50.61,-72.18,-47.48,840.0,0.13471253358627838,286.83197397360897,38.77319479368183,0.23079282615286806,269.4678311375496,10,spring,0.0,-1.1199999999999974,168.0,-71.86,-51.73
D28,2022-11-04 00:00:00+00:00,-71.86,-51.73,-71.86,-50.61,168.0,0.23079282615286806,269.4678311375496,28.295849944108426,0.16842767823874064,303.0544837060734,11,spring,0.14000000000000057,-0.6799999999999997,168.0,-71.72,-52.41
D28,2022-11-11 00:00:00+00:00,-71.72,-52.41,-71.86,-51.73,168.0,0.16842767823874064,303.0544837060734,11.218980041882885,0.06677964310644574,275.5361654069633,11,spring,0.010000000000005116,-0.3200000000000003,168.0,-71.71,-52.73
D28,2022-11-18 00:00:00+00:00,-71.71,-52.73,-71.72,-52.41,168.0,0.06677964310644574,275.5361654069633,38.055726078856615,0.22652217904081318,297.41580092184256,11,spring,0.1599999999999966,-0.9600000000000009,168.0,-71.55,-53.69
D28,2022-11-25 00:00:00+00:00,-71.55,-53.69,-71.71,-52.73,168.0,0.22652217904081318,297.41580092184256,22.72277558033315,0.13525461654960208,321.3430029290925,11,spring,0.1599999999999966,-0.4000000000000057,168.0,-71.39,-54.09
D28,2022-12-02 00:00:00+00:00,-71.39,-54.09,-71.55,-53.69,168.0,0.13525461654960208,321.3430029290925,43.10236571818892,0.2565617007035055,318.0490815569438,12,summer,0.29000000000000625,-0.7999999999999972,168.0,-71.1,-54.89
D28,2022-12-09 00:00:00+00:00,-71.1,-54.89,-71.39,-54.09,168.0,0.2565617007035055,318.0490815569438,132.27467361997182,0.1574698495475855,342.91243029456314,12,summer,1.1400000000000006,-1.019999999999996,840.0,-69.96,-55.91
D28,2023-01-13 00:00:00+00:00,-69.96,-55.91,-71.1,-54.89,840.0,0.1574698495475855,342.91243029456314,34.41029143853354,0.2048231633246044,14.306485848124453,1,summer,0.29999999999999716,0.21999999999999886,168.0,-69.66,-55.69
D28,2023-01-20 00:00:00+00:00,-69.66,-55.69,-69.96,-55.91,168.0,0.2048231633246044,14.306485848124453,13.616433803976625,0.08105020121414658,11.526282706208406,1,summer,0.11999999999999034,0.07000000000000028,168.0,-69.54,-55.62
D28,2023-01-27 00:00:00+00:00,-69.54,-55.62,-69.66,-55.69,168.0,0.08105020121414658,11.526282706208406,34.78908799981355,0.20707790476079496,352.1827142794317,1,summer,0.3100000000000023,-0.12000000000000455,168.0,-69.23,-55.74
D28,2023-02-03 00:00:00+00:00,-69.23,-55.74,-69.54,-55.62,168.0,0.20707790476079496,352.1827142794317,11.639091554865258,0.06928030687419796,40.24538337323486,2,summer,0.0799999999999983,0.19000000000000483,168.0,-69.15,-55.55
D28,2023-02-10 00:00:00+00:00,-69.15,-55.55,-69.23,-55.74,168.0,0.06928030687419796,40.24538337323486,14.719971307518835,0.08761887683046925,349.0865445258074,2,summer,0.13000000000000966,-0.07000000000000028,168.0,-69.02,-55.62
D28,2023-02-17 00:00:00+00:00,-69.02,-55.62,-69.15,-55.55,168.0,0.08761887683046925,349.0865445258074,17.795674667513005,0.10592663492567264,1.2912610651490013,2,summer,0.1599999999999966,0.00999999999999801,168.0,-68.86,-55.61
D28,2023-02-24 00:00:00+00:00,-68.86,-55.61,-69.02,-55.62,168.0,0.10592663492567264,1.2912610651490013,64.46618168558649,0.07674545438760297,10.663110737180261,2,summer,0.5699999999999932,0.28999999999999915,840.0,-68.29,-55.32
D28,2023-03-31 00:00:00+00:00,-68.29,-55.32,-68.86,-55.61,840.0,0.07674545438760297,10.663110737180261,27.596967938957725,0.1642676663033198,14.83527547280596,3,autumn,0.2400000000000091,0.1700000000000017,168.0,-68.05,-55.15
D28,2023-04-07 00:00:00+00:00,-68.05,-55.15,-68.29,-55.32,168.0,0.1642676663033198,14.83527547280596,44.81061856366368,0.26672987240276,352.95383161770656,4,autumn,0.3999999999999915,-0.13000000000000256,168.0,-67.65,-55.28
D28,2023-04-14 00:00:00+00:00,-67.65,-55.28,-68.05,-55.15,168.0,0.26672987240276,352.95383161770656,28.9138069445451,0.17210599371753035,359.15283737077397,4,autumn,0.2600000000000051,-0.00999999999999801,168.0,-67.39,-55.29
D28,2023-04-21 00:00:00+00:00,-67.39,-55.29,-67.65,-55.28,168.0,0.17210599371753035,359.15283737077397,59.50270905358606,0.3541827919856313,8.020823139469144,4,autumn,0.5300000000000011,0.18999999999999773,168.0,-66.86,-55.1
D28,2023-04-28 00:00:00+00:00,-66.86,-55.1,-67.39,-55.29,168.0,0.3541827919856313,8.020823139469144,21.852756740897508,0.13007593298153278,23.757258293734935,4,autumn,0.1799999999999926,0.20000000000000284,168.0,-66.68,-54.9
D28,2023-05-05 00:00:00+00:00,-66.68,-54.9,-66.86,-55.1,168.0,0.13007593298153278,23.757258293734935,84.01698824809843,0.5001011205243954,11.831995763928717,5,autumn,0.7400000000000091,0.37999999999999545,168.0,-65.94,-54.52
D28,2023-05-12 00:00:00+00:00,-65.94,-54.52,-66.68,-54.9,168.0,0.5001011205243954,11.831995763928717,203.28619265598726,0.24912523609802362,8.372546429123986,5,autumn,1.8100000000000023,0.6100000000000065,816.0,-64.13,-53.91
D28,2023-06-15 00:00:00+00:00,-64.13,-53.91,-65.94,-54.52,816.0,0.24912523609802362,8.372546429123986,97.00437815612577,0.5052311362298217,184.1673027297479,6,winter,-0.8700000000000045,-0.15000000000000568,192.0,-65.0,-54.06
D28,2023-06-23 00:00:00+00:00,-65.0,-54.06,-64.13,-53.91,192.0,0.5052311362298217,184.1673027297479,182.0794747235007,7.586644780145863,14.243136852343127,6,winter,1.5900000000000034,0.9000000000000057,24.0,-63.41,-53.16
D28,2023-06-24 00:00:00+00:00,-63.41,-53.16,-65.0,-54.06,24.0,7.586644780145863,14.243136852343127,88.70957415912517,0.6160387094383692,335.8918230606524,6,winter,0.7299999999999969,-0.7100000000000009,144.0,-62.68,-53.87
D28,2023-06-30 00:00:00+00:00,-62.68,-53.87,-63.41,-53.16,144.0,0.6160387094383692,335.8918230606524,60.04746860543868,0.3574254083657064,359.50417051609776,6,winter,0.5399999999999991,-0.010000000000005116,168.0,-62.14,-53.88
D28,2023-07-07 00:00:00+00:00,-62.14,-53.88,-62.68,-53.87,168.0,0.3574254083657064,359.50417051609776,54.06504391345998,0.32181573758011894,47.59383469837633,7,winter,0.3299999999999983,0.7600000000000051,168.0,-61.81,-53.12
D28,2023-07-14 00:00:00+00:00,-61.81,-53.12,-62.14,-53.88,168.0,0.32181573758011894,47.59383469837633,0.0,0.0,0.0,7,winter,0.0,0.0,168.0,-61.81,-53.12
D28,2023-07-21 00:00:00+00:00,-61.81,-53.12,-61.81,-53.12,168.0,0.0,0.0,72.97693488609708,0.10859662929478733,351.9724656733933,7,winter,0.6500000000000057,-0.19000000000000483,672.0,-61.16,-53.31
D28,2023-08-18 00:00:00+00:00,-61.16,-53.31,-61.81,-53.12,672.0,0.10859662929478733,351.9724656733933,0.0,0.0,0.0,8,winter,0.0,0.0,168.0,-61.16,-53.31
D28,2023-08-25 00:00:00+00:00,-61.16,-53.31,-61.16,-53.31,168.0,0.0,0.0,97.66175808942704,0.5813199886275419,36.52724494223992,8,winter,0.7099999999999937,1.0600000000000023,168.0,-60.45,-52.25
D28,2023-09-01 00:00:00+00:00,-60.45,-52.25,-61.16,-53.31,168.0,0.5813199886275419,36.52724494223992,52.92676653834037,0.3150402770139308,35.218957770831366,9,spring,0.39000000000000057,0.5499999999999972,168.0,-60.06,-51.7
D28,2023-09-08 00:00:00+00:00,-60.06,-51.7,-60.45,-52.25,168.0,0.3150402770139308,35.218957770831366,89.67162204503566,0.5337596550299741,332.91650949499444,9,spring,0.7199999999999989,-0.7199999999999989,168.0,-59.34,-52.42
D28,2023-09-15 00:00:00+00:00,-59.34,-52.42,-60.06,-51.7,168.0,0.5337596550299741,332.91650949499444,40.242990738481126,0.23954161153857814,24.366934742331864,9,spring,0.3300000000000054,0.28999999999999915,168.0,-59.01,-52.13
D28,2023-09-22 00:00:00+00:00,-59.01,-52.13,-59.34,-52.42,168.0,0.23954161153857814,24.366934742331864,96.89972952741017,0.5046860912885947,9.410291074049212,9,spring,0.8599999999999994,0.2700000000000031,192.0,-58.15,-51.86
D28,2023-09-30 00:00:00+00:00,-58.15,-51.86,-59.01,-52.13,192.0,0.5046860912885947,9.410291074049212,714.4214184806665,0.8755164442165031,71.24700454791571,9,spring,2.549999999999997,10.810000000000002,816.0,-55.6,-41.05
D28,2023-11-03 00:00:00+00:00,-55.6,-41.05,-58.15,-51.86,816.0,0.8755164442165031,71.24700454791571,146.2637471536841,1.0157204663450285,68.5429466564052,11,spring,0.5,2.1400000000000006,144.0,-55.1,-38.91
D28,2023-11-09 00:00:00+00:00,-55.1,-38.91,-55.6,-41.05,144.0,1.0157204663450285,68.5429466564052,169.68857083660475,0.8837946397739831,117.86431441245833,11,spring,-0.6899999999999977,2.3999999999999986,192.0,-55.79,-36.51
D28,2023-11-17 00:00:00+00:00,-55.79,-36.51,-55.1,-38.91,192.0,0.8837946397739831,117.86431441245833,75.25780317146604,0.44796311411586925,95.5821388010279,11,spring,-0.060000000000002274,1.1999999999999957,168.0,-55.85,-35.31
D29A,2022-01-14 00:00:00+00:00,-73.6,-22.78,-73.63,-22.59,168.0,0.0406535967983633,299.1459353684397,4.370054469647856,0.026012228985999145,220.19710007797664,1,summer,-0.030000000000001137,-0.08999999999999986,168.0,-73.63,-22.87
D29A,2022-01-21 00:00:00+00:00,-73.63,-22.87,-73.6,-22.78,168.0,0.026012228985999145,220.19710007797664,52.48729163321322,0.31242435495960247,272.8424382352597,1,summer,0.030000000000001137,-1.6699999999999982,168.0,-73.6,-24.54
D29A,2022-01-28 00:00:00+00:00,-73.6,-24.54,-73.63,-22.87,168.0,0.31242435495960247,272.8424382352597,37.72582735933972,0.22455849618654594,303.58081152601574,1,summer,0.18999999999999773,-0.990000000000002,168.0,-73.41,-25.53
D29A,2022-02-04 00:00:00+00:00,-73.41,-25.53,-73.6,-24.54,168.0,0.22455849618654594,303.58081152601574,88.34311215406926,0.5258518580599361,331.14808569813624,2,summer,0.7000000000000028,-1.2899999999999991,168.0,-72.71,-26.82
D29A,2022-02-11 00:00:00+00:00,-72.71,-26.82,-73.41,-25.53,168.0,0.5258518580599361,331.14808569813624,61.63378760467573,0.36686778336116505,224.64617245811968,2,summer,-0.39000000000000057,-1.3399999999999999,168.0,-73.1,-28.16
D29A,2022-02-18 00:00:00+00:00,-73.1,-28.16,-72.71,-26.82,168.0,0.36686778336116505,224.64617245811968,186.2208211364163,0.22169145373382892,279.3818380123686,2,summer,0.3499999999999943,-5.580000000000002,840.0,-72.75,-33.74
D29A,2022-03-25 00:00:00+00:00,-72.75,-33.74,-73.1,-28.16,840.0,0.22169145373382892,279.3818380123686,16.511280239563074,0.09828142999739925,281.4218888639255,3,autumn,0.030000000000001137,-0.4899999999999949,168.0,-72.72,-34.23
D29A,2022-04-01 00:00:00+00:00,-72.72,-34.23,-72.75,-33.74,168.0,0.09828142999739925,281.4218888639255,32.709789411273555,0.19470112744805687,283.30748440291444,4,autumn,0.06999999999999318,-0.9600000000000009,168.0,-72.65,-35.19
D29A,2022-04-08 00:00:00+00:00,-72.65,-35.19,-72.72,-34.23,168.0,0.19470112744805687,283.30748440291444,48.83577707873572,0.2906891492781888,332.30136256270555,4,autumn,0.39000000000000057,-0.6700000000000017,168.0,-72.26,-35.86
D29A,2022-04-15 00:00:00+00:00,-72.26,-35.86,-72.65,-35.19,168.0,0.2906891492781888,332.30136256270555,33.433754303673254,0.19901044228376938,297.33509762666966,4,autumn,0.14000000000000057,-0.8699999999999974,168.0,-72.12,-36.73
D29A,2022-04-22 00:00:00+00:00,-72.12,-36.73,-72.26,-35.86,168.0,0.19901044228376938,297.33509762666966,12.613681753830624,0.07508143901089658,14.18412240528545,4,autumn,0.10999999999999943,0.0899999999999963,168.0,-72.01,-36.64
D29A,2022-04-29 00:00:00+00:00,-72.01,-36.64,-72.12,-36.73,168.0,0.07508143901089658,14.18412240528545,32.55379468534629,0.19377258741277553,328.4082730655859,4,autumn,0.25,-0.490000000000002,168.0,-71.76,-37.13
D29A,2022-05-06 00:00:00+00:00,-71.76,-37.13,-72.01,-36.64,168.0,0.19377258741277553,328.4082730655859,86.8144901002072,0.10335058345262761,346.495439185288,5,autumn,0.7600000000000051,-0.5599999999999952,840.0,-71.0,-37.69
D29A,2022-06-10 00:00:00+00:00,-71.0,-37.69,-71.76,-37.13,840.0,0.10335058345262761,346.495439185288,105.283639431717,0.6266883299506965,216.7682208144097,6,winter,-0.75,-1.8100000000000023,168.0,-71.75,-39.5
D29A,2022-06-17 00:00:00+00:00,-71.75,-39.5,-71.0,-37.69,168.0,0.6266883299506965,216.7682208144097,69.98955035170225,0.41660446637918,334.50006164641076,6,winter,0.5699999999999932,-0.8400000000000034,168.0,-71.18,-40.34
D29A,2022-06-24 00:00:00+00:00,-71.18,-40.34,-71.75,-39.5,168.0,0.41660446637918,334.50006164641076,25.221654727334425,0.15012889718651443,331.6966714099414,6,winter,0.20000000000000284,-0.3299999999999983,168.0,-70.98,-40.67
D29A,2022-07-01 00:00:00+00:00,-70.98,-40.67,-71.18,-40.34,168.0,0.15012889718651443,331.6966714099414,54.92031018786389,0.3269066082610946,314.62071210703584,7,winter,0.3500000000000085,-1.0599999999999952,168.0,-70.63,-41.73
D29A,2022-07-08 00:00:00+00:00,-70.63,-41.73,-70.98,-40.67,168.0,0.3269066082610946,314.62071210703584,56.14753948007449,0.33421154452425295,8.126295444786535,7,winter,0.5,0.20999999999999375,168.0,-70.13,-41.52
D29A,2022-07-15 00:00:00+00:00,-70.13,-41.52,-70.63,-41.73,168.0,0.33421154452425295,8.126295444786535,32.77152086077951,0.19506857655225898,133.0352344967697,7,winter,-0.20000000000000284,0.6400000000000006,168.0,-70.33,-40.88
D29A,2022-07-22 00:00:00+00:00,-70.33,-40.88,-70.13,-41.52,168.0,0.19506857655225898,133.0352344967697,96.19998611422362,0.1431547412414042,317.9132614448617,7,winter,0.6499999999999915,-1.6699999999999946,672.0,-69.68,-42.55
D29A,2022-08-19 00:00:00+00:00,-69.68,-42.55,-70.33,-40.88,672.0,0.1431547412414042,317.9132614448617,5.613001557388505,0.03341072355588396,172.11050005909988,8,winter,-0.04999999999999716,0.01999999999999602,168.0,-69.73,-42.53
D29A,2022-08-26 00:00:00+00:00,-69.73,-42.53,-69.68,-42.55,168.0,0.03341072355588396,172.11050005909988,21.299966574492274,0.12678551532435878,352.6611314586452,8,winter,0.18999999999999773,-0.07000000000000028,168.0,-69.54,-42.6
D29A,2022-09-02 00:00:00+00:00,-69.54,-42.6,-69.73,-42.53,168.0,0.12678551532435878,352.6611314586452,43.33981629337452,0.25797509698437215,317.72904473272683,9,spring,0.29000000000000625,-0.740000000000002,168.0,-69.25,-43.34
D29A,2022-09-09 00:00:00+00:00,-69.25,-43.34,-69.54,-42.6,168.0,0.25797509698437215,317.72904473272683,27.564253657133015,0.16407293843531556,32.2707891746457,9,spring,0.20999999999999375,0.37000000000000455,168.0,-69.04,-42.97
D29A,2022-09-16 00:00:00+00:00,-69.04,-42.97,-69.25,-43.34,168.0,0.16407293843531556,32.2707891746457,49.95218029006769,0.2973344064884981,16.994033345919206,9,spring,0.4300000000000068,0.35999999999999943,168.0,-68.61,-42.61
D29A,2022-09-23 00:00:00+00:00,-68.61,-42.61,-69.04,-42.97,168.0,0.2973344064884981,16.994033345919206,196.0601514514292,0.23340494220408237,348.43679467014067,9,spring,1.730000000000004,-0.8999999999999986,840.0,-66.88,-43.51
D29A,2022-10-28 00:00:00+00:00,-66.88,-43.51,-68.61,-42.61,840.0,0.23340494220408237,348.43679467014067,55.58215643646437,0.33084616926466887,264.82634552420285,10,spring,-0.04000000000000625,-1.2700000000000031,168.0,-66.92,-44.78
D29A,2022-11-04 00:00:00+00:00,-66.92,-44.78,-66.88,-43.51,168.0,0.33084616926466887,264.82634552420285,61.30709267666298,0.36492317069442254,322.55605417608024,11,spring,0.4399999999999977,-0.8399999999999963,168.0,-66.48,-45.62
D29A,2022-11-11 00:00:00+00:00,-66.48,-45.62,-66.92,-44.78,168.0,0.36492317069442254,322.55605417608024,36.09762946036639,0.21486684202599043,342.620838442037,11,spring,0.3100000000000023,-0.240000000000002,168.0,-66.17,-45.86
D29A,2022-11-18 00:00:00+00:00,-66.17,-45.86,-66.48,-45.62,168.0,0.21486684202599043,342.620838442037,34.040235465071596,0.20262044919685473,348.44484803688596,11,spring,0.29999999999999716,-0.14999999999999858,168.0,-65.87,-46.01
D29A,2022-11-25 00:00:00+00:00,-65.87,-46.01,-66.17,-45.86,168.0,0.20262044919685473,348.44484803688596,32.521827900400005,0.1935823089309524,47.094960277695066,11,spring,0.20000000000000284,0.519999999999996,168.0,-65.67,-45.49
D29A,2022-12-02 00:00:00+00:00,-65.67,-45.49,-65.87,-46.01,168.0,0.1935823089309524,47.094960277695066,23.284267891844838,0.1385968326895526,342.6985440000058,12,summer,0.20000000000000284,-0.14999999999999858,168.0,-65.47,-45.64
D29A,2022-12-09 00:00:00+00:00,-65.47,-45.64,-65.67,-45.49,168.0,0.1385968326895526,342.6985440000058,125.53282051620818,0.14944383394786687,341.0142215099287,12,summer,1.0699999999999932,-0.8500000000000014,840.0,-64.4,-46.49
D29A,2023-01-13 00:00:00+00:00,-64.4,-46.49,-65.47,-45.64,840.0,0.14944383394786687,341.0142215099287,23.22339461100365,0.13823449173216457,24.62212199547423,1,summer,0.19000000000001194,0.20000000000000284,168.0,-64.21,-46.29
D29A,2023-01-20 00:00:00+00:00,-64.21,-46.29,-64.4,-46.49,168.0,0.13823449173216457,24.62212199547423,77.7152101637433,0.4625905366889482,63.39169837804917,1,summer,0.3199999999999932,1.4200000000000017,168.0,-63.89,-44.87
D29A,2023-01-27 00:00:00+00:00,-63.89,-44.87,-64.21,-46.29,168.0,0.4625905366889482,63.39169837804917,55.09412302311132,0.32794120847090075,76.47375188770093,1,summer,0.11999999999999744,1.0899999999999963,168.0,-63.77,-43.78
D29A,2023-02-03 00:00:00+00:00,-63.77,-43.78,-63.89,-44.87,168.0,0.32794120847090075,76.47375188770093,38.94956916947601,0.23184267362783337,80.48710054727923,2,summer,0.060000000000002274,0.7800000000000011,168.0,-63.71,-43.0
D29A,2023-02-10 00:00:00+00:00,-63.71,-43.0,-63.77,-43.78,168.0,0.23184267362783337,80.48710054727923,42.61308823065144,0.2536493347062586,72.11995753829359,2,summer,0.11999999999999744,0.8200000000000003,168.0,-63.59,-42.18
D29A,2023-02-17 00:00:00+00:00,-63.59,-42.18,-63.71,-43.0,168.0,0.2536493347062586,72.11995753829359,40.54106815536888,0.24131588187719574,72.78948743946279,2,summer,0.11000000000000654,0.7800000000000011,168.0,-63.48,-41.4
D29A,2023-02-24 00:00:00+00:00,-63.48,-41.4,-63.59,-42.18,168.0,0.24131588187719574,72.78948743946279,169.15813141775752,0.20137872787828276,77.78652727166224,2,summer,0.35999999999999943,3.289999999999999,840.0,-63.12,-38.11
D29A,2023-03-31 00:00:00+00:00,-63.12,-38.11,-63.48,-41.4,840.0,0.20137872787828276,77.78652727166224,23.224667168457472,0.13824206647891352,95.69995384725485,3,autumn,-0.020000000000003126,0.46000000000000085,168.0,-63.14,-37.65
D29A,2023-04-07 00:00:00+00:00,-63.14,-37.65,-63.12,-38.11,168.0,0.13824206647891352,95.69995384725485,22.041352308432195,0.13119852564542972,101.83360651262848,4,autumn,-0.03999999999999915,0.4299999999999997,168.0,-63.18,-37.22
D29A,2023-04-14 00:00:00+00:00,-63.18,-37.22,-63.14,-37.65,168.0,0.13119852564542972,101.83360651262848,8.344435192174435,0.0496692570962764,143.13064280754236,4,autumn,-0.060000000000002274,0.10000000000000142,168.0,-63.24,-37.12
D29A,2023-04-21 00:00:00+00:00,-63.24,-37.12,-63.18,-37.22,168.0,0.0496692570962764,143.13064280754236,12.653875692110224,0.07532068864351324,134.74800450885635,4,autumn,-0.0799999999999983,0.17999999999999972,168.0,-63.32,-36.94
D29A,2023-04-28 00:00:00+00:00,-63.32,-36.94,-63.24,-37.12,168.0,0.07532068864351324,134.74800450885635,18.266852275183076,0.1087312635427564,119.28518544339488,4,autumn,-0.0799999999999983,0.3200000000000003,168.0,-63.4,-36.62
D29A,2023-05-05 00:00:00+00:00,-63.4,-36.62,-63.32,-36.94,168.0,0.1087312635427564,119.28518544339488,8.96193406023981,0.05334484559666554,90.0804738945838,5,autumn,0.0,0.17999999999999972,168.0,-63.4,-36.44
D29A,2023-05-12 00:00:00+00:00,-63.4,-36.44,-63.4,-36.62,168.0,0.05334484559666554,90.0804738945838,53.34965068238896,0.06537947387547667,94.063222005424,5,autumn,-0.030000000000001137,1.0700000000000003,816.0,-63.43,-35.37
D29A,2023-06-15 00:00:00+00:00,-63.43,-35.37,-63.4,-36.44,816.0,0.06537947387547667,94.063222005424,2.98343906098833,0.015538745109314219,138.2125935402497,6,winter,-0.020000000000003126,0.03999999999999915,192.0,-63.45,-35.33
D29A,2023-06-23 00:00:00+00:00,-63.45,-35.33,-63.43,-35.37,192.0,0.015538745109314219,138.2125935402497,1.1119492664453663,0.04633121943522359,180.0,6,winter,-0.00999999999999801,0.0,24.0,-63.46,-35.33
D29A,2023-06-24 00:00:00+00:00,-63.46,-35.33,-63.45,-35.33,24.0,0.04633121943522359,180.0,61.6729040796403,0.4282840561086132,36.09579994435563,6,winter,0.45000000000000284,0.7199999999999989,144.0,-63.01,-34.61
D29A,2023-06-30 00:00:00+00:00,-63.01,-34.61,-63.46,-35.33,144.0,0.4282840561086132,36.09579994435563,39.31939190161676,0.23404399941438547,103.41422915890979,6,winter,-0.0800000000000054,0.759999999999998,168.0,-63.09,-33.85
D29A,2023-07-07 00:00:00+00:00,-63.09,-33.85,-63.01,-34.61,168.0,0.23404399941438547,103.41422915890979,48.27539110585447,0.28735351848722895,74.36491631953396,7,winter,0.12000000000000455,0.9200000000000017,168.0,-62.97,-32.93
D29A,2023-07-14 00:00:00+00:00,-62.97,-32.93,-63.09,-33.85,168.0,0.28735351848722895,74.36491631953396,0.0,0.0,0.0,7,winter,0.0,0.0,168.0,-62.97,-32.93
D29A,2023-07-21 00:00:00+00:00,-62.97,-32.93,-62.97,-32.93,168.0,0.0,0.0,238.44610585122533,0.3548305146595615,42.28681593244454,7,winter,1.6199999999999974,3.009999999999998,672.0,-61.35,-29.92
D29A,2023-08-18 00:00:00+00:00,-61.35,-29.92,-62.97,-32.93,672.0,0.3548305146595615,42.28681593244454,0.0,0.0,0.0,8,winter,0.0,0.0,168.0,-61.35,-29.92
D29A,2023-08-25 00:00:00+00:00,-61.35,-29.92,-61.35,-29.92,168.0,0.0,0.0,48.53518094012218,0.2888998865483463,89.08654222131986,8,winter,0.00999999999999801,0.9100000000000001,168.0,-61.34,-29.01
D29A,2023-09-01 00:00:00+00:00,-61.34,-29.01,-61.35,-29.92,168.0,0.2888998865483463,89.08654222131986,27.259363382779757,0.16225811537368903,78.45095563330364,9,spring,0.05000000000000426,0.5,168.0,-61.29,-28.51
D29A,2023-09-08 00:00:00+00:00,-61.29,-28.51,-61.34,-29.01,168.0,0.16225811537368903,78.45095563330364,112.80576083488462,0.6714628621124085,20.860421693338594,9,spring,0.9499999999999957,0.7300000000000004,168.0,-60.34,-27.78
D29A,2023-09-15 00:00:00+00:00,-60.34,-27.78,-61.29,-28.51,168.0,0.6714628621124085,20.860421693338594,49.75712944417183,0.29617338954864186,70.78406274315091,9,spring,0.15000000000000568,0.8500000000000014,168.0,-60.19,-26.93
D29A,2023-09-22 00:00:00+00:00,-60.19,-26.93,-60.34,-27.78,168.0,0.29617338954864186,70.78406274315091,57.89615080030329,0.301542452084913,16.32552685655827,9,spring,0.5,0.28999999999999915,192.0,-59.69,-26.64
D29A,2023-09-30 00:00:00+00:00,-59.69,-26.64,-60.19,-26.93,192.0,0.301542452084913,16.32552685655827,126.42477537388288,0.15493232276211139,34.77399293235766,9,spring,0.9399999999999977,1.25,816.0,-58.75,-25.39
D29A,2023-11-03 00:00:00+00:00,-58.75,-25.39,-59.69,-26.64,816.0,0.15493232276211139,34.77399293235766,18.455664547212294,0.1281643371334187,298.69625598182915,11,spring,0.0799999999999983,-0.28000000000000114,144.0,-58.67,-25.67
D29A,2023-11-09 00:00:00+00:00,-58.67,-25.67,-58.75,-25.39,144.0,0.1281643371334187,298.69625598182915,8.831635995567098,0.04599810414357863,319.02036472781265,11,spring,0.060000000000002274,-0.09999999999999787,192.0,-58.61,-25.77
D29A,2023-11-17 00:00:00+00:00,-58.61,-25.77,-58.67,-25.67,192.0,0.04599810414357863,319.02036472781265,16.06076324690528,0.09559978123157906,139.67985475728915,11,spring,-0.10999999999999943,0.17999999999999972,168.0,-58.72,-25.59
D29A,2023-11-24 00:00:00+00:00,-58.72,-25.59,-58.61,-25.77,168.0,0.09559978123157906,139.67985475728915,200.31470147848432,0.5961747067812033,349.0033725652672,11,spring,1.769999999999996,-0.629999999999999,336.0,-56.95,-26.22
D29A,2023-12-08 00:00:00+00:00,-56.95,-26.22,-58.72,-25.59,336.0,0.5961747067812033,349.0033725652672,458.081146971635,2.72667349387878,160.70377627950927,12,summer,-3.8599999999999994,2.789999999999999,168.0,-60.81,-23.43
D29A,2023-12-15 00:00:00+00:00,-60.81,-23.43,-56.95,-26.22,168.0,2.72667349387878,160.70377627950927,170.46973202851785,1.183817583531374,75.80455528318907,12,summer,0.4100000000000037,3.009999999999998,144.0,-60.4,-20.42
D29B,2022-01-14 00:00:00+00:00,-71.21,-13.82,-71.09,-13.29,168.0,0.13839697558360545,234.72753619262664,25.134867795043046,0.14961230830382766,279.86582279341553,1,summer,0.03999999999999204,-0.6899999999999995,168.0,-71.17,-14.51
D29B,2022-01-21 00:00:00+00:00,-71.17,-14.51,-71.21,-13.82,168.0,0.14961230830382766,279.86582279341553,99.73625195386127,0.5936681663920313,216.85509656890508,1,summer,-0.7099999999999937,-1.7299999999999986,168.0,-71.88,-16.24
D29B,2022-01-28 00:00:00+00:00,-71.88,-16.24,-71.17,-14.51,168.0,0.5936681663920313,216.85509656890508,49.096465940487796,0.29224086869337973,214.98651021341334,1,summer,-0.35999999999999943,-0.8300000000000018,168.0,-72.24,-17.07
D29B,2022-02-04 00:00:00+00:00,-72.24,-17.07,-71.88,-16.24,168.0,0.29224086869337973,214.98651021341334,44.98654960773603,0.26777708099842873,231.33606012465972,2,summer,-0.25,-1.0500000000000007,168.0,-72.49,-18.12
D29B,2022-02-11 00:00:00+00:00,-72.49,-18.12,-72.24,-17.07,168.0,0.26777708099842873,231.33606012465972,119.85024440939299,0.7133943119606725,230.2133672963693,2,summer,-0.6700000000000017,-2.8599999999999994,168.0,-73.16,-20.98
D29B,2022-02-18 00:00:00+00:00,-73.16,-20.98,-72.49,-18.12,168.0,0.7133943119606725,230.2133672963693,213.20932911225023,0.253820629895536,235.475262333427,2,summer,-1.0100000000000051,-5.800000000000001,840.0,-74.17,-26.78
D29B,2022-03-25 00:00:00+00:00,-74.17,-26.78,-73.16,-20.98,840.0,0.253820629895536,235.475262333427,36.801941829355236,0.21905917755568594,208.5278604912081,3,autumn,-0.28999999999999204,-0.5899999999999999,168.0,-74.46,-27.37
D29B,2022-04-01 00:00:00+00:00,-74.46,-27.37,-74.17,-26.78,168.0,0.21905917755568594,208.5278604912081,34.475016605573664,0.2052084321760337,231.7642026352604,4,autumn,-0.19000000000001194,-0.9199999999999982,168.0,-74.65,-28.29
D29B,2022-04-08 00:00:00+00:00,-74.65,-28.29,-74.46,-27.37,168.0,0.2052084321760337,231.7642026352604,92.53040841936185,0.5507762405914396,288.9816733610389,4,autumn,0.29000000000000625,-2.9200000000000017,168.0,-74.36,-31.21
D29B,2022-04-15 00:00:00+00:00,-74.36,-31.21,-74.65,-28.29,168.0,0.5507762405914396,288.9816733610389,10.533917408695233,0.06270188933747163,198.13636809222274,4,autumn,-0.09000000000000341,-0.10999999999999943,168.0,-74.45,-31.32
D29B,2022-04-22 00:00:00+00:00,-74.45,-31.32,-74.36,-31.21,168.0,0.06270188933747163,198.13636809222274,16.660476278755944,0.09916950165926157,159.22507180689308,4,autumn,-0.14000000000000057,0.1999999999999993,168.0,-74.59,-31.12
D29B,2022-04-29 00:00:00+00:00,-74.59,-31.12,-74.45,-31.32,168.0,0.09916950165926157,159.22507180689308,5.761621732545709,0.03429536745562922,112.79163247955972,4,autumn,-0.01999999999999602,0.17999999999999972,168.0,-74.61,-30.94
D29B,2022-05-06 00:00:00+00:00,-74.61,-30.94,-74.59,-31.12,168.0,0.03429536745562922,112.79163247955972,188.75969156544565,0.22471391853029243,269.28440624644236,5,autumn,0.06999999999999318,-6.379999999999999,840.0,-74.54,-37.32
D29B,2022-06-10 00:00:00+00:00,-74.54,-37.32,-74.61,-30.94,840.0,0.22471391853029243,269.28440624644236,51.336601914887666,0.30557501139814086,265.44094908670394,6,winter,-0.029999999999986926,-1.7299999999999969,168.0,-74.57,-39.05
D29B,2022-06-17 00:00:00+00:00,-74.57,-39.05,-74.54,-37.32,168.0,0.30557501139814086,265.44094908670394,50.30755615761918,0.2994497390334475,318.183186372338,6,winter,0.3399999999999892,-1.1099999999999994,168.0,-74.23,-40.16
D29B,2022-06-24 00:00:00+00:00,-74.23,-40.16,-74.57,-39.05,168.0,0.2994497390334475,318.183186372338,26.893435106842073,0.16007997087405995,286.41416436996906,6,winter,0.07000000000000739,-0.8500000000000014,168.0,-74.16,-41.01
D29B,2022-07-01 00:00:00+00:00,-74.16,-41.01,-74.23,-40.16,168.0,0.16007997087405995,286.41416436996906,35.837661343411284,0.2133194127584005,310.23115024176354,7,winter,0.20999999999999375,-0.8900000000000006,168.0,-73.95,-41.9
D29B,2022-07-08 00:00:00+00:00,-73.95,-41.9,-74.16,-41.01,168.0,0.2133194127584005,310.23115024176354,30.987825687894567,0.18445134338032482,338.728877726876,7,winter,0.2600000000000051,-0.35999999999999943,168.0,-73.69,-42.26
D29B,2022-07-15 00:00:00+00:00,-73.69,-42.26,-73.95,-41.9,168.0,0.18445134338032482,338.728877726876,15.567289730238285,0.09266243887046598,0.0,7,winter,0.14000000000000057,0.0,168.0,-73.55,-42.26
D29B,2022-07-22 00:00:00+00:00,-73.55,-42.26,-73.69,-42.26,168.0,0.09266243887046598,0.0,64.07740026192924,0.09535327419929947,301.72570961251375,7,winter,0.3100000000000023,-1.7000000000000028,672.0,-73.24,-43.96
D29B,2022-08-19 00:00:00+00:00,-73.24,-43.96,-73.55,-42.26,672.0,0.09535327419929947,301.72570961251375,26.507330413264153,0.15778172865038187,311.8655622803191,8,winter,0.1599999999999966,-0.6099999999999994,168.0,-73.08,-44.57
D29B,2022-08-26 00:00:00+00:00,-73.08,-44.57,-73.24,-43.96,168.0,0.15778172865038187,311.8655622803191,13.76494294001201,0.08193418416673814,323.7630130616622,8,winter,0.09999999999999432,-0.25,168.0,-72.98,-44.82
D29B,2022-09-02 00:00:00+00:00,-72.98,-44.82,-73.08,-44.57,168.0,0.08193418416673814,323.7630130616622,41.01869892134575,0.24415892215086757,304.2059842953167,9,spring,0.21000000000000796,-1.0300000000000011,168.0,-72.77,-45.85
D29B,2022-09-09 00:00:00+00:00,-72.77,-45.85,-72.98,-44.82,168.0,0.24415892215086757,304.2059842953167,26.725432520808997,0.15907995548100592,302.4185323516704,9,spring,0.12999999999999545,-0.6799999999999997,168.0,-72.64,-46.53
D29B,2022-09-16 00:00:00+00:00,-72.64,-46.53,-72.77,-45.85,168.0,0.15907995548100592,302.4185323516704,28.70666651015871,0.17087301494142088,328.23287037060976,9,spring,0.21999999999999886,-0.44999999999999574,168.0,-72.42,-46.98
D29B,2022-09-23 00:00:00+00:00,-72.42,-46.98,-72.64,-46.53,168.0,0.17087301494142088,328.23287037060976,115.37914224144127,0.1373561217160015,297.3834764663961,9,spring,0.5,-2.970000000000006,840.0,-71.92,-49.95
D29B,2022-10-28 00:00:00+00:00,-71.92,-49.95,-72.42,-46.98,840.0,0.1373561217160015,297.3834764663961,39.03685796874494,0.23236224981395798,266.19715610521723,10,spring,-0.01999999999999602,-1.1299999999999955,168.0,-71.94,-51.08
D29B,2022-11-04 00:00:00+00:00,-71.94,-51.08,-71.92,-49.95,168.0,0.23236224981395798,266.19715610521723,32.79663631399827,0.19521807329760876,317.9358951563025,11,spring,0.21999999999999886,-0.6300000000000026,168.0,-71.72,-51.71
D29B,2022-11-11 00:00:00+00:00,-71.72,-51.71,-71.94,-51.08,168.0,0.19521807329760876,317.9358951563025,8.792272491777405,0.05233495530819884,277.14688707760484,11,spring,0.010000000000005116,-0.25,168.0,-71.71,-51.96
D29B,2022-11-18 00:00:00+00:00,-71.71,-51.96,-71.72,-51.71,168.0,0.05233495530819884,277.14688707760484,38.52978350394333,0.2293439494282341,291.550072385521,11,spring,0.12999999999999545,-1.019999999999996,168.0,-71.58,-52.98
D29B,2022-11-25 00:00:00+00:00,-71.58,-52.98,-71.71,-51.96,168.0,0.2293439494282341,291.550072385521,15.340459243189825,0.09131225739993944,316.31368519336996,11,spring,0.09999999999999432,-0.30000000000000426,168.0,-71.48,-53.28
D29B,2022-12-02 00:00:00+00:00,-71.48,-53.28,-71.58,-52.98,168.0,0.09131225739993944,316.31368519336996,46.6796139641469,0.27785484502468394,321.43608500380554,12,summer,0.3299999999999983,-0.8100000000000023,168.0,-71.15,-54.09
D29B,2022-12-09 00:00:00+00:00,-71.15,-54.09,-71.48,-53.28,168.0,0.27785484502468394,321.43608500380554,111.50392560126859,0.1327427685729388,326.10270969959834,12,summer,0.8400000000000034,-1.6599999999999966,840.0,-70.31,-55.75
D29B,2023-01-13 00:00:00+00:00,-70.31,-55.75,-71.15,-54.09,840.0,0.1327427685729388,326.10270969959834,20.01862367723159,0.11915847426923566,1.081769358142651,1,summer,0.18000000000000682,0.00999999999999801,168.0,-70.13,-55.74
D29B,2023-01-20 00:00:00+00:00,-70.13,-55.74,-70.31,-55.75,168.0,0.11915847426923566,1.081769358142651,20.244126937218113,0.12050075557867924,351.3354250221938,1,summer,0.1799999999999926,-0.0799999999999983,168.0,-69.95,-55.82
D29B,2023-01-27 00:00:00+00:00,-69.95,-55.82,-70.13,-55.74,168.0,0.12050075557867924,351.3354250221938,31.219607709299055,0.18583099826963723,355.7420941281396,1,summer,0.28000000000000114,-0.060000000000002274,168.0,-69.67,-55.88
D29B,2023-02-03 00:00:00+00:00,-69.67,-55.88,-69.95,-55.82,168.0,0.18583099826963723,355.7420941281396,13.000956246386178,0.07738664432372724,126.90320158812648,2,summer,-0.06999999999999318,0.2700000000000031,168.0,-69.74,-55.61
D29B,2023-02-10 00:00:00+00:00,-69.74,-55.61,-69.67,-55.88,168.0,0.07738664432372724,126.90320158812648,45.220663936660976,0.26917061867060105,10.497365575743686,2,summer,0.3999999999999915,0.21000000000000085,168.0,-69.34,-55.4
D29B,2023-02-17 00:00:00+00:00,-69.34,-55.4,-69.74,-55.61,168.0,0.26917061867060105,10.497365575743686,26.524290014492646,0.15788267865769431,337.14016757062603,2,summer,0.21999999999999886,-0.259999999999998,168.0,-69.12,-55.66
D29B,2023-02-24 00:00:00+00:00,-69.12,-55.66,-69.34,-55.4,168.0,0.15788267865769431,337.14016757062603,63.999025450358076,0.07618931601233105,17.359017666451905,2,summer,0.5500000000000114,0.46999999999999886,840.0,-68.57,-55.19
D29B,2023-03-31 00:00:00+00:00,-68.57,-55.19,-69.12,-55.66,840.0,0.07618931601233105,17.359017666451905,26.725737597919213,0.1590817714161858,16.964372440700004,3,autumn,0.22999999999998977,0.18999999999999773,168.0,-68.34,-55.0
D29B,2023-04-07 00:00:00+00:00,-68.34,-55.0,-68.57,-55.19,168.0,0.1590817714161858,16.964372440700004,43.36799671300113,0.2581428375773877,0.5515191341133345,4,autumn,0.39000000000000057,0.00999999999999801,168.0,-67.95,-54.99
D29B,2023-04-14 00:00:00+00:00,-67.95,-54.99,-68.34,-55.0,168.0,0.2581428375773877,0.5515191341133345,35.5923047605219,0.21185895690786843,1.3626293978406352,4,autumn,0.3200000000000074,0.020000000000003126,168.0,-67.63,-54.97
D29B,2023-04-21 00:00:00+00:00,-67.63,-54.97,-67.95,-54.99,168.0,0.21185895690786843,1.3626293978406352,52.3052855419566,0.3113409853687893,2.364666482745804,4,autumn,0.46999999999999886,0.04999999999999716,168.0,-67.16,-54.92
D29B,2023-04-28 00:00:00+00:00,-67.16,-54.92,-67.63,-54.97,168.0,0.3113409853687893,2.364666482745804,14.838115646331396,0.08832211694244878,26.007623093411155,4,autumn,0.11999999999999034,0.14999999999999858,168.0,-67.04,-54.77
D29B,2023-05-05 00:00:00+00:00,-67.04,-54.77,-67.16,-54.92,168.0,0.08832211694244878,26.007623093411155,98.88144506463729,0.5885800301466505,15.00335547482581,5,autumn,0.8599999999999994,0.5700000000000003,168.0,-66.18,-54.2
D29B,2023-05-12 00:00:00+00:00,-66.18,-54.2,-67.04,-54.77,168.0,0.5885800301466505,15.00335547482581,149.0019141698088,0.18260038501202058,359.81819923549364,5,autumn,1.3400000000000034,-0.00999999999999801,816.0,-64.84,-54.21
D29B,2023-06-15 00:00:00+00:00,-64.84,-54.21,-66.18,-54.2,816.0,0.18260038501202058,359.81819923549364,75.26970215782326,0.39202969873866284,163.99099013546606,6,winter,-0.6499999999999915,0.45000000000000284,192.0,-65.49,-53.76
D29B,2023-06-23 00:00:00+00:00,-65.49,-53.76,-64.84,-54.21,192.0,0.39202969873866284,163.99099013546606,209.0813651160861,8.711723546503586,1.0837698687146826,6,winter,1.8799999999999955,0.0799999999999983,24.0,-63.61,-53.68
D29B,2023-06-24 00:00:00+00:00,-63.61,-53.68,-65.49,-53.76,24.0,8.711723546503586,1.0837698687146826,59.36864078570722,0.41228222767852235,346.7690520974805,6,winter,0.519999999999996,-0.2700000000000031,144.0,-63.09,-53.95
D29B,2023-06-30 00:00:00+00:00,-63.09,-53.95,-63.61,-53.68,144.0,0.41228222767852235,346.7690520974805,67.47031963087554,0.4016090454218782,342.74115133215025,6,winter,0.5800000000000054,-0.39000000000000057,168.0,-62.51,-54.34
D29B,2023-07-07 00:00:00+00:00,-62.51,-54.34,-63.09,-53.95,168.0,0.4016090454218782,342.74115133215025,68.14557114820593,0.40562839969170195,325.9987214141971,7,winter,0.509999999999998,-0.7299999999999969,168.0,-62.0,-55.07
D29B,2023-07-14 00:00:00+00:00,-62.0,-55.07,-62.51,-54.34,168.0,0.40562839969170195,325.9987214141971,0.0,0.0,0.0,7,winter,0.0,0.0,168.0,-62.0,-55.07
D29B,2023-07-21 00:00:00+00:00,-62.0,-55.07,-62.0,-55.07,168.0,0.0,0.0,123.15286525826855,0.1832631923486139,6.809433907447442,7,winter,1.1000000000000014,0.2700000000000031,672.0,-60.9,-54.8
D29B,2023-08-18 00:00:00+00:00,-60.9,-54.8,-62.0,-55.07,672.0,0.1832631923486139,6.809433907447442,0.0,0.0,0.0,8,winter,0.0,0.0,168.0,-60.9,-54.8
D29B,2023-08-25 00:00:00+00:00,-60.9,-54.8,-60.9,-54.8,168.0,0.0,0.0,106.41809448276457,0.6334410385878844,20.17088474927965,8,winter,0.8999999999999986,0.6599999999999966,168.0,-60.0,-54.14
D29B,2023-09-01 00:00:00+00:00,-60.0,-54.14,-60.9,-54.8,168.0,0.6334410385878844,20.17088474927965,78.87187518273635,0.4694754475162878,63.72938005875483,9,spring,0.3200000000000003,1.259999999999998,168.0,-59.68,-52.88
D29B,2023-09-08 00:00:00+00:00,-59.68,-52.88,-60.0,-54.14,168.0,0.4694754475162878,63.72938005875483,20.672786885920456,0.12305230289238367,57.59436942566845,9,spring,0.10000000000000142,0.3100000000000023,168.0,-59.58,-52.57
D29B,2023-09-15 00:00:00+00:00,-59.58,-52.57,-59.68,-52.88,168.0,0.12305230289238367,57.59436942566845,80.30463143272033,0.4780037585280972,4.517743891444923,9,spring,0.7199999999999989,0.10999999999999943,168.0,-58.86,-52.46
D29B,2023-09-22 00:00:00+00:00,-58.86,-52.46,-59.58,-52.57,168.0,0.4780037585280972,4.517743891444923,68.99970542146893,0.35937346573681733,177.6547657953555,9,spring,-0.6199999999999974,0.05000000000000426,192.0,-59.48,-52.41
D29B,2023-09-30 00:00:00+00:00,-59.48,-52.41,-58.86,-52.46,192.0,0.35937346573681733,177.6547657953555,703.0525394182117,0.8615839943850634,63.74267776908755,9,spring,3.229999999999997,10.239999999999995,816.0,-56.25,-42.17
D29B,2023-11-03 00:00:00+00:00,-56.25,-42.17,-59.48,-52.41,816.0,0.8615839943850634,63.74267776908755,72.04705039251681,0.5003267388369222,61.84061530504022,11,spring,0.3100000000000023,1.0200000000000031,144.0,-55.94,-41.15
D29B,2023-11-09 00:00:00+00:00,-55.94,-41.15,-56.25,-42.17,144.0,0.5003267388369222,61.84061530504022,57.37340970572617,0.2988198422173238,227.00513571401947,11,spring,-0.3500000000000014,-0.6799999999999997,192.0,-56.29,-41.83
D29B,2023-11-17 00:00:00+00:00,-56.29,-41.83,-55.94,-41.15,192.0,0.2988198422173238,227.00513571401947,111.402247397875,0.6631086154635417,191.83449326213213,11,spring,-0.980000000000004,-0.38000000000000256,168.0,-57.27,-42.21
D29B,2023-11-24 00:00:00+00:00,-57.27,-42.21,-56.29,-41.83,168.0,0.6631086154635417,191.83449326213213,97.19659802020264,0.2892755893458412,86.08409780245825,11,spring,0.07000000000000028,1.6099999999999994,336.0,-57.2,-40.6
D29B,2023-12-08 00:00:00+00:00,-57.2,-40.6,-57.27,-42.21,336.0,0.2892755893458412,86.08409780245825,16.59311140611237,0.0987685202744784,232.8142900900547,12,summer,-0.0899999999999963,-0.21999999999999886,168.0,-57.29,-40.82
D29B,2023-12-15 00:00:00+00:00,-57.29,-40.82,-57.2,-40.6,168.0,0.0987685202744784,232.8142900900547,13.936232209292148,0.09677939034230659,142.98736522093418,12,summer,-0.10000000000000142,0.14000000000000057,144.0,-57.39,-40.68
D29C,2022-01-14 00:00:00+00:00,-73.57,-25.02,-73.67,-24.01,168.0,0.19979793619110797,288.8607320740888,26.434020630531332,0.15734536089601983,267.1863393584144,1,summer,-0.010000000000005116,-0.8399999999999999,168.0,-73.58,-25.86
D29C,2022-01-21 00:00:00+00:00,-73.58,-25.86,-73.57,-25.02,168.0,0.15734536089601983,267.1863393584144,3.358019337800815,0.01998821034405247,48.56553774171465,1,summer,0.01999999999999602,0.0799999999999983,168.0,-73.56,-25.78
D29C,2022-01-28 00:00:00+00:00,-73.56,-25.78,-73.58,-25.86,168.0,0.01998821034405247,48.56553774171465,9.85319511892832,0.0586499709460019,312.5078235577106,1,summer,0.060000000000002274,-0.23000000000000043,168.0,-73.5,-26.01
D29C,2022-02-04 00:00:00+00:00,-73.5,-26.01,-73.56,-25.78,168.0,0.0586499709460019,312.5078235577106,18.291967353652346,0.10888075805745444,259.21919249353704,2,summer,-0.030000000000001137,-0.5699999999999967,168.0,-73.53,-26.58
D29C,2022-02-11 00:00:00+00:00,-73.53,-26.58,-73.5,-26.01,168.0,0.10888075805745444,259.21919249353704,32.81543622913507,0.1953299775543754,226.9676784777026,2,summer,-0.20000000000000284,-0.7700000000000031,168.0,-73.73,-27.35
D29C,2022-02-18 00:00:00+00:00,-73.73,-27.35,-73.53,-26.58,168.0,0.1953299775543754,226.9676784777026,169.48477300481767,0.20176758691049723,298.56414403232804,2,summer,0.7800000000000011,-4.57,840.0,-72.95,-31.92
D29C,2022-03-25 00:00:00+00:00,-72.95,-31.92,-73.73,-27.35,840.0,0.20176758691049723,298.56414403232804,40.35181671538095,0.24018938521060088,256.68664821125606,3,autumn,-0.0799999999999983,-1.2100000000000009,168.0,-73.03,-33.13
D29C,2022-04-01 00:00:00+00:00,-73.03,-33.13,-72.95,-31.92,168.0,0.24018938521060088,256.68664821125606,36.713893039549106,0.21853507761636373,250.02857698644098,4,autumn,-0.10999999999999943,-1.0700000000000003,168.0,-73.14,-34.2
D29C,2022-04-08 00:00:00+00:00,-73.14,-34.2,-73.03,-33.13,168.0,0.21853507761636373,250.02857698644098,36.52387623601076,0.21740402521434973,324.978236402686,4,autumn,0.269999999999996,-0.6400000000000006,168.0,-72.87,-34.84
D29C,2022-04-15 00:00:00+00:00,-72.87,-34.84,-73.14,-34.2,168.0,0.21740402521434973,324.978236402686,18.93036366911827,0.11268073612570399,290.37802173311536,4,autumn,0.060000000000002274,-0.5399999999999991,168.0,-72.81,-35.38
D29C,2022-04-22 00:00:00+00:00,-72.81,-35.38,-72.87,-34.84,168.0,0.11268073612570399,290.37802173311536,4.5559908954154436,0.027118993425091924,347.4741257417112,4,autumn,0.04000000000000625,-0.02999999999999403,168.0,-72.77,-35.41
D29C,2022-04-29 00:00:00+00:00,-72.77,-35.41,-72.81,-35.38,168.0,0.027118993425091924,347.4741257417112,30.240923527370434,0.18000549718672879,320.27086652385645,4,autumn,0.20999999999999375,-0.5800000000000054,168.0,-72.56,-35.99
D29C,2022-05-06 00:00:00+00:00,-72.56,-35.99,-72.77,-35.41,168.0,0.18000549718672879,320.27086652385645,91.39725902616053,0.10880626074542919,323.85014718929347,5,autumn,0.6700000000000017,-1.5599999999999952,840.0,-71.89,-37.55
D29C,2022-06-10 00:00:00+00:00,-71.89,-37.55,-72.56,-35.99,840.0,0.10880626074542919,323.85014718929347,105.4533096174048,0.6276982715321714,227.27680901039886,6,winter,-0.6299999999999955,-2.3200000000000003,168.0,-72.52,-39.87
D29C,2022-06-17 00:00:00+00:00,-72.52,-39.87,-71.89,-37.55,168.0,0.6276982715321714,227.27680901039886,60.95514082797979,0.3628282192141654,330.7012180283513,6,winter,0.47999999999998977,-0.8700000000000045,168.0,-72.04,-40.74
D29C,2022-06-24 00:00:00+00:00,-72.04,-40.74,-72.52,-39.87,168.0,0.3628282192141654,330.7012180283513,27.462068932290034,0.16346469602553593,338.49668909533966,6,winter,0.23000000000000398,-0.28999999999999915,168.0,-71.81,-41.03
D29C,2022-07-01 00:00:00+00:00,-71.81,-41.03,-72.04,-40.74,168.0,0.16346469602553593,338.49668909533966,52.44127801123407,0.31215046435258376,313.89456914932094,7,winter,0.3299999999999983,-1.0700000000000003,168.0,-71.48,-42.1
D29C,2022-07-08 00:00:00+00:00,-71.48,-42.1,-71.81,-41.03,168.0,0.31215046435258376,313.89456914932094,61.15720965450699,0.3640310098482559,0.0,7,winter,0.5499999999999972,0.0,168.0,-70.93,-42.1
D29C,2022-07-15 00:00:00+00:00,-70.93,-42.1,-71.48,-42.1,168.0,0.3640310098482559,0.0,16.158563037856226,0.09618192284438229,128.4327351138594,7,winter,-0.0899999999999892,0.3500000000000014,168.0,-71.02,-41.75
D29C,2022-07-22 00:00:00+00:00,-71.02,-41.75,-70.93,-42.1,168.0,0.09618192284438229,128.4327351138594,97.43803842795722,0.14499708099398395,297.52827146253406,7,winter,0.4200000000000017,-2.3400000000000034,672.0,-70.6,-44.09
D29C,2022-08-19 00:00:00+00:00,-70.6,-44.09,-71.02,-41.75,672.0,0.14499708099398395,297.52827146253406,27.073527900331264,0.1611519517876861,245.43461636088733,8,winter,-0.10000000000000853,-0.6699999999999946,168.0,-70.7,-44.76
D29C,2022-08-26 00:00:00+00:00,-70.7,-44.76,-70.6,-44.09,168.0,0.1611519517876861,245.43461636088733,14.474136838473669,0.08615557641948612,357.0702635073929,8,winter,0.13000000000000966,-0.020000000000003126,168.0,-70.57,-44.78
D29C,2022-09-02 00:00:00+00:00,-70.57,-44.78,-70.7,-44.76,168.0,0.08615557641948612,357.0702635073929,52.71303105946934,0.31376804202065084,310.33214263718037,9,spring,0.30999999999998806,-1.0700000000000003,168.0,-70.26,-45.85
D29C,2022-09-09 00:00:00+00:00,-70.26,-45.85,-70.57,-44.78,168.0,0.31376804202065084,310.33214263718037,20.700025056250762,0.1232144348586355,14.846288573189213,9,spring,0.18000000000000682,0.14000000000000057,168.0,-70.08,-45.71
D29C,2022-09-16 00:00:00+00:00,-70.08,-45.71,-70.26,-45.85,168.0,0.1232144348586355,14.846288573189213,25.1210724883367,0.14953019338295656,13.215240657172671,9,spring,0.21999999999999886,0.14999999999999858,168.0,-69.86,-45.56
D29C,2022-09-23 00:00:00+00:00,-69.86,-45.56,-70.08,-45.71,168.0,0.14953019338295656,13.215240657172671,101.48918078081087,0.12082045331048913,355.4856006601047,9,spring,0.9099999999999966,-0.19999999999999574,840.0,-68.95,-45.76
D29C,2022-10-28 00:00:00+00:00,-68.95,-45.76,-69.86,-45.56,840.0,0.12082045331048913,355.4856006601047,69.88859501768928,0.41600354177196003,243.81907907683814,10,spring,-0.269999999999996,-1.5900000000000034,168.0,-69.22,-47.35
D29C,2022-11-04 00:00:00+00:00,-69.22,-47.35,-68.95,-45.76,168.0,0.41600354177196003,243.81907907683814,26.918873116554476,0.16023138759853855,294.10799660603766,11,spring,0.09999999999999432,-0.6199999999999974,168.0,-69.12,-47.97
D29C,2022-11-11 00:00:00+00:00,-69.12,-47.97,-69.22,-47.35,168.0,0.16023138759853855,294.10799660603766,21.36878928284481,0.12719517430264768,51.5557940677711,11,spring,0.12000000000000455,0.4200000000000017,168.0,-69.0,-47.55
D29C,2022-11-18 00:00:00+00:00,-69.0,-47.55,-69.12,-47.97,168.0,0.12719517430264768,51.5557940677711,20.336446638503567,0.12105027761014028,349.7586414922368,11,spring,0.18000000000000682,-0.09000000000000341,168.0,-68.82,-47.64
D29C,2022-11-25 00:00:00+00:00,-68.82,-47.64,-69.0,-47.55,168.0,0.12105027761014028,349.7586414922368,8.477135866999191,0.05045914206547138,38.152529961011055,11,spring,0.05999999999998806,0.13000000000000256,168.0,-68.76,-47.51
D29C,2022-12-02 00:00:00+00:00,-68.76,-47.51,-68.82,-47.64,168.0,0.05045914206547138,38.152529961011055,20.404810848223978,0.12145720742990462,22.20736154702996,12,summer,0.1700000000000017,0.18999999999999773,168.0,-68.59,-47.32
D29C,2022-12-09 00:00:00+00:00,-68.59,-47.32,-68.76,-47.51,168.0,0.12145720742990462,22.20736154702996,22.664861039122552,0.026981977427526848,295.96953114609,12,summer,0.09000000000000341,-0.5,840.0,-68.5,-47.82
D29C,2023-01-13 00:00:00+00:00,-68.5,-47.82,-68.59,-47.32,840.0,0.026981977427526848,295.96953114609,12.934445413216258,0.07699074650723962,313.3447602624375,1,summer,0.0799999999999983,-0.22999999999999687,168.0,-68.42,-48.05
D29C,2023-01-20 00:00:00+00:00,-68.42,-48.05,-68.5,-47.82,168.0,0.07699074650723962,313.3447602624375,13.864304443983212,0.08252562169037626,208.0136874051199,1,summer,-0.10999999999999943,-0.1600000000000037,168.0,-68.53,-48.21
D29C,2023-01-27 00:00:00+00:00,-68.53,-48.21,-68.42,-48.05,168.0,0.08252562169037626,208.0136874051199,3.058822424202419,0.018207276334538208,68.71592143866167,1,summer,0.010000000000005116,0.07000000000000028,168.0,-68.52,-48.14
D29C,2023-02-03 00:00:00+00:00,-68.52,-48.14,-68.53,-48.21,168.0,0.018207276334538208,68.71592143866167,16.159615070745854,0.0961881849449158,220.68623697052723,2,summer,-0.10999999999999943,-0.259999999999998,168.0,-68.63,-48.4
D29C,2023-02-10 00:00:00+00:00,-68.63,-48.4,-68.52,-48.14,168.0,0.0961881849449158,220.68623697052723,6.6511970397088565,0.03959045856969558,326.66791265058964,2,summer,0.04999999999999716,-0.09000000000000341,168.0,-68.58,-48.49
D29C,2023-02-17 00:00:00+00:00,-68.58,-48.49,-68.63,-48.4,168.0,0.03959045856969558,326.66791265058964,12.182562876911554,0.07251525521971162,269.8603606984828,2,summer,0.0,-0.29999999999999716,168.0,-68.58,-48.79
D29C,2023-02-24 00:00:00+00:00,-68.58,-48.79,-68.58,-48.49,168.0,0.07251525521971162,269.8603606984828,68.01398229107213,0.08096902653699062,301.9968565513752,2,summer,0.3299999999999983,-1.3999999999999986,840.0,-68.25,-50.19
D29C,2023-03-31 00:00:00+00:00,-68.25,-50.19,-68.58,-48.79,840.0,0.08096902653699062,301.9968565513752,16.338243374106774,0.09725144865539746,17.72723008678969,3,autumn,0.14000000000000057,0.11999999999999744,168.0,-68.11,-50.07
D29C,2023-04-07 00:00:00+00:00,-68.11,-50.07,-68.25,-50.19,168.0,0.09725144865539746,17.72723008678969,37.72174695495594,0.22453420806521393,340.47128014325693,4,autumn,0.3199999999999932,-0.29999999999999716,168.0,-67.79,-50.37
D29C,2023-04-14 00:00:00+00:00,-67.79,-50.37,-68.11,-50.07,168.0,0.22453420806521393,340.47128014325693,14.753362750935128,0.0878176354222329,348.4316937341864,4,autumn,0.13000000000000966,-0.07000000000000028,168.0,-67.66,-50.44
D29C,2023-04-21 00:00:00+00:00,-67.66,-50.44,-67.79,-50.37,168.0,0.0878176354222329,348.4316937341864,44.45980435972306,0.26464169261739917,12.842142172775254,4,autumn,0.39000000000000057,0.22999999999999687,168.0,-67.27,-50.21
D29C,2023-04-28 00:00:00+00:00,-67.27,-50.21,-67.66,-50.44,168.0,0.26464169261739917,12.842142172775254,6.4106275970330175,0.03815849760138701,110.36286907233995,4,autumn,-0.020000000000010232,0.14000000000000057,168.0,-67.29,-50.07
D29C,2023-05-05 00:00:00+00:00,-67.29,-50.07,-67.27,-50.21,168.0,0.03815849760138701,110.36286907233995,59.126357422524165,0.351942603705501,355.31782625551386,5,autumn,0.5300000000000011,-0.10999999999999943,168.0,-66.76,-50.18
D29C,2023-05-12 00:00:00+00:00,-66.76,-50.18,-67.29,-50.07,168.0,0.351942603705501,355.31782625551386,126.00306884366863,0.15441552554371155,4.385867848255771,5,autumn,1.1300000000000097,0.21000000000000085,816.0,-65.63,-49.97
D29C,2023-06-15 00:00:00+00:00,-65.63,-49.97,-66.76,-50.18,816.0,0.15441552554371155,4.385867848255771,121.34604476335623,0.632010649809147,156.88589062412802,6,winter,-1.0,1.0799999999999983,192.0,-66.63,-48.89
D29C,2023-06-23 00:00:00+00:00,-66.63,-48.89,-65.63,-49.97,192.0,0.632010649809147,156.88589062412802,153.20343348563242,6.383476395234684,342.89692567455677,6,winter,1.3199999999999932,-0.9699999999999989,24.0,-65.31,-49.86
D29C,2023-06-24 00:00:00+00:00,-65.31,-49.86,-66.63,-48.89,24.0,6.383476395234684,342.89692567455677,120.12858539929381,0.8342262874950959,8.09450177824499,6,winter,1.0700000000000074,0.3500000000000014,144.0,-64.24,-49.51
D29C,2023-06-30 00:00:00+00:00,-64.24,-49.51,-65.31,-49.86,144.0,0.8342262874950959,8.09450177824499,57.38168745563049,0.34155766342637195,74.77254047261977,6,winter,0.14000000000000057,1.1400000000000006,168.0,-64.1,-48.37
D29C,2023-07-07 00:00:00+00:00,-64.1,-48.37,-64.24,-49.51,168.0,0.34155766342637195,74.77254047261977,81.29299128348117,0.4838868528778641,3.163205956377226,7,winter,0.7299999999999969,0.0899999999999963,168.0,-63.37,-48.28
D29C,2023-07-14 00:00:00+00:00,-63.37,-48.28,-64.1,-48.37,168.0,0.4838868528778641,3.163205956377226,0.0,0.0,0.0,7,winter,0.0,0.0,168.0,-63.37,-48.28
D29C,2023-07-21 00:00:00+00:00,-63.37,-48.28,-63.37,-48.28,168.0,0.0,0.0,353.56282331765954,0.5261351537465172,67.70479843341093,7,winter,1.3499999999999943,6.280000000000001,672.0,-62.02,-42.0
D29C,2023-08-18 00:00:00+00:00,-62.02,-42.0,-63.37,-48.28,672.0,0.5261351537465172,67.70479843341093,0.0,0.0,0.0,8,winter,0.0,0.0,168.0,-62.02,-42.0
D29C,2023-08-25 00:00:00+00:00,-62.02,-42.0,-62.02,-42.0,168.0,0.0,0.0,67.33108370913104,0.400780260173399,58.580023199669654,8,winter,0.3200000000000003,1.0900000000000034,168.0,-61.7,-40.91
D29C,2023-09-01 00:00:00+00:00,-61.7,-40.91,-62.02,-42.0,168.0,0.400780260173399,58.580023199669654,37.610618800553695,0.22387273095567675,49.66434022484293,9,spring,0.22000000000000597,0.5399999999999991,168.0,-61.48,-40.37
D29C,2023-09-08 00:00:00+00:00,-61.48,-40.37,-61.7,-40.91,168.0,0.22387273095567675,49.66434022484293,52.16172593769179,0.3104864639148321,328.2813756241099,9,spring,0.3999999999999986,-0.5100000000000051,168.0,-61.08,-40.88
D29C,2023-09-15 00:00:00+00:00,-61.08,-40.88,-61.48,-40.37,168.0,0.3104864639148321,328.2813756241099,39.80160028127129,0.23691428738851958,333.23481625685906,9,spring,0.3200000000000003,-0.3299999999999983,168.0,-60.76,-41.21
D29C,2023-09-22 00:00:00+00:00,-60.76,-41.21,-61.08,-40.88,168.0,0.23691428738851958,333.23481625685906,39.36705573502591,0.2050367486199266,75.57868320752982,9,spring,0.0899999999999963,0.7000000000000028,192.0,-60.67,-40.51
D29C,2023-09-30 00:00:00+00:00,-60.67,-40.51,-60.76,-41.21,192.0,0.2050367486199266,75.57868320752982,216.3863248093879,0.26517931961934793,102.07186951398899,9,spring,-0.3500000000000014,3.9299999999999997,816.0,-61.02,-36.58
D29C,2023-11-03 00:00:00+00:00,-61.02,-36.58,-60.67,-40.51,816.0,0.26517931961934793,102.07186951398899,49.62261724086385,0.3446015086171101,56.26297683517072,11,spring,0.25,0.759999999999998,144.0,-60.77,-35.82
D29C,2023-11-09 00:00:00+00:00,-60.77,-35.82,-61.02,-36.58,144.0,0.3446015086171101,56.26297683517072,25.062281192923365,0.13053271454647586,12.599757724048743,11,spring,0.22000000000000597,0.10000000000000142,192.0,-60.55,-35.72
D29C,2023-11-17 00:00:00+00:00,-60.55,-35.72,-60.77,-35.82,192.0,0.13053271454647586,12.599757724048743,30.97048989356679,0.18434815412837374,62.3945676154994,11,spring,0.12999999999999545,0.5,168.0,-60.42,-35.22
D29C,2023-11-24 00:00:00+00:00,-60.42,-35.22,-60.55,-35.72,168.0,0.18434815412837374,62.3945676154994,102.17820286785329,0.30410179424956335,57.71073034928088,11,spring,0.5,1.5499999999999972,336.0,-59.92,-33.67
D29C,2023-12-08 00:00:00+00:00,-59.92,-33.67,-60.42,-35.22,336.0,0.30410179424956335,57.71073034928088,49.49240468969414,0.2945976469624651,293.5032676412388,12,summer,0.17999999999999972,-0.8099999999999952,168.0,-59.74,-34.48
D29C,2023-12-15 00:00:00+00:00,-59.74,-34.48,-59.92,-33.67,168.0,0.2945976469624651,293.5032676412388,41.51898645140568,0.28832629480142835,328.81869011545274,12,summer,0.3200000000000003,-0.38000000000000256,144.0,-59.42,-34.86
D30A,2022-01-14 00:00:00+00:00,-74.73,-28.26,-74.76,-28.0,168.0,0.049441263463783205,293.55354930360784,25.533514935073946,0.15198520794686873,284.7411993240036,1,summer,0.060000000000002274,-0.8399999999999999,168.0,-74.67,-29.1
D30A,2022-01-21 00:00:00+00:00,-74.67,-29.1,-74.73,-28.26,168.0,0.15198520794686873,284.7411993240036,41.768322408584034,0.2486209667177621,298.03323511444387,1,summer,0.18000000000000682,-1.2399999999999984,168.0,-74.49,-30.34
D30A,2022-01-28 00:00:00+00:00,-74.49,-30.34,-74.67,-29.1,168.0,0.2486209667177621,298.03323511444387,21.575207692815624,0.12842385531437872,284.59563224374733,1,summer,0.04999999999999716,-0.6999999999999993,168.0,-74.44,-31.04
D30A,2022-02-04 00:00:00+00:00,-74.44,-31.04,-74.49,-30.34,168.0,0.12842385531437872,284.59563224374733,9.000607598715195,0.05357504523044759,291.61922560494907,2,summer,0.030000000000001137,-0.28000000000000114,168.0,-74.41,-31.32
D30A,2022-02-11 00:00:00+00:00,-74.41,-31.32,-74.44,-31.04,168.0,0.05357504523044759,291.61922560494907,22.310248529548343,0.1327990983901687,175.44809453898233,2,summer,-0.20000000000000284,0.05999999999999872,168.0,-74.61,-31.26
D30A,2022-02-18 00:00:00+00:00,-74.61,-31.26,-74.41,-31.32,168.0,0.1327990983901687,175.44809453898233,55.29246156967277,0.0658243590115152,327.152635482847,2,summer,0.4200000000000017,-0.9899999999999984,840.0,-74.19,-32.25
D30A,2022-03-25 00:00:00+00:00,-74.19,-32.25,-74.61,-31.26,840.0,0.0658243590115152,327.152635482847,23.088733924546894,0.13743294002706485,240.8882829186536,3,autumn,-0.10000000000000853,-0.6700000000000017,168.0,-74.29,-32.92
D30A,2022-04-01 00:00:00+00:00,-74.29,-32.92,-74.19,-32.25,168.0,0.13743294002706485,240.8882829186536,26.67956393356761,0.15880692817599767,262.39390347973455,4,autumn,-0.029999999999986926,-0.8799999999999955,168.0,-74.32,-33.8
D30A,2022-04-08 00:00:00+00:00,-74.32,-33.8,-74.29,-32.92,168.0,0.15880692817599767,262.39390347973455,64.78296720632852,0.3856129000376698,256.0928710642945,4,autumn,-0.13000000000000966,-2.1099999999999994,168.0,-74.45,-35.91
D30A,2022-04-15 00:00:00+00:00,-74.45,-35.91,-74.32,-33.8,168.0,0.3856129000376698,256.0928710642945,55.51774182003172,0.33046274892876026,285.4250958242319,4,autumn,0.14000000000000057,-1.7800000000000011,168.0,-74.31,-37.69
D30A,2022-04-22 00:00:00+00:00,-74.31,-37.69,-74.45,-35.91,168.0,0.33046274892876026,285.4250958242319,40.59340134343025,0.24162738894898958,306.54200814019265,4,autumn,0.21999999999999886,-1.0700000000000003,168.0,-74.09,-38.76
D30A,2022-04-29 00:00:00+00:00,-74.09,-38.76,-74.31,-37.69,168.0,0.24162738894898958,306.54200814019265,18.953762822883366,0.11282001680287718,314.53664833224155,4,autumn,0.12000000000000455,-0.44000000000000483,168.0,-73.97,-39.2
D30A,2022-05-06 00:00:00+00:00,-73.97,-39.2,-74.09,-38.76,168.0,0.11282001680287718,314.53664833224155,129.683366060299,0.15438495959559403,302.2041586226343,5,autumn,0.6500000000000057,-3.4399999999999977,840.0,-73.32,-42.64
D30A,2022-06-10 00:00:00+00:00,-73.32,-42.64,-73.97,-39.2,840.0,0.15438495959559403,302.2041586226343,71.19319464464091,0.42376901574191017,197.3565599065837,6,winter,-0.6100000000000136,-0.6899999999999977,168.0,-73.93,-43.33
D30A,2022-06-17 00:00:00+00:00,-73.93,-43.33,-73.32,-42.64,168.0,0.42376901574191017,197.3565599065837,55.88019884292759,0.33262023120790235,342.5174743155319,6,winter,0.480000000000004,-0.5300000000000011,168.0,-73.45,-43.86
D30A,2022-06-24 00:00:00+00:00,-73.45,-43.86,-73.93,-43.33,168.0,0.33262023120790235,342.5174743155319,16.586528867952843,0.09872933849971931,339.723059971176,6,winter,0.14000000000000057,-0.17999999999999972,168.0,-73.31,-44.04
D30A,2022-07-01 00:00:00+00:00,-73.31,-44.04,-73.45,-43.86,168.0,0.09872933849971931,339.723059971176,36.31864744106614,0.2161824252444413,305.12944231554474,7,winter,0.18999999999999773,-0.9200000000000017,168.0,-73.12,-44.96
D30A,2022-07-08 00:00:00+00:00,-73.12,-44.96,-73.31,-44.04,168.0,0.2161824252444413,305.12944231554474,42.12639890518986,0.2507523744356539,333.55081332174433,7,winter,0.3400000000000034,-0.5700000000000003,168.0,-72.78,-45.53
D30A,2022-07-15 00:00:00+00:00,-72.78,-45.53,-73.12,-44.96,168.0,0.2507523744356539,333.55081332174433,23.93652129216311,0.1424792934057328,331.7982249179672,7,winter,0.18999999999999773,-0.3399999999999963,168.0,-72.59,-45.87
D30A,2022-07-22 00:00:00+00:00,-72.59,-45.87,-72.78,-45.53,168.0,0.1424792934057328,331.7982249179672,84.6542535077318,0.1259735915293628,297.1568269347869,7,winter,0.35999999999999943,-2.220000000000006,672.0,-72.23,-48.09
D30A,2022-08-19 00:00:00+00:00,-72.23,-48.09,-72.59,-45.87,672.0,0.1259735915293628,297.1568269347869,17.945191238222176,0.10681661451322724,259.03941359677015,8,winter,-0.030000000000001137,-0.519999999999996,168.0,-72.26,-48.61
D30A,2022-08-26 00:00:00+00:00,-72.26,-48.61,-72.23,-48.09,168.0,0.10681661451322724,259.03941359677015,20.559918476777867,0.12238046712367778,314.4698354382778,8,winter,0.13000000000000966,-0.4299999999999997,168.0,-72.13,-49.04
D30A,2022-09-02 00:00:00+00:00,-72.13,-49.04,-72.26,-48.61,168.0,0.12238046712367778,314.4698354382778,49.4871678056092,0.29456647503338806,289.04841827268297,9,spring,0.14999999999999147,-1.3599999999999994,168.0,-71.98,-50.4
D30A,2022-09-09 00:00:00+00:00,-71.98,-50.4,-72.13,-49.04,168.0,0.29456647503338806,289.04841827268297,32.913670351126754,0.19591470447099257,309.58522758113287,9,spring,0.18999999999999773,-0.730000000000004,168.0,-71.79,-51.13
D30A,2022-09-16 00:00:00+00:00,-71.79,-51.13,-71.98,-50.4,168.0,0.19591470447099257,309.58522758113287,44.90381900806313,0.2672846369527567,332.78130512808804,9,spring,0.35999999999999943,-0.5799999999999983,168.0,-71.43,-51.71
D30A,2022-09-23 00:00:00+00:00,-71.43,-51.71,-71.79,-51.13,168.0,0.2672846369527567,332.78130512808804,129.48308632175406,0.1541465313354215,324.56146842314996,9,spring,0.960000000000008,-2.019999999999996,840.0,-70.47,-53.73
D30A,2022-10-28 00:00:00+00:00,-70.47,-53.73,-71.43,-51.71,840.0,0.1541465313354215,324.56146842314996,43.51388732453727,0.2590112340746266,295.2524988937568,10,spring,0.1700000000000017,-1.0500000000000043,168.0,-70.3,-54.78
D30A,2022-11-04 00:00:00+00:00,-70.3,-54.78,-70.47,-53.73,168.0,0.2590112340746266,295.2524988937568,30.420635830720162,0.1810752132780962,350.660246474693,11,spring,0.269999999999996,-0.12999999999999545,168.0,-70.03,-54.91
D30A,2022-11-11 00:00:00+00:00,-70.03,-54.91,-70.3,-54.78,168.0,0.1810752132780962,350.660246474693,20.53958175651362,0.12225941521734297,49.6782263999973,11,spring,0.12000000000000455,0.4099999999999966,168.0,-69.91,-54.5
D30A,2022-11-18 00:00:00+00:00,-69.91,-54.5,-70.03,-54.91,168.0,0.12225941521734297,49.6782263999973,29.63968990021066,0.17642672559649203,347.18607042304126,11,spring,0.2599999999999909,-0.1700000000000017,168.0,-69.65,-54.67
D30A,2022-11-25 00:00:00+00:00,-69.65,-54.67,-69.91,-54.5,168.0,0.17642672559649203,347.18607042304126,21.72204467130869,0.12929788494826602,13.50247716304068,11,spring,0.19000000000001194,0.13000000000000256,168.0,-69.46,-54.54
D30A,2022-12-02 00:00:00+00:00,-69.46,-54.54,-69.65,-54.67,168.0,0.12929788494826602,13.50247716304068,44.04999412000785,0.2622023459524277,338.87716951762,12,summer,0.36999999999999034,-0.3999999999999986,168.0,-69.09,-54.94
D30A,2022-12-09 00:00:00+00:00,-69.09,-54.94,-69.46,-54.54,168.0,0.2622023459524277,338.87716951762,130.17518593546515,0.15497045944698232,357.97574294484696,12,summer,1.1700000000000017,-0.10999999999999943,840.0,-67.92,-55.05
D30A,2023-01-13 00:00:00+00:00,-67.92,-55.05,-69.09,-54.94,840.0,0.15497045944698232,357.97574294484696,14.750101700150552,0.08779822440565804,348.4938920230586,1,summer,0.12999999999999545,-0.07000000000000028,168.0,-67.79,-55.12
D30A,2023-01-20 00:00:00+00:00,-67.79,-55.12,-67.92,-55.05,168.0,0.08779822440565804,348.4938920230586,27.08838157397775,0.16124036651177232,9.929281698844193,1,summer,0.2400000000000091,0.10999999999999943,168.0,-67.55,-55.01
D30A,2023-01-27 00:00:00+00:00,-67.55,-55.01,-67.79,-55.12,168.0,0.16124036651177232,9.929281698844193,32.47495052476536,0.19330327693312715,6.841344610765873,1,summer,0.28999999999999204,0.0899999999999963,168.0,-67.26,-54.92
D30A,2023-02-03 00:00:00+00:00,-67.26,-54.92,-67.55,-55.01,168.0,0.19330327693312715,6.841344610765873,18.218746508415506,0.10844491969294945,23.80183551617597,2,summer,0.15000000000000568,0.1700000000000017,168.0,-67.11,-54.75
D30A,2023-02-10 00:00:00+00:00,-67.11,-54.75,-67.26,-54.92,168.0,0.10844491969294945,23.80183551617597,16.81970762928876,0.10011730731719501,7.433102616098893,2,summer,0.15000000000000568,0.04999999999999716,168.0,-66.96,-54.7
D30A,2023-02-17 00:00:00+00:00,-66.96,-54.7,-67.11,-54.75,168.0,0.10011730731719501,7.433102616098893,26.719012461889438,0.15904174084457998,357.17166804017995,2,summer,0.23999999999999488,-0.02999999999999403,168.0,-66.72,-54.73
D30A,2023-02-24 00:00:00+00:00,-66.72,-54.73,-66.96,-54.7,168.0,0.15904174084457998,357.17166804017995,126.31608013797131,0.15037628587853727,9.841651479653251,2,summer,1.1200000000000045,0.46999999999999886,840.0,-65.6,-54.26
D30A,2023-03-31 00:00:00+00:00,-65.6,-54.26,-66.72,-54.73,840.0,0.15037628587853727,9.841651479653251,22.315342024994383,0.13282941681544275,4.75938498301872,3,autumn,0.19999999999998863,0.03999999999999915,168.0,-65.4,-54.22
D30A,2023-04-07 00:00:00+00:00,-65.4,-54.22,-65.6,-54.26,168.0,0.13282941681544275,4.75938498301872,35.582376526259615,0.21179986027535486,0.0,4,autumn,0.3200000000000074,0.0,168.0,-65.08,-54.22
D30A,2023-04-14 00:00:00+00:00,-65.08,-54.22,-65.4,-54.22,168.0,0.21179986027535486,0.0,41.91651781156043,0.24950308221166922,11.107825129155628,4,autumn,0.37000000000000455,0.1700000000000017,168.0,-64.71,-54.05
D30A,2023-04-21 00:00:00+00:00,-64.71,-54.05,-65.08,-54.22,168.0,0.24950308221166922,11.107825129155628,63.00453744740619,0.3750270086155131,8.853288024911137,4,autumn,0.5599999999999881,0.19999999999999574,168.0,-64.15,-53.85
D30A,2023-04-28 00:00:00+00:00,-64.15,-53.85,-64.71,-54.05,168.0,0.3750270086155131,8.853288024911137,33.41047147161129,0.19887185399768623,53.444703432322285,4,autumn,0.18000000000000682,0.5500000000000043,168.0,-63.97,-53.3
D30A,2023-05-05 00:00:00+00:00,-63.97,-53.3,-64.15,-53.85,168.0,0.19887185399768623,53.444703432322285,64.07200119131465,0.38138095947211104,50.499955315825105,5,autumn,0.36999999999999744,1.0,168.0,-63.6,-52.3
D30A,2023-05-12 00:00:00+00:00,-63.6,-52.3,-63.97,-53.3,168.0,0.38138095947211104,50.499955315825105,210.13537769967678,0.25751884522019214,315.1736522346141,5,autumn,1.3700000000000045,-2.8599999999999994,816.0,-62.23,-55.16
D30A,2023-06-15 00:00:00+00:00,-62.23,-55.16,-63.6,-52.3,816.0,0.25751884522019214,315.1736522346141,141.94106587226517,0.7392763847513811,125.34485184939348,6,winter,-0.720000000000006,2.289999999999999,192.0,-62.95,-52.87
D30A,2023-06-23 00:00:00+00:00,-62.95,-52.87,-62.23,-55.16,192.0,0.7392763847513811,125.34485184939348,187.5178285788537,7.813242857452238,294.9399070764524,6,winter,0.75,-3.280000000000001,24.0,-62.2,-56.15
D30A,2023-06-24 00:00:00+00:00,-62.2,-56.15,-62.95,-52.87,24.0,7.813242857452238,294.9399070764524,28.362411921574573,0.19696119389982342,251.49135792651202,6,winter,-0.0799999999999983,-0.5200000000000031,144.0,-62.28,-56.67
D30A,2023-06-30 00:00:00+00:00,-62.28,-56.67,-62.2,-56.15,144.0,0.19696119389982342,251.49135792651202,5.68946771587889,0.03386587926118387,90.0486877253598,6,winter,0.0,0.10999999999999943,168.0,-62.28,-56.56
D30A,2023-07-07 00:00:00+00:00,-62.28,-56.56,-62.28,-56.67,168.0,0.03386587926118387,90.0486877253598,5.160360727753367,0.03071643290329385,64.51146951702776,7,winter,0.020000000000003126,0.09000000000000341,168.0,-62.26,-56.47
D30A,2023-07-14 00:00:00+00:00,-62.26,-56.47,-62.28,-56.56,168.0,0.03071643290329385,64.51146951702776,0.0,0.0,0.0,7,winter,0.0,0.0,168.0,-62.26,-56.47
D30A,2023-07-21 00:00:00+00:00,-62.26,-56.47,-62.26,-56.47,168.0,0.0,0.0,105.55320046565959,0.1570732149786601,71.14614338462741,7,winter,0.3200000000000003,1.9099999999999966,672.0,-61.94,-54.56
D30A,2023-08-18 00:00:00+00:00,-61.94,-54.56,-62.26,-56.47,672.0,0.1570732149786601,71.14614338462741,0.0,0.0,0.0,8,winter,0.0,0.0,168.0,-61.94,-54.56
D30A,2023-08-25 00:00:00+00:00,-61.94,-54.56,-61.94,-54.56,168.0,0.0,0.0,61.28640276818947,0.36480001647731825,50.9761759240759,8,winter,0.3499999999999943,0.9000000000000057,168.0,-61.59,-53.66
D30A,2023-09-01 00:00:00+00:00,-61.59,-53.66,-61.94,-54.56,168.0,0.36480001647731825,50.9761759240759,30.13030516948768,0.17934705458028383,327.9501343464142,9,spring,0.23000000000000398,-0.30000000000000426,168.0,-61.36,-53.96
D30A,2023-09-08 00:00:00+00:00,-61.36,-53.96,-61.59,-53.66,168.0,0.17934705458028383,327.9501343464142,55.59929117877686,0.33094816177843367,343.60579049113886,9,spring,0.4799999999999969,-0.28999999999999915,168.0,-60.88,-54.25
D30A,2023-09-15 00:00:00+00:00,-60.88,-54.25,-61.36,-53.96,168.0,0.33094816177843367,343.60579049113886,65.60727946958022,0.3905195206522632,0.4812920081667471,9,spring,0.5900000000000034,0.00999999999999801,168.0,-60.29,-54.24
D30A,2023-09-22 00:00:00+00:00,-60.29,-54.24,-60.88,-54.25,168.0,0.3905195206522632,0.4812920081667471,134.11165989336942,0.6984982286112991,5.867382491744138,9,spring,1.1999999999999957,0.240000000000002,192.0,-59.09,-54.0
D30A,2023-09-30 00:00:00+00:00,-59.09,-54.0,-60.29,-54.24,192.0,0.6984982286112991,5.867382491744138,415.1956315514,0.5088181759208333,75.3230659665802,9,spring,1.1300000000000026,6.82,816.0,-57.96,-47.18
D30A,2023-11-03 00:00:00+00:00,-57.96,-47.18,-59.09,-54.0,816.0,0.5088181759208333,75.3230659665802,74.9015682813456,0.5201497797315667,354.0136077216137,11,spring,0.6700000000000017,-0.13000000000000256,144.0,-57.29,-47.31
D30A,2023-11-09 00:00:00+00:00,-57.29,-47.31,-57.96,-47.18,144.0,0.5201497797315667,354.0136077216137,90.56164485716491,0.4716752336310672,132.94863432410222,11,spring,-0.5500000000000043,1.1200000000000045,192.0,-57.84,-46.19
D30A,2023-11-17 00:00:00+00:00,-57.84,-46.19,-57.29,-47.31,192.0,0.4716752336310672,132.94863432410222,166.89116567178053,0.9933997956653603,48.054082413974015,11,spring,1.0200000000000031,2.039999999999999,168.0,-56.82,-44.15
D30A,2023-11-24 00:00:00+00:00,-56.82,-44.15,-57.84,-46.19,168.0,0.9933997956653603,48.054082413974015,105.4246318199822,0.31376378517851844,49.706023073453025,11,spring,0.6199999999999974,1.2999999999999972,336.0,-56.2,-42.85
D30A,2023-12-08 00:00:00+00:00,-56.2,-42.85,-56.82,-44.15,336.0,0.31376378517851844,49.706023073453025,93.03210926069389,0.5537625551231778,107.98393951766559,12,summer,-0.25,1.4400000000000048,168.0,-56.45,-41.41
D30A,2023-12-15 00:00:00+00:00,-56.45,-41.41,-56.2,-42.85,168.0,0.5537625551231778,107.98393951766559,72.54552453941459,0.5037883648570457,23.31608520721562,12,summer,0.6000000000000014,0.45999999999999375,144.0,-55.85,-40.95
D30B,2022-01-14 00:00:00+00:00,-73.37,-23.58,-73.43,-22.06,168.0,0.2901390466778367,277.13798836104894,47.12355060530955,0.28049732503160446,270.642961041528,1,summer,0.010000000000005116,-1.4800000000000004,168.0,-73.36,-25.06
D30B,2022-01-21 00:00:00+00:00,-73.36,-25.06,-73.37,-23.58,168.0,0.28049732503160446,270.642961041528,32.71538744316424,0.19473444906645382,255.75756063147298,1,summer,-0.07000000000000739,-1.0,168.0,-73.43,-26.06
D30B,2022-01-28 00:00:00+00:00,-73.43,-26.06,-73.36,-25.06,168.0,0.19473444906645382,255.75756063147298,35.27760603630428,0.2099857502160969,217.67146457355537,1,summer,-0.25,-0.6900000000000013,168.0,-73.68,-26.75
D30B,2022-02-04 00:00:00+00:00,-73.68,-26.75,-73.43,-26.06,168.0,0.2099857502160969,217.67146457355537,18.6744045138526,0.1111571697253131,153.4024131771489,2,summer,-0.14999999999999147,0.2699999999999996,168.0,-73.83,-26.48
D30B,2022-02-11 00:00:00+00:00,-73.83,-26.48,-73.68,-26.75,168.0,0.1111571697253131,153.4024131771489,30.473276608166834,0.1813885512390883,170.21553148688668,2,summer,-0.269999999999996,0.1700000000000017,168.0,-74.1,-26.31
D30B,2022-02-18 00:00:00+00:00,-74.1,-26.31,-73.83,-26.48,168.0,0.1813885512390883,170.21553148688668,92.97438524802972,0.11068379196194014,292.6600712174745,2,summer,0.3399999999999892,-2.7600000000000016,840.0,-73.76,-29.07
D30B,2022-03-25 00:00:00+00:00,-73.76,-29.07,-74.1,-26.31,840.0,0.11068379196194014,292.6600712174745,45.05571063076935,0.26818875375457946,262.2209834724604,3,autumn,-0.04999999999999716,-1.4400000000000013,168.0,-73.81,-30.51
D30B,2022-04-01 00:00:00+00:00,-73.81,-30.51,-73.76,-29.07,168.0,0.26818875375457946,262.2209834724604,39.88508109679287,0.23741119700471944,262.98303359419407,4,autumn,-0.03999999999999204,-1.2799999999999976,168.0,-73.85,-31.79
D30B,2022-04-08 00:00:00+00:00,-73.85,-31.79,-73.81,-30.51,168.0,0.23741119700471944,262.98303359419407,33.78692542068,0.20111265131357142,292.7804249473874,4,autumn,0.11999999999999034,-1.0,168.0,-73.73,-32.79
D30B,2022-04-15 00:00:00+00:00,-73.73,-32.79,-73.85,-31.79,168.0,0.20111265131357142,292.7804249473874,31.822726342617113,0.18942099013462568,249.08799966675724,4,autumn,-0.09999999999999432,-0.9600000000000009,168.0,-73.83,-33.75
D30B,2022-04-22 00:00:00+00:00,-73.83,-33.75,-73.73,-32.79,168.0,0.18942099013462568,249.08799966675724,4.348468740392533,0.025883742502336504,320.0537664271619,4,autumn,0.030000000000001137,-0.09000000000000341,168.0,-73.8,-33.84
D30B,2022-04-29 00:00:00+00:00,-73.8,-33.84,-73.83,-33.75,168.0,0.025883742502336504,320.0537664271619,21.955052179352382,0.13068483440090703,307.1583643152287,4,autumn,0.11999999999999034,-0.5599999999999952,168.0,-73.68,-34.4
D30B,2022-05-06 00:00:00+00:00,-73.68,-34.4,-73.8,-33.84,168.0,0.13068483440090703,307.1583643152287,160.42479059736456,0.19098189356829115,265.9459903248539,5,autumn,-0.03999999999999204,-5.140000000000001,840.0,-73.72,-39.54
D30B,2022-06-10 00:00:00+00:00,-73.72,-39.54,-73.68,-34.4,840.0,0.19098189356829115,265.9459903248539,85.66281156754182,0.5098976879020347,216.83082438568368,6,winter,-0.6099999999999994,-1.7100000000000009,168.0,-74.33,-41.25
D30B,2022-06-17 00:00:00+00:00,-74.33,-41.25,-73.72,-39.54,168.0,0.5098976879020347,216.83082438568368,54.75300543271636,0.32591074662331165,335.69367481707826,6,winter,0.45000000000000284,-0.7299999999999969,168.0,-73.88,-41.98
D30B,2022-06-24 00:00:00+00:00,-73.88,-41.98,-74.33,-41.25,168.0,0.32591074662331165,335.69367481707826,9.39403182959887,0.0559168561285647,325.8707345923971,6,winter,0.06999999999999318,-0.1700000000000017,168.0,-73.81,-42.15
D30B,2022-07-01 00:00:00+00:00,-73.81,-42.15,-73.88,-41.98,168.0,0.0559168561285647,325.8707345923971,43.90535250093146,0.2613413839341158,326.3236902810197,7,winter,0.3299999999999983,-0.7700000000000031,168.0,-73.48,-42.92
D30B,2022-07-08 00:00:00+00:00,-73.48,-42.92,-73.81,-42.15,168.0,0.2613413839341158,326.3236902810197,54.75760566300021,0.3259381289464298,354.20383186615425,7,winter,0.4900000000000091,-0.1700000000000017,168.0,-72.99,-43.09
D30B,2022-07-15 00:00:00+00:00,-72.99,-43.09,-73.48,-42.92,168.0,0.3259381289464298,354.20383186615425,24.040899209126987,0.14310059053051777,46.32332441746985,7,winter,0.14999999999999147,0.5300000000000011,168.0,-72.84,-42.56
D30B,2022-07-22 00:00:00+00:00,-72.84,-42.56,-72.99,-43.09,168.0,0.14310059053051777,46.32332441746985,99.11691207066798,0.14749540486706544,282.89472922957594,7,winter,0.21999999999999886,-2.9099999999999966,672.0,-72.62,-45.47
D30B,2022-08-19 00:00:00+00:00,-72.62,-45.47,-72.84,-42.56,672.0,0.14749540486706544,282.89472922957594,18.753959721872416,0.11163071263019295,252.4975453296525,8,winter,-0.04999999999999716,-0.5399999999999991,168.0,-72.67,-46.01
D30B,2022-08-26 00:00:00+00:00,-72.67,-46.01,-72.62,-45.47,168.0,0.11163071263019295,252.4975453296525,14.363833799311449,0.0854990107101872,338.19640834647504,8,winter,0.12000000000000455,-0.1600000000000037,168.0,-72.55,-46.17
D30B,2022-09-02 00:00:00+00:00,-72.55,-46.17,-72.67,-46.01,168.0,0.0854990107101872,338.19640834647504,55.46344161531912,0.33013953342451857,315.6522108373797,9,spring,0.35999999999999943,-1.1400000000000006,168.0,-72.19,-47.31
D30B,2022-09-09 00:00:00+00:00,-72.19,-47.31,-72.55,-46.17,168.0,0.33013953342451857,315.6522108373797,26.134241783767752,0.15556096299861757,323.72563797992507,9,spring,0.18999999999999773,-0.44999999999999574,168.0,-72.0,-47.76
D30B,2022-09-16 00:00:00+00:00,-72.0,-47.76,-72.19,-47.31,168.0,0.15556096299861757,323.72563797992507,28.962396170857506,0.17239521530272325,356.5516754250012,9,spring,0.2600000000000051,-0.05000000000000426,168.0,-71.74,-47.81
D30B,2022-09-23 00:00:00+00:00,-71.74,-47.81,-72.0,-47.76,168.0,0.17239521530272325,356.5516754250012,120.9381331891058,0.1439739680822688,323.9798777271042,9,spring,0.8900000000000006,-1.9499999999999957,840.0,-70.85,-49.76
D30B,2022-10-28 00:00:00+00:00,-70.85,-49.76,-71.74,-47.81,840.0,0.1439739680822688,323.9798777271042,55.76649556283882,0.33194342596927867,283.14367351030563,10,spring,0.11999999999999034,-1.480000000000004,168.0,-70.73,-51.24
D30B,2022-11-04 00:00:00+00:00,-70.73,-51.24,-70.85,-49.76,168.0,0.33194342596927867,283.14367351030563,30.502169346613506,0.1815605318250804,335.5343373260129,11,spring,0.25,-0.3399999999999963,168.0,-70.48,-51.58
D30B,2022-11-11 00:00:00+00:00,-70.48,-51.58,-70.73,-51.24,168.0,0.1815605318250804,335.5343373260129,18.911227405498217,0.11256682979463224,145.54058132509977,11,spring,-0.14000000000000057,0.28999999999999915,168.0,-70.62,-51.29
D30B,2022-11-18 00:00:00+00:00,-70.62,-51.29,-70.48,-51.58,168.0,0.11256682979463224,145.54058132509977,41.53603101581133,0.24723827985601984,318.2039737202979,11,spring,0.28000000000000114,-0.740000000000002,168.0,-70.34,-52.03
D30B,2022-11-25 00:00:00+00:00,-70.34,-52.03,-70.62,-51.29,168.0,0.24723827985601984,318.2039737202979,7.0946819885997,0.04223024993214107,71.81690438499027,11,spring,0.020000000000010232,0.17999999999999972,168.0,-70.32,-51.85
D30B,2022-12-02 00:00:00+00:00,-70.32,-51.85,-70.34,-52.03,168.0,0.04223024993214107,71.81690438499027,33.42827587891607,0.19897783261259563,333.72803820313766,12,summer,0.269999999999996,-0.39000000000000057,168.0,-70.05,-52.24
D30B,2022-12-09 00:00:00+00:00,-70.05,-52.24,-70.32,-51.85,168.0,0.19897783261259563,333.72803820313766,90.11406160883742,0.10727864477242549,346.8659966586788,12,summer,0.789999999999992,-0.519999999999996,840.0,-69.26,-52.76
D30B,2023-01-13 00:00:00+00:00,-69.26,-52.76,-70.05,-52.24,840.0,0.10727864477242549,346.8659966586788,6.683338045725732,0.039781774081700784,356.61291243519145,1,summer,0.060000000000002274,-0.010000000000005116,168.0,-69.2,-52.77
D30B,2023-01-20 00:00:00+00:00,-69.2,-52.77,-69.26,-52.76,168.0,0.039781774081700784,356.61291243519145,8.710149384045513,0.0518461272859852,230.25490999804344,1,summer,-0.04999999999999716,-0.1699999999999946,168.0,-69.25,-52.94
D30B,2023-01-27 00:00:00+00:00,-69.25,-52.94,-69.2,-52.77,168.0,0.0518461272859852,230.25490999804344,18.63248770899211,0.11090766493447683,17.34880296308029,1,summer,0.1599999999999966,0.14000000000000057,168.0,-69.09,-52.8
D30B,2023-02-03 00:00:00+00:00,-69.09,-52.8,-69.25,-52.94,168.0,0.11090766493447683,17.34880296308029,5.952836316322791,0.035433549501921374,90.07006066991346,2,summer,0.0,0.14999999999999858,168.0,-69.09,-52.65
D30B,2023-02-10 00:00:00+00:00,-69.09,-52.65,-69.09,-52.8,168.0,0.035433549501921374,90.07006066991346,13.681202849239186,0.08143573124547135,279.1961857073324,2,summer,0.020000000000010232,-0.3400000000000034,168.0,-69.07,-52.99
D30B,2023-02-17 00:00:00+00:00,-69.07,-52.99,-69.09,-52.65,168.0,0.08143573124547135,279.1961857073324,14.044297111347781,0.08359700661516536,341.77080983483484,2,summer,0.11999999999999034,-0.10999999999999943,168.0,-68.95,-53.1
D30B,2023-02-24 00:00:00+00:00,-68.95,-53.1,-69.07,-52.99,168.0,0.08359700661516536,341.77080983483484,48.16179404750527,0.05733546910417294,333.9703188618202,2,summer,0.39000000000000057,-0.519999999999996,840.0,-68.56,-53.62
D30B,2023-03-31 00:00:00+00:00,-68.56,-53.62,-68.95,-53.1,840.0,0.05733546910417294,333.9703188618202,6.492193924867408,0.03864401145754409,70.03753561905683,3,autumn,0.01999999999999602,0.14999999999999858,168.0,-68.54,-53.47
D30B,2023-04-07 00:00:00+00:00,-68.54,-53.47,-68.56,-53.62,168.0,0.03864401145754409,70.03753561905683,75.73581653535712,0.45080843175807805,349.4833895525526,4,autumn,0.6700000000000017,-0.3299999999999983,168.0,-67.87,-53.8
D30B,2023-04-14 00:00:00+00:00,-67.87,-53.8,-68.54,-53.47,168.0,0.45080843175807805,349.4833895525526,31.237069662093113,0.18593493846483997,4.670467354573077,4,autumn,0.28000000000000114,0.05999999999999517,168.0,-67.59,-53.74
D30B,2023-04-21 00:00:00+00:00,-67.59,-53.74,-67.87,-53.8,168.0,0.18593493846483997,4.670467354573077,51.32843095280456,0.30552637471907473,4.829673484251828,4,autumn,0.46000000000000796,0.10000000000000142,168.0,-67.13,-53.64
D30B,2023-04-28 00:00:00+00:00,-67.13,-53.64,-67.59,-53.74,168.0,0.30552637471907473,4.829673484251828,6.0442658583289,0.03597777296624345,68.47156405331458,4,autumn,0.01999999999999602,0.13000000000000256,168.0,-67.11,-53.51
D30B,2023-05-05 00:00:00+00:00,-67.11,-53.51,-67.13,-53.64,168.0,0.03597777296624345,68.47156405331458,104.36853971224203,0.6212413078109644,7.914491100902637,5,autumn,0.9299999999999926,0.3200000000000003,168.0,-66.18,-53.19
D30B,2023-05-12 00:00:00+00:00,-66.18,-53.19,-67.11,-53.51,168.0,0.6212413078109644,7.914491100902637,218.60613093254346,0.26789967026046996,18.648245791181523,5,autumn,1.8700000000000045,1.4499999999999957,816.0,-64.31,-51.74
D30B,2023-06-15 00:00:00+00:00,-64.31,-51.74,-66.18,-53.19,816.0,0.26789967026046996,18.648245791181523,149.85610453998618,0.7805005444790947,174.0288302988763,6,winter,-1.3400000000000034,0.3400000000000034,192.0,-65.65,-51.4
D30B,2023-06-23 00:00:00+00:00,-65.65,-51.4,-64.31,-51.74,192.0,0.7805005444790947,174.0288302988763,184.7198012395784,7.696658384982434,2.2696384912360372,6,winter,1.6600000000000037,0.14999999999999858,24.0,-63.99,-51.25
D30B,2023-06-24 00:00:00+00:00,-63.99,-51.25,-65.65,-51.4,24.0,7.696658384982434,2.2696384912360372,89.1536678863397,0.6191226936551368,3.870816047880055,6,winter,0.8000000000000043,0.11999999999999744,144.0,-63.19,-51.13
D30B,2023-06-30 00:00:00+00:00,-63.19,-51.13,-63.99,-51.25,144.0,0.6191226936551368,3.870816047880055,34.18282399709138,0.2034691904588773,335.49449791526393,6,winter,0.28000000000000114,-0.27999999999999403,168.0,-62.91,-51.41
D30B,2023-07-07 00:00:00+00:00,-62.91,-51.41,-63.19,-51.13,168.0,0.2034691904588773,335.49449791526393,66.68227024868064,0.3969182752897657,336.2798179926648,7,winter,0.5499999999999972,-0.5200000000000031,168.0,-62.36,-51.93
D30B,2023-07-14 00:00:00+00:00,-62.36,-51.93,-62.91,-51.41,168.0,0.3969182752897657,336.2798179926648,0.0,0.0,0.0,7,winter,0.0,0.0,168.0,-62.36,-51.93
D30B,2023-07-21 00:00:00+00:00,-62.36,-51.93,-62.36,-51.93,168.0,0.0,0.0,268.30323805890805,0.3992607709209941,61.5890800147875,7,winter,1.2199999999999989,4.399999999999999,672.0,-61.14,-47.53
D30B,2023-08-18 00:00:00+00:00,-61.14,-47.53,-62.36,-51.93,672.0,0.3992607709209941,61.5890800147875,0.0,0.0,0.0,8,winter,0.0,0.0,168.0,-61.14,-47.53
D30B,2023-08-25 00:00:00+00:00,-61.14,-47.53,-61.14,-47.53,168.0,0.0,0.0,83.43079205315462,0.4966118574592537,134.36529393842045,8,winter,-0.519999999999996,1.1300000000000026,168.0,-61.66,-46.4
D30B,2023-09-01 00:00:00+00:00,-61.66,-46.4,-61.14,-47.53,168.0,0.4966118574592537,134.36529393842045,22.93023442484321,0.13648949062406673,98.55417153360736,9,spring,-0.030000000000001137,0.4299999999999997,168.0,-61.69,-45.97
D30B,2023-09-08 00:00:00+00:00,-61.69,-45.97,-61.66,-46.4,168.0,0.13648949062406673,98.55417153360736,60.01585474959574,0.3572372306523556,39.22087275298588,9,spring,0.4199999999999946,0.7100000000000009,168.0,-61.27,-45.26
D30B,2023-09-15 00:00:00+00:00,-61.27,-45.26,-61.69,-45.97,168.0,0.3572372306523556,39.22087275298588,57.16292520007376,0.34025550714329617,243.002404202277,9,spring,-0.22999999999999687,-0.9600000000000009,168.0,-61.5,-46.22
D30B,2023-09-22 00:00:00+00:00,-61.5,-46.22,-61.27,-45.26,168.0,0.34025550714329617,243.002404202277,66.51916873865487,0.3464540038471608,31.79867906066636,9,spring,0.509999999999998,0.6499999999999986,192.0,-60.99,-45.57
D30B,2023-09-30 00:00:00+00:00,-60.99,-45.57,-61.5,-46.22,192.0,0.3464540038471608,31.79867906066636,33.63360232619158,0.0412176499095485,68.92815452822049,9,spring,0.10999999999999943,0.5799999999999983,816.0,-60.88,-44.99
D30B,2023-11-03 00:00:00+00:00,-60.88,-44.99,-60.99,-45.57,816.0,0.0412176499095485,68.92815452822049,0.0,0.0,0.0,11,spring,0.0,0.0,144.0,-60.88,-44.99
D30B,2023-11-09 00:00:00+00:00,-60.88,-44.99,-60.88,-44.99,144.0,0.0,0.0,0.0,0.0,0.0,11,spring,0.0,0.0,192.0,-60.88,-44.99
D30B,2023-11-17 00:00:00+00:00,-60.88,-44.99,-60.88,-44.99,192.0,0.0,0.0,0.0,0.0,0.0,11,spring,0.0,0.0,168.0,-60.88,-44.99
D30B,2023-11-24 00:00:00+00:00,-60.88,-44.99,-60.88,-44.99,168.0,0.0,0.0,0.0,0.0,0.0,11,spring,0.0,0.0,336.0,-60.88,-44.99
D30B,2023-12-08 00:00:00+00:00,-60.88,-44.99,-60.88,-44.99,336.0,0.0,0.0,1.2366620796645718,0.007361083807527213,334.04267676481567,12,summer,0.010000000000005116,-0.00999999999999801,168.0,-60.87,-45.0
D30B,2023-12-15 00:00:00+00:00,-60.87,-45.0,-60.88,-44.99,168.0,0.007361083807527213,334.04267676481567,1.0825778335880547,0.0075179016221392685,90.00873517460553,12,summer,0.0,0.020000000000003126,144.0,-60.87,-44.98
D31,2022-02-04 00:00:00+00:00,-69.66,0.74,-69.89,2.34,168.0,0.3964779444565202,291.8261982211633,106.68510513228527,0.6350303876921742,260.3266832794276,2,summer,-0.14000000000000057,-2.74,168.0,-69.8,-2.0
D31,2022-02-11 00:00:00+00:00,-69.8,-2.0,-69.66,0.74,168.0,0.6350303876921742,260.3266832794276,20.690687806735323,0.12315885599247216,156.11159938485685,2,summer,-0.1700000000000017,0.21999999999999997,168.0,-69.97,-1.78
D31,2022-02-18 00:00:00+00:00,-69.97,-1.78,-69.8,-2.0,168.0,0.12315885599247216,156.11159938485685,164.30366152117008,0.195599597049012,257.47080509629905,2,summer,-0.269999999999996,-4.27,840.0,-70.24,-6.05
D31,2022-03-25 00:00:00+00:00,-70.24,-6.05,-69.97,-1.78,840.0,0.195599597049012,257.47080509629905,57.44509477472512,0.3419350879447924,262.61577349873147,3,autumn,-0.060000000000002274,-1.5200000000000005,168.0,-70.3,-7.57
D31,2022-04-01 00:00:00+00:00,-70.3,-7.57,-70.24,-6.05,168.0,0.3419350879447924,262.61577349873147,88.23700161878322,0.5252202477308525,239.59207583611098,4,autumn,-0.39000000000000057,-2.0700000000000003,168.0,-70.69,-9.64
D31,2022-04-08 00:00:00+00:00,-70.69,-9.64,-70.3,-7.57,168.0,0.5252202477308525,239.59207583611098,118.99545513361117,0.7083062805572093,243.73895335554653,4,autumn,-0.45000000000000284,-2.969999999999999,168.0,-71.14,-12.61
D31,2022-04-15 00:00:00+00:00,-71.14,-12.61,-70.69,-9.64,168.0,0.7083062805572093,243.73895335554653,289.77517231199414,1.7248522161428224,230.62412311818827,4,autumn,-1.5400000000000063,-6.780000000000001,168.0,-72.68,-19.39
D31,2022-04-22 00:00:00+00:00,-72.68,-19.39,-71.14,-12.61,168.0,1.7248522161428224,230.62412311818827,110.61670431179151,0.6584327637606637,230.18690393700336,4,autumn,-0.6199999999999903,-2.66,168.0,-73.3,-22.05
D31,2022-04-29 00:00:00+00:00,-73.3,-22.05,-72.68,-19.39,168.0,0.6584327637606637,230.18690393700336,117.99777917217266,0.7023677331676944,255.74904001824143,4,autumn,-0.23000000000000398,-3.629999999999999,168.0,-73.53,-25.68
D31,2022-05-06 00:00:00+00:00,-73.53,-25.68,-73.3,-22.05,168.0,0.7023677331676944,255.74904001824143,247.11601644700272,0.2941857338654794,252.5174246696281,5,autumn,-0.5300000000000011,-7.740000000000002,840.0,-74.06,-33.42
D31,2022-06-10 00:00:00+00:00,-74.06,-33.42,-73.53,-25.68,840.0,0.2941857338654794,252.5174246696281,59.666495471411075,0.35515771113935163,194.0521615871299,6,winter,-0.519999999999996,-0.4899999999999949,168.0,-74.58,-33.91
D31,2022-06-17 00:00:00+00:00,-74.58,-33.91,-74.06,-33.42,168.0,0.35515771113935163,194.0521615871299,30.994550336848114,0.18449137105266736,333.5298576895218,6,winter,0.25,-0.46000000000000085,168.0,-74.33,-34.37
D31,2022-06-24 00:00:00+00:00,-74.33,-34.37,-74.58,-33.91,168.0,0.18449137105266736,333.5298576895218,30.725765170480376,0.18289145934809747,250.52530364737638,6,winter,-0.09000000000000341,-0.970000000000006,168.0,-74.42,-35.34
D31,2022-07-01 00:00:00+00:00,-74.42,-35.34,-74.33,-34.37,168.0,0.18289145934809747,250.52530364737638,54.16727732589076,0.3224242697969688,344.52905903934834,7,winter,0.46999999999999886,-0.46999999999999886,168.0,-73.95,-35.81
D31,2022-07-08 00:00:00+00:00,-73.95,-35.81,-74.42,-35.34,168.0,0.3224242697969688,344.52905903934834,38.113375794352685,0.22686533210924217,21.210334405263836,7,winter,0.3200000000000074,0.44000000000000483,168.0,-73.63,-35.37
D31,2022-07-15 00:00:00+00:00,-73.63,-35.37,-73.95,-35.81,168.0,0.22686533210924217,21.210334405263836,13.286041233086149,0.07908357876836994,284.344612090635,7,winter,0.030000000000001137,-0.4100000000000037,168.0,-73.6,-35.78
D31,2022-07-22 00:00:00+00:00,-73.6,-35.78,-73.63,-35.37,168.0,0.07908357876836994,284.344612090635,112.10637434212666,0.16682496181864087,291.81287742575614,7,winter,0.3999999999999915,-3.240000000000002,672.0,-73.2,-39.02
D31,2022-08-19 00:00:00+00:00,-73.2,-39.02,-73.6,-35.78,672.0,0.16682496181864087,291.81287742575614,16.831600286897327,0.10018809694581743,306.2806286393199,8,winter,0.09000000000000341,-0.4199999999999946,168.0,-73.11,-39.44
D31,2022-08-26 00:00:00+00:00,-73.11,-39.44,-73.2,-39.02,168.0,0.10018809694581743,306.2806286393199,15.843482113410552,0.09430644115125328,335.7410753294995,8,winter,0.12999999999999545,-0.20000000000000284,168.0,-72.98,-39.64
D31,2022-09-02 00:00:00+00:00,-72.98,-39.64,-73.11,-39.44,168.0,0.09430644115125328,335.7410753294995,61.79310372024851,0.3678160935729078,323.54388318568726,9,spring,0.45000000000000284,-1.1000000000000014,168.0,-72.53,-40.74
D31,2022-09-09 00:00:00+00:00,-72.53,-40.74,-72.98,-39.64,168.0,0.3678160935729078,323.54388318568726,30.44418217982216,0.18121537011798905,284.3931939967631,9,spring,0.07000000000000739,-0.8799999999999955,168.0,-72.46,-41.62
D31,2022-09-16 00:00:00+00:00,-72.46,-41.62,-72.53,-40.74,168.0,0.18121537011798905,284.3931939967631,33.169192444798135,0.19743566931427461,346.34419681998463,9,spring,0.28999999999999204,-0.23000000000000398,168.0,-72.17,-41.85
D31,2022-09-23 00:00:00+00:00,-72.17,-41.85,-72.46,-41.62,168.0,0.19743566931427461,346.34419681998463,138.0230064508218,0.164313102917645,303.8992217569737,9,spring,0.7199999999999989,-3.240000000000002,840.0,-71.45,-45.09
D31,2022-10-28 00:00:00+00:00,-71.45,-45.09,-72.17,-41.85,840.0,0.164313102917645,303.8992217569737,60.281815013637306,0.35882032746212683,288.63180691773067,10,spring,0.18000000000000682,-1.5999999999999943,168.0,-71.27,-46.69
D31,2022-11-04 00:00:00+00:00,-71.27,-46.69,-71.45,-45.09,168.0,0.35882032746212683,288.63180691773067,15.374193893066904,0.091513058887303,282.332600614198,11,spring,0.030000000000001137,-0.4200000000000017,168.0,-71.24,-47.11
D31,2022-11-11 00:00:00+00:00,-71.24,-47.11,-71.27,-46.69,168.0,0.091513058887303,282.332600614198,0.3576081441937518,0.002128619905915189,269.9952656299736,11,spring,0.0,-0.00999999999999801,168.0,-71.24,-47.12
D31,2022-11-18 00:00:00+00:00,-71.24,-47.12,-71.24,-47.11,168.0,0.002128619905915189,269.9952656299736,36.948776507598225,0.21993319349760848,311.09295138998095,11,spring,0.21999999999999886,-0.7700000000000031,168.0,-71.02,-47.89
D31,2022-11-25 00:00:00+00:00,-71.02,-47.89,-71.24,-47.12,168.0,0.21993319349760848,311.09295138998095,28.648600808049267,0.170527385762198,328.4435153529626,11,spring,0.21999999999999886,-0.4099999999999966,168.0,-70.8,-48.3
D31,2022-12-02 00:00:00+00:00,-70.8,-48.3,-71.02,-47.89,168.0,0.170527385762198,328.4435153529626,11.751635482785233,0.06995021120705495,264.41942010893945,12,summer,-0.010000000000005116,-0.3200000000000003,168.0,-70.81,-48.62
D31,2022-12-09 00:00:00+00:00,-70.81,-48.62,-70.8,-48.3,168.0,0.06995021120705495,264.41942010893945,99.67961781044939,0.11866621167910642,309.34221294733527,12,summer,0.5799999999999983,-2.0500000000000043,840.0,-70.23,-50.67
D31,2023-01-13 00:00:00+00:00,-70.23,-50.67,-70.81,-48.62,840.0,0.11866621167910642,309.34221294733527,17.18244192180903,0.10227644001076804,315.2354741468048,1,summer,0.10999999999999943,-0.3200000000000003,168.0,-70.12,-50.99
D31,2023-01-20 00:00:00+00:00,-70.12,-50.99,-70.23,-50.67,168.0,0.10227644001076804,315.2354741468048,25.068583151850536,0.1492177568562532,254.26468235092293,1,summer,-0.060000000000002274,-0.6400000000000006,168.0,-70.18,-51.63
D31,2023-01-27 00:00:00+00:00,-70.18,-51.63,-70.12,-50.99,168.0,0.1492177568562532,254.26468235092293,33.79533254651009,0.2011626937292267,303.6616100763446,1,summer,0.1700000000000017,-0.7399999999999949,168.0,-70.01,-52.37
D31,2023-02-03 00:00:00+00:00,-70.01,-52.37,-70.18,-51.63,168.0,0.2011626937292267,303.6616100763446,24.664683698738685,0.14681359344487313,161.31382771134327,2,summer,-0.20999999999999375,0.21000000000000085,168.0,-70.22,-52.16
D31,2023-02-10 00:00:00+00:00,-70.22,-52.16,-70.01,-52.37,168.0,0.14681359344487313,161.31382771134327,28.058947771554294,0.16701754625925175,281.08488007869715,2,summer,0.04999999999999716,-0.730000000000004,168.0,-70.17,-52.89
D31,2023-02-17 00:00:00+00:00,-70.17,-52.89,-70.22,-52.16,168.0,0.16701754625925175,281.08488007869715,25.152162563796967,0.14971525335593433,332.00441922000283,2,summer,0.20000000000000284,-0.3100000000000023,168.0,-69.97,-53.2
D31,2023-02-24 00:00:00+00:00,-69.97,-53.2,-70.17,-52.89,168.0,0.14971525335593433,332.00441922000283,52.59324164472833,0.06261100195800992,327.40248421043657,2,summer,0.4000000000000057,-0.7299999999999969,840.0,-69.57,-53.93
D31,2023-03-31 00:00:00+00:00,-69.57,-53.93,-69.97,-53.2,840.0,0.06261100195800992,327.40248421043657,12.127502871825182,0.07218751709419752,130.0398643540093,3,autumn,-0.07000000000000739,0.240000000000002,168.0,-69.64,-53.69
D31,2023-04-07 00:00:00+00:00,-69.64,-53.69,-69.57,-53.93,168.0,0.07218751709419752,130.0398643540093,77.30232609424554,0.46013289341812824,352.8768814443372,4,autumn,0.6899999999999977,-0.240000000000002,168.0,-68.95,-53.93
D31,2023-04-14 00:00:00+00:00,-68.95,-53.93,-69.64,-53.69,168.0,0.46013289341812824,352.8768814443372,30.154107215374047,0.17948873342484553,354.61487233369184,4,autumn,0.269999999999996,-0.07000000000000028,168.0,-68.68,-54.0
D31,2023-04-21 00:00:00+00:00,-68.68,-54.0,-68.95,-53.93,168.0,0.17948873342484553,354.61487233369184,61.87720453896994,0.3683166936843449,8.856657235873797,4,autumn,0.5500000000000114,0.22999999999999687,168.0,-68.13,-53.77
D31,2023-04-28 00:00:00+00:00,-68.13,-53.77,-68.68,-54.0,168.0,0.3683166936843449,8.856657235873797,2.3733054431261733,0.01412681811384627,20.447887549014467,4,autumn,0.01999999999999602,0.020000000000003126,168.0,-68.11,-53.75
D31,2023-05-05 00:00:00+00:00,-68.11,-53.75,-68.13,-53.77,168.0,0.01412681811384627,20.447887549014467,129.6961256682387,0.7720007480252303,9.853935378490121,5,autumn,1.1500000000000057,0.509999999999998,168.0,-66.96,-53.24
D31,2023-05-12 00:00:00+00:00,-66.96,-53.24,-68.11,-53.75,168.0,0.7720007480252303,9.853935378490121,180.15011635036444,0.22077220140976034,11.425452440947822,5,autumn,1.5899999999999892,0.7700000000000031,816.0,-65.37,-52.47
D31,2023-06-15 00:00:00+00:00,-65.37,-52.47,-66.96,-53.24,816.0,0.22077220140976034,11.425452440947822,161.48407270072045,0.8410628786495856,176.89225904445516,6,winter,-1.4499999999999886,0.19999999999999574,192.0,-66.82,-52.27
D31,2023-06-23 00:00:00+00:00,-66.82,-52.27,-65.37,-52.47,192.0,0.8410628786495856,176.89225904445516,205.9107483585604,8.579614514940017,357.38048916344917,6,winter,1.8499999999999943,-0.19999999999999574,24.0,-64.97,-52.47
D31,2023-06-24 00:00:00+00:00,-64.97,-52.47,-66.82,-52.27,24.0,8.579614514940017,357.38048916344917,96.93097566684455,0.6731317754641982,13.02229149560958,6,winter,0.8499999999999943,0.44999999999999574,144.0,-64.12,-52.02
D31,2023-06-30 00:00:00+00:00,-64.12,-52.02,-64.97,-52.47,144.0,0.6731317754641982,13.02229149560958,77.14089379666264,0.45917198688489663,82.41893025707452,6,winter,0.10000000000000853,1.5700000000000003,168.0,-64.02,-50.45
D31,2023-07-07 00:00:00+00:00,-64.02,-50.45,-64.12,-52.02,168.0,0.45917198688489663,82.41893025707452,93.3236615451754,0.5554979853879488,8.654641461169888,7,winter,0.8299999999999983,0.28000000000000114,168.0,-63.19,-50.17
D31,2023-07-14 00:00:00+00:00,-63.19,-50.17,-64.02,-50.45,168.0,0.5554979853879488,8.654641461169888,0.0,0.0,0.0,7,winter,0.0,0.0,168.0,-63.19,-50.17
D31,2023-07-21 00:00:00+00:00,-63.19,-50.17,-63.19,-50.17,168.0,0.0,0.0,231.9136367611522,0.34510957851361934,71.13198444681791,7,winter,0.7399999999999949,4.270000000000003,672.0,-62.45,-45.9
D31,2023-08-18 00:00:00+00:00,-62.45,-45.9,-63.19,-50.17,672.0,0.34510957851361934,71.13198444681791,0.0,0.0,0.0,8,winter,0.0,0.0,168.0,-62.45,-45.9
D31,2023-08-25 00:00:00+00:00,-62.45,-45.9,-62.45,-45.9,168.0,0.0,0.0,90.22298346607992,0.5370415682504758,118.61604948383456,8,winter,-0.37999999999999545,1.5599999999999952,168.0,-62.83,-44.34
D31,2023-09-01 00:00:00+00:00,-62.83,-44.34,-62.45,-45.9,168.0,0.5370415682504758,118.61604948383456,45.221645820149234,0.269176463215174,59.24963363922757,9,spring,0.21000000000000085,0.7600000000000051,168.0,-62.62,-43.58
D31,2023-09-08 00:00:00+00:00,-62.62,-43.58,-62.83,-44.34,168.0,0.269176463215174,59.24963363922757,92.49180731682927,0.5505464721239838,36.81534603040939,9,spring,0.6699999999999946,1.0599999999999952,168.0,-61.95,-42.52
D31,2023-09-15 00:00:00+00:00,-61.95,-42.52,-62.62,-43.58,168.0,0.5505464721239838,36.81534603040939,62.97640324209541,0.37485954310771075,342.29115542194444,9,spring,0.5400000000000063,-0.35999999999999943,168.0,-61.41,-42.88
D31,2023-09-22 00:00:00+00:00,-61.41,-42.88,-61.95,-42.52,168.0,0.37485954310771075,342.29115542194444,55.7447376884097,0.29033717546046717,16.903393887375614,9,spring,0.4799999999999969,0.30000000000000426,192.0,-60.93,-42.58
D31,2023-09-30 00:00:00+00:00,-60.93,-42.58,-61.41,-42.88,192.0,0.29033717546046717,16.903393887375614,279.13798720271006,0.3420808666699878,80.94745415442185,9,spring,0.490000000000002,5.030000000000001,816.0,-60.44,-37.55
D31,2023-11-03 00:00:00+00:00,-60.44,-37.55,-60.93,-42.58,816.0,0.3420808666699878,80.94745415442185,10.02260842373945,0.06960144738707952,3.146209266291862,11,spring,0.0899999999999963,0.00999999999999801,144.0,-60.35,-37.54
D31,2023-11-09 00:00:00+00:00,-60.35,-37.54,-60.44,-37.55,144.0,0.06960144738707952,3.146209266291862,17.2811020270936,0.09000573972444582,219.36689247888418,11,spring,-0.11999999999999744,-0.20000000000000284,192.0,-60.47,-37.74
D31,2023-11-17 00:00:00+00:00,-60.47,-37.74,-60.35,-37.54,192.0,0.09000573972444582,219.36689247888418,4.917417924677479,0.0292703447897469,296.8532778875411,11,spring,0.01999999999999602,-0.0799999999999983,168.0,-60.45,-37.82
D31,2023-11-24 00:00:00+00:00,-60.45,-37.82,-60.47,-37.74,168.0,0.0292703447897469,296.8532778875411,107.39223293796071,0.31961974088678785,138.77390051860613,11,spring,-0.7199999999999989,1.3200000000000003,336.0,-61.17,-36.5
D31,2023-12-08 00:00:00+00:00,-61.17,-36.5,-60.45,-37.82,336.0,0.31961974088678785,138.77390051860613,69.4556104838659,0.41342625288015417,42.95313739211997,12,summer,0.46000000000000085,0.8699999999999974,168.0,-60.71,-35.63
D31,2023-12-15 00:00:00+00:00,-60.71,-35.63,-61.17,-36.5,168.0,0.41342625288015417,42.95313739211997,49.503269635339116,0.3437727058009661,46.15084460532563,12,summer,0.3100000000000023,0.6500000000000057,144.0,-60.4,-34.98
D32,2022-11-04 00:00:00+00:00,-67.94,70.88,-68.14,70.74,168.0,0.13683512867850256,14.734180051957878,8.646087596181026,0.051464807120125154,25.850713393920273,11,spring,0.06999999999999318,0.09000000000000341,168.0,-67.87,70.97
D32,2022-11-11 00:00:00+00:00,-67.87,70.97,-67.94,70.88,168.0,0.051464807120125154,25.850713393920273,28.507397582936694,0.16968689037462317,12.871784056100125,11,spring,0.25,0.15000000000000568,168.0,-67.62,71.12
D32,2022-11-18 00:00:00+00:00,-67.62,71.12,-67.87,70.97,168.0,0.16968689037462317,12.871784056100125,8.668734091060646,0.05159960768488479,26.158416687392958,11,spring,0.07000000000000739,0.0899999999999892,168.0,-67.55,71.21
D32,2022-11-25 00:00:00+00:00,-67.55,71.21,-67.62,71.12,168.0,0.05159960768488479,26.158416687392958,13.2522936919201,0.07888270054714346,120.35236252562237,11,spring,-0.060000000000002274,0.27000000000001023,168.0,-67.61,71.48
D32,2022-12-02 00:00:00+00:00,-67.61,71.48,-67.55,71.21,168.0,0.07888270054714346,120.35236252562237,15.933923521286694,0.09484478286480175,347.6481327262641,12,summer,0.14000000000000057,-0.0799999999999983,168.0,-67.47,71.4
D32,2022-12-09 00:00:00+00:00,-67.47,71.4,-67.61,71.48,168.0,0.09484478286480175,347.6481327262641,113.93000505407441,0.13563095839770764,298.13787049090666,12,summer,0.5,-2.3100000000000023,840.0,-66.97,69.09
D32,2023-01-13 00:00:00+00:00,-66.97,69.09,-67.47,71.4,840.0,0.13563095839770764,298.13787049090666,46.82880182263935,0.2787428679919009,262.68930884300767,1,summer,-0.04999999999999716,-1.0700000000000074,168.0,-67.02,68.02
D32,2023-01-20 00:00:00+00:00,-67.02,68.02,-66.97,69.09,168.0,0.2787428679919009,262.68930884300767,38.19481821094022,0.22735010839845368,286.5383894271814,1,summer,0.09999999999999432,-0.8399999999999892,168.0,-66.92,67.18
D32,2023-01-27 00:00:00+00:00,-66.92,67.18,-67.02,68.02,168.0,0.22735010839845368,286.5383894271814,41.2838162092365,0.24573700124545533,307.9377746829723,1,summer,0.23000000000000398,-0.7400000000000091,168.0,-66.69,66.44
D32,2023-02-03 00:00:00+00:00,-66.69,66.44,-66.92,67.18,168.0,0.24573700124545533,307.9377746829723,23.351394648555203,0.1389963967175905,272.48596002007696,2,summer,0.009999999999990905,-0.5300000000000011,168.0,-66.68,65.91
D32,2023-02-10 00:00:00+00:00,-66.68,65.91,-66.69,66.44,168.0,0.1389963967175905,272.48596002007696,5.958435805071363,0.03546687979209145,41.75576935882282,2,summer,0.04000000000000625,0.09000000000000341,168.0,-66.64,66.0
D32,2023-02-17 00:00:00+00:00,-66.64,66.0,-66.68,65.91,168.0,0.03546687979209145,41.75576935882282,20.747129425761557,0.12349481801048545,257.409683269613,2,summer,-0.04000000000000625,-0.45999999999999375,168.0,-66.68,65.54
D32,2023-02-24 00:00:00+00:00,-66.68,65.54,-66.64,66.0,168.0,0.12349481801048545,257.409683269613,32.517888972467226,0.03871177258627051,296.0902524967731,2,summer,0.13000000000000966,-0.6600000000000108,840.0,-66.55,64.88
D32,2023-03-31 00:00:00+00:00,-66.55,64.88,-66.68,65.54,840.0,0.03871177258627051,296.0902524967731,44.72921317954261,0.26624531654489647,266.6869045641424,3,autumn,-0.01999999999999602,-1.009999999999998,168.0,-66.57,63.87
D32,2023-04-07 00:00:00+00:00,-66.57,63.87,-66.55,64.88,168.0,0.26624531654489647,266.6869045641424,108.43181744668671,0.6454274848017066,255.86223684621368,4,autumn,-0.22000000000001307,-2.3999999999999986,168.0,-66.79,61.47
D32,2023-04-14 00:00:00+00:00,-66.79,61.47,-66.57,63.87,168.0,0.6454274848017066,255.86223684621368,92.29393069872715,0.5493686351114712,280.1664730060393,4,autumn,0.1600000000000108,-2.0600000000000023,168.0,-66.63,59.41
D32,2023-04-21 00:00:00+00:00,-66.63,59.41,-66.79,61.47,168.0,0.5493686351114712,280.1664730060393,118.4683132156511,0.7051685310455422,308.7204855937808,4,autumn,0.6799999999999926,-2.039999999999999,168.0,-65.95,57.37
D32,2023-04-28 00:00:00+00:00,-65.95,57.37,-66.63,59.41,168.0,0.7051685310455422,308.7204855937808,88.98704554188105,0.529684794892149,291.18800055471274,4,autumn,0.29999999999999716,-1.8099999999999952,168.0,-65.65,55.56
D32,2023-05-05 00:00:00+00:00,-65.65,55.56,-65.95,57.37,168.0,0.529684794892149,291.18800055471274,0.0,0.0,0.0,5,autumn,0.0,0.0,168.0,-65.65,55.56
D32,2023-05-12 00:00:00+00:00,-65.65,55.56,-65.65,55.56,168.0,0.0,0.0,1.111949266444576,0.0013626829245644314,180.0,5,autumn,-0.009999999999990905,0.0,816.0,-65.66,55.56
D32,2023-06-15 00:00:00+00:00,-65.66,55.56,-65.65,55.56,816.0,0.0013626829245644314,180.0,0.4582904876772302,0.002386929623318907,90.00455557880446,6,winter,0.0,0.00999999999999801,192.0,-65.66,55.57
D32,2023-06-23 00:00:00+00:00,-65.66,55.57,-65.66,55.56,192.0,0.002386929623318907,90.00455557880446,2.405513170961712,0.10022971545673799,22.415932424141488,6,winter,0.01999999999999602,0.020000000000003126,24.0,-65.64,55.59
D32,2023-06-24 00:00:00+00:00,-65.64,55.59,-65.66,55.57,24.0,0.10022971545673799,22.415932424141488,0.0,0.0,0.0,6,winter,0.0,0.0,144.0,-65.64,55.59
D32,2023-06-30 00:00:00+00:00,-65.64,55.59,-65.64,55.59,144.0,0.0,0.0,0.0,0.0,0.0,6,winter,0.0,0.0,168.0,-65.64,55.59
D32,2023-07-07 00:00:00+00:00,-65.64,55.59,-65.64,55.59,168.0,0.0,0.0,1.375932298682053,0.008190073206440792,269.98633542235336,7,winter,0.0,-0.030000000000001137,168.0,-65.64,55.56
D32,2023-07-14 00:00:00+00:00,-65.64,55.56,-65.64,55.59,168.0,0.008190073206440792,269.98633542235336,0.0,0.0,0.0,7,winter,0.0,0.0,168.0,-65.64,55.56
D32,2023-07-21 00:00:00+00:00,-65.64,55.56,-65.64,55.56,168.0,0.0,0.0,0.0,0.0,0.0,7,winter,0.0,0.0,672.0,-65.64,55.56
D32,2023-08-18 00:00:00+00:00,-65.64,55.56,-65.64,55.56,672.0,0.0,0.0,0.0,0.0,0.0,8,winter,0.0,0.0,168.0,-65.64,55.56
D32,2023-08-25 00:00:00+00:00,-65.64,55.56,-65.64,55.56,168.0,0.0,0.0,0.0,0.0,0.0,8,winter,0.0,0.0,168.0,-65.64,55.56
D32,2023-09-01 00:00:00+00:00,-65.64,55.56,-65.64,55.56,168.0,0.0,0.0,0.0,0.0,0.0,9,spring,0.0,0.0,168.0,-65.64,55.56
D32,2023-09-08 00:00:00+00:00,-65.64,55.56,-65.64,55.56,168.0,0.0,0.0,0.0,0.0,0.0,9,spring,0.0,0.0,168.0,-65.64,55.56
D32,2023-09-15 00:00:00+00:00,-65.64,55.56,-65.64,55.56,168.0,0.0,0.0,0.0,0.0,0.0,9,spring,0.0,0.0,168.0,-65.64,55.56
D32,2023-09-22 00:00:00+00:00,-65.64,55.56,-65.64,55.56,168.0,0.0,0.0,2.2238985328907326,0.011582804858805898,0.0,9,spring,0.01999999999999602,0.0,192.0,-65.62,55.56
D32,2023-09-30 00:00:00+00:00,-65.62,55.56,-65.64,55.56,192.0,0.011582804858805898,0.0,3.6091800562654233,0.0044230147748350775,337.5444917266365,9,spring,0.030000000000001137,-0.030000000000001137,816.0,-65.59,55.53
D32,2023-11-03 00:00:00+00:00,-65.59,55.53,-65.62,55.56,816.0,0.0044230147748350775,337.5444917266365,0.0,0.0,0.0,11,spring,0.0,0.0,144.0,-65.59,55.53
D32,2023-11-09 00:00:00+00:00,-65.59,55.53,-65.59,55.53,144.0,0.0,0.0,2.8856502517712563,0.01502942839464196,320.39632802623913,11,spring,0.020000000000010232,-0.03999999999999915,192.0,-65.57,55.49
D32,2023-11-17 00:00:00+00:00,-65.57,55.49,-65.59,55.53,192.0,0.01502942839464196,320.39632802623913,19.36981850900686,0.11529653874408845,300.9442582117546,11,spring,0.0899999999999892,-0.35999999999999943,168.0,-65.48,55.13
D32,2023-11-24 00:00:00+00:00,-65.48,55.13,-65.57,55.49,168.0,0.11529653874408845,300.9442582117546,61.94757501790036,0.18436778279137012,276.61290598357084,11,spring,0.07000000000000739,-1.3300000000000054,336.0,-65.41,53.8
D32,2023-12-08 00:00:00+00:00,-65.41,53.8,-65.48,55.13,336.0,0.18436778279137012,276.61290598357084,8.898007186308174,0.05296432848992961,51.39847343479482,12,summer,0.04999999999999716,0.15000000000000568,168.0,-65.36,53.95
D32,2023-12-15 00:00:00+00:00,-65.36,53.95,-65.41,53.8,168.0,0.05296432848992961,51.39847343479482,12.422108319374281,0.08626464110676585,290.8671410283218,12,summer,0.04000000000000625,-0.25,144.0,-65.32,53.7
D33A,2023-09-15 00:00:00+00:00,-69.23,14.37,-69.38,17.14,168.0,0.6554123249294039,277.41452105644686,50.04058807579949,0.2978606433083303,251.3099274965188,9,spring,-0.14000000000000057,-1.209999999999999,168.0,-69.37,13.16
D33A,2023-09-22 00:00:00+00:00,-69.37,13.16,-69.23,14.37,168.0,0.2978606433083303,251.3099274965188,56.510916032601976,0.29432768766980194,244.9768392556659,9,spring,-0.20999999999999375,-1.3200000000000003,192.0,-69.58,11.84
D33A,2023-09-30 00:00:00+00:00,-69.58,11.84,-69.37,13.16,192.0,0.29432768766980194,244.9768392556659,109.41100615432967,0.13408211538520792,262.2659322764871,9,spring,-0.10999999999999943,-2.8100000000000005,816.0,-69.69,9.03
D33A,2023-11-03 00:00:00+00:00,-69.69,9.03,-69.58,11.84,816.0,0.13408211538520792,262.2659322764871,68.76624733345538,0.47754338426010684,271.0184309685242,11,spring,0.01999999999999602,-1.7799999999999994,144.0,-69.67,7.25
D33A,2023-11-09 00:00:00+00:00,-69.67,7.25,-69.69,9.03,144.0,0.47754338426010684,271.0184309685242,35.64985663716145,0.18567633665188255,305.9960052603892,11,spring,0.18999999999999773,-0.7400000000000002,192.0,-69.48,6.51
D33A,2023-11-17 00:00:00+00:00,-69.48,6.51,-69.67,7.25,192.0,0.18567633665188255,305.9960052603892,43.670004546667045,0.2599405032539705,242.25340492312694,11,spring,-0.1799999999999926,-1.0,168.0,-69.66,5.51
D33A,2023-11-24 00:00:00+00:00,-69.66,5.51,-69.48,6.51,168.0,0.2599405032539705,242.25340492312694,159.36995947582156,0.47431535558280224,271.2713144259162,11,spring,0.0799999999999983,-4.109999999999999,336.0,-69.58,1.4
D33A,2023-12-08 00:00:00+00:00,-69.58,1.4,-69.66,5.51,336.0,0.47431535558280224,271.2713144259162,85.73718583117228,0.510340391852216,282.4956051815441,12,summer,0.1799999999999926,-2.1399999999999997,168.0,-69.4,-0.74
D33A,2023-12-15 00:00:00+00:00,-69.4,-0.74,-69.58,1.4,168.0,0.510340391852216,282.4956051815441,51.7503877128991,0.3593776924506882,243.9886437608635,12,summer,-0.19999999999998863,-1.2,144.0,-69.6,-1.94
D33B,2023-09-15 00:00:00+00:00,-69.45,16.6,-69.64,18.3,168.0,0.41282451528399655,286.9371839363561,49.83450909128553,0.29663398268622343,300.3654757606364,9,spring,0.23000000000000398,-1.0900000000000016,168.0,-69.22,15.51
D33B,2023-09-22 00:00:00+00:00,-69.22,15.51,-69.45,16.6,168.0,0.29663398268622343,300.3654757606364,73.3860950242858,0.3822192449181552,262.17350036627573,9,spring,-0.0799999999999983,-1.8499999999999996,192.0,-69.3,13.66
D33B,2023-09-30 00:00:00+00:00,-69.3,13.66,-69.22,15.51,192.0,0.3822192449181552,262.17350036627573,93.64386139907116,0.11475963406748917,250.9534732077973,9,spring,-0.2600000000000051,-2.2799999999999994,816.0,-69.56,11.38
D33B,2023-11-03 00:00:00+00:00,-69.56,11.38,-69.3,13.66,816.0,0.11475963406748917,250.9534732077973,14.414206899831662,0.10009865902660876,274.2509717850125,11,spring,0.010000000000005116,-0.370000000000001,144.0,-69.55,11.01
D33B,2023-11-09 00:00:00+00:00,-69.55,11.01,-69.56,11.38,144.0,0.10009865902660876,274.2509717850125,7.068270375650717,0.03681390820651415,19.312047513646803,11,spring,0.060000000000002274,0.0600000000000005,192.0,-69.49,11.07
D33B,2023-11-17 00:00:00+00:00,-69.49,11.07,-69.55,11.01,192.0,0.03681390820651415,19.312047513646803,9.107159530117116,0.05420928291736379,347.60248960263675,11,spring,0.0799999999999983,-0.05000000000000071,168.0,-69.41,11.02
D33B,2023-11-24 00:00:00+00:00,-69.41,11.02,-69.49,11.07,168.0,0.05420928291736379,347.60248960263675,52.43457188974254,0.15605527348137663,244.33454832498495,11,spring,-0.20000000000000284,-1.2199999999999989,336.0,-69.61,9.8
D33B,2023-12-08 00:00:00+00:00,-69.61,9.8,-69.41,11.02,336.0,0.15605527348137663,244.33454832498495,69.66647672098551,0.4146814090534852,262.74673927512225,12,summer,-0.07000000000000739,-1.790000000000001,168.0,-69.68,8.01
D33B,2023-12-15 00:00:00+00:00,-69.68,8.01,-69.61,9.8,168.0,0.4146814090534852,262.74673927512225,42.86082348526443,0.2976446075365586,269.47953692238497,12,summer,0.0,-1.1099999999999994,144.0,-69.68,6.9
