iceberg_id,timestamp,latitude,longitude,length_nm,width_nm,remarks,source_file,source_format
A64,2022-01-07T00:00:00Z,-67.13,-59.19,11.0,8.0,belle,iceberg\AntarcticIcebergs_20220107.csv,csv
A69A,2022-01-07T00:00:00Z,-67.09,-58.87,10.0,9.0,belle,iceberg\AntarcticIcebergs_20220107.csv,csv
A69B,2022-01-07T00:00:00Z,-66.5,-59.16,10.0,5.0,belle,iceberg\AntarcticIcebergs_20220107.csv,csv
A69C,2022-01-07T00:00:00Z,-66.57,-58.94,10.0,3.0,belle,iceberg\AntarcticIcebergs_20220107.csv,csv
A70,2022-01-07T00:00:00Z,-67.02,-59.98,8.0,5.0,belle,iceberg\AntarcticIcebergs_20220107.csv,csv
A76A,2022-01-07T00:00:00Z,-72.1,-58.26,73.0,14.0,belle,iceberg\AntarcticIcebergs_20220107.csv,csv
A76B,2022-01-07T00:00:00Z,-73.06,-58.88,20.0,7.0,belle,iceberg\AntarcticIcebergs_20220107.csv,csv
A76C,2022-01-07T00:00:00Z,-70.09,-60.22,16.0,7.0,belle,iceberg\AntarcticIcebergs_20220107.csv,csv
A77,2022-01-07T00:00:00Z,-74.8,-26.46,27.0,4.0,weddw,iceberg\AntarcticIcebergs_20220107.csv,csv
A78,2022-01-07T00:00:00Z,-70.78,-11.45,18.0,4.0,weddw,iceberg\AntarcticIcebergs_20220107.csv,csv
B09B,2022-01-07T00:00:00Z,-66.24,143.41,24.0,8.0,wilke,iceberg\AntarcticIcebergs_20220107.csv,csv
B09G,2022-01-07T00:00:00Z,-68.19,41.82,11.0,7.0,amerw,iceberg\AntarcticIcebergs_20220107.csv,csv
B09I,2022-01-07T00:00:00Z,-57.34,-29.37,12.0,6.0,weddw,iceberg\AntarcticIcebergs_20220107.csv,csv
B15AB,2022-01-07T00:00:00Z,-66.08,50.59,11.0,4.0,amerw,iceberg\AntarcticIcebergs_20220107.csv,csv
B22A,2022-01-07T00:00:00Z,-73.89,-109.4,38.0,24.0,amune (grounded),iceberg\AntarcticIcebergs_20220107.csv,csv
B28,2022-01-07T00:00:00Z,-74.64,-108.77,9.0,6.0,amune (grounded),iceberg\AntarcticIcebergs_20220107.csv,csv
B29,2022-01-07T00:00:00Z,-74.47,-108.92,11.0,5.0,amune (grounded),iceberg\AntarcticIcebergs_20220107.csv,csv
B39,2022-01-07T00:00:00Z,-74.88,-28.82,8.0,4.0,weddw,iceberg\AntarcticIcebergs_20220107.csv,csv
B40,2022-01-07T00:00:00Z,-65.61,132.13,6.0,5.0,wilke,iceberg\AntarcticIcebergs_20220107.csv,csv
B42,2022-01-07T00:00:00Z,-71.64,-148.13,12.0,4.0,amunw,iceberg\AntarcticIcebergs_20220107.csv,csv
B45,2022-01-07T00:00:00Z,-74.67,-109.32,7.0,6.0,amune (grounded),iceberg\AntarcticIcebergs_20220107.csv,csv
B46,2022-01-07T00:00:00Z,-71.59,-132.8,10.0,4.0,amune,iceberg\AntarcticIcebergs_20220107.csv,csv
B47,2022-01-07T00:00:00Z,-73.86,-133.99,12.0,5.0,amunw,iceberg\AntarcticIcebergs_20220107.csv,csv
B50,2022-01-07T00:00:00Z,-68.07,-166.62,15.0,6.0,rosse,iceberg\AntarcticIcebergs_20220107.csv,csv
C15,2022-01-07T00:00:00Z,-65.96,143.27,12.0,8.0,wilke,iceberg\AntarcticIcebergs_20220107.csv,csv
C18B,2022-01-07T00:00:00Z,-66.59,89.55,19.0,4.0,amere (grounded),iceberg\AntarcticIcebergs_20220107.csv,csv
C24,2022-01-07T00:00:00Z,-64.84,96.02,11.0,2.0,wilkw (grounded),iceberg\AntarcticIcebergs_20220107.csv,csv
C29,2022-01-07T00:00:00Z,-66.07,142.83,5.0,5.0,wilke,iceberg\AntarcticIcebergs_20220107.csv,csv
C30,2022-01-07T00:00:00Z,-64.78,96.3,9.0,3.0,wilkw (grounded),iceberg\AntarcticIcebergs_20220107.csv,csv
C31,2022-01-07T00:00:00Z,-64.68,96.51,9.0,3.0,wilkw (grounded),iceberg\AntarcticIcebergs_20220107.csv,csv
C33,2022-01-07T00:00:00Z,-65.42,126.6,8.0,4.0,wilke (grounded),iceberg\AntarcticIcebergs_20220107.csv,csv
C35,2022-01-07T00:00:00Z,-67.27,147.86,7.0,5.0,wilke,iceberg\AntarcticIcebergs_20220107.csv,csv
C36,2022-01-07T00:00:00Z,-67.92,147.51,22.0,15.0,wilke (grounded),iceberg\AntarcticIcebergs_20220107.csv,csv
D20A,2022-01-07T00:00:00Z,-69.93,26.19,19.0,9.0,wedde,iceberg\AntarcticIcebergs_20220107.csv,csv
D23,2022-01-07T00:00:00Z,-69.43,74.68,8.0,6.0,amere (grounded),iceberg\AntarcticIcebergs_20220107.csv,csv
D26,2022-01-07T00:00:00Z,-69.36,29.4,19.0,2.0,wedde (grounded),iceberg\AntarcticIcebergs_20220107.csv,csv
D27,2022-01-07T00:00:00Z,-69.55,23.58,8.0,5.0,wedde,iceberg\AntarcticIcebergs_20220107.csv,csv
D28,2022-01-07T00:00:00Z,-73.62,-25.5,29.0,19.0,weddw,iceberg\AntarcticIcebergs_20220107.csv,csv
D29A,2022-01-07T00:00:00Z,-73.63,-22.59,15.0,9.0,weddw,iceberg\AntarcticIcebergs_20220107.csv,csv
D29B,2022-01-07T00:00:00Z,-71.09,-13.29,13.0,7.0,weddw,iceberg\AntarcticIcebergs_20220107.csv,csv
D29C,2022-01-07T00:00:00Z,-73.67,-24.01,13.0,6.0,weddw,iceberg\AntarcticIcebergs_20220107.csv,csv
D30A,2022-01-07T00:00:00Z,-74.76,-28.0,37.0,11.0,weddw,iceberg\AntarcticIcebergs_20220107.csv,csv
D30B,2022-01-07T00:00:00Z,-73.43,-22.06,10.0,5.0,weddw,iceberg\AntarcticIcebergs_20220107.csv,csv
A64,2022-01-14T00:00:00Z,-67.13,-59.15,11.0,8.0,belle,iceberg\AntarcticIcebergs_20220114.csv,csv
A69A,2022-01-14T00:00:00Z,-67.02,-58.66,10.0,9.0,belle,iceberg\AntarcticIcebergs_20220114.csv,csv
A69B,2022-01-14T00:00:00Z,-66.57,-59.86,10.0,5.0,belle,iceberg\AntarcticIcebergs_20220114.csv,csv
A69C,2022-01-14T00:00:00Z,-66.58,-58.59,10.0,3.0,belle,iceberg\AntarcticIcebergs_20220114.csv,csv
A70,2022-01-14T00:00:00Z,-67.07,-60.03,8.0,5.0,belle,iceberg\AntarcticIcebergs_20220114.csv,csv
A76A,2022-01-14T00:00:00Z,-72.02,-58.08,73.0,14.0,belle,iceberg\AntarcticIcebergs_20220114.csv,csv
A76B,2022-01-14T00:00:00Z,-73.05,-58.67,20.0,7.0,belle,iceberg\AntarcticIcebergs_20220114.csv,csv
A76C,2022-01-14T00:00:00Z,-70.0,-60.04,16.0,7.0,belle,iceberg\AntarcticIcebergs_20220114.csv,csv
A77,2022-01-14T00:00:00Z,-74.78,-26.3,27.0,4.0,weddw,iceberg\AntarcticIcebergs_20220114.csv,csv
A78,2022-01-14T00:00:00Z,-70.92,-11.84,18.0,4.0,weddw,iceberg\AntarcticIcebergs_20220114.csv,csv
B09B,2022-01-14T00:00:00Z,-66.24,143.47,24.0,8.0,wilke,iceberg\AntarcticIcebergs_20220114.csv,csv
B09G,2022-01-14T00:00:00Z,-68.19,41.82,11.0,7.0,amerw,iceberg\AntarcticIcebergs_20220114.csv,csv
B09I,2022-01-14T00:00:00Z,-57.34,-29.43,12.0,6.0,weddw,iceberg\AntarcticIcebergs_20220114.csv,csv
B15AB,2022-01-14T00:00:00Z,-66.08,50.59,11.0,4.0,amerw,iceberg\AntarcticIcebergs_20220114.csv,csv
B22A,2022-01-14T00:00:00Z,-73.89,-109.4,38.0,24.0,amune (grounded),iceberg\AntarcticIcebergs_20220114.csv,csv
B28,2022-01-14T00:00:00Z,-74.64,-108.77,9.0,6.0,amune (grounded),iceberg\AntarcticIcebergs_20220114.csv,csv
B29,2022-01-14T00:00:00Z,-74.47,-108.92,11.0,5.0,amune (grounded),iceberg\AntarcticIcebergs_20220114.csv,csv
B39,2022-01-14T00:00:00Z,-74.88,-28.63,8.0,4.0,weddw,iceberg\AntarcticIcebergs_20220114.csv,csv
B40,2022-01-14T00:00:00Z,-65.61,132.13,6.0,5.0,wilke,iceberg\AntarcticIcebergs_20220114.csv,csv
B42,2022-01-14T00:00:00Z,-71.55,-147.72,12.0,4.0,amunw,iceberg\AntarcticIcebergs_20220114.csv,csv
B45,2022-01-14T00:00:00Z,-74.67,-109.32,7.0,6.0,amune (grounded),iceberg\AntarcticIcebergs_20220114.csv,csv
B46,2022-01-14T00:00:00Z,-71.67,-133.18,10.0,4.0,amune,iceberg\AntarcticIcebergs_20220114.csv,csv
B47,2022-01-14T00:00:00Z,-73.86,-134.02,12.0,5.0,amunw,iceberg\AntarcticIcebergs_20220114.csv,csv
B50,2022-01-14T00:00:00Z,-67.99,-167.14,15.0,6.0,rosse,iceberg\AntarcticIcebergs_20220114.csv,csv
C15,2022-01-14T00:00:00Z,-65.96,143.27,12.0,8.0,wilke,iceberg\AntarcticIcebergs_20220114.csv,csv
C18B,2022-01-14T00:00:00Z,-66.59,89.55,19.0,4.0,amere (grounded),iceberg\AntarcticIcebergs_20220114.csv,csv
C24,2022-01-14T00:00:00Z,-64.84,96.02,11.0,2.0,wilkw (grounded),iceberg\AntarcticIcebergs_20220114.csv,csv
C29,2022-01-14T00:00:00Z,-66.07,142.83,5.0,5.0,wilke,iceberg\AntarcticIcebergs_20220114.csv,csv
C30,2022-01-14T00:00:00Z,-64.78,96.3,9.0,3.0,wilkw (grounded),iceberg\AntarcticIcebergs_20220114.csv,csv
C31,2022-01-14T00:00:00Z,-64.68,96.51,9.0,3.0,wilkw (grounded),iceberg\AntarcticIcebergs_20220114.csv,csv
C33,2022-01-14T00:00:00Z,-65.42,126.6,8.0,4.0,wilke (grounded),iceberg\AntarcticIcebergs_20220114.csv,csv
C35,2022-01-14T00:00:00Z,-67.3,148.04,7.0,5.0,wilke,iceberg\AntarcticIcebergs_20220114.csv,csv
C36,2022-01-14T00:00:00Z,-67.92,147.51,22.0,15.0,wilke (grounded),iceberg\AntarcticIcebergs_20220114.csv,csv
D20A,2022-01-14T00:00:00Z,-69.95,23.56,19.0,9.0,wedde,iceberg\AntarcticIcebergs_20220114.csv,csv
D23,2022-01-14T00:00:00Z,-69.43,74.68,8.0,6.0,amere (grounded),iceberg\AntarcticIcebergs_20220114.csv,csv
D26,2022-01-14T00:00:00Z,-69.36,29.4,19.0,2.0,wedde (grounded),iceberg\AntarcticIcebergs_20220114.csv,csv
D27,2022-01-14T00:00:00Z,-69.62,23.03,8.0,5.0,wedde,iceberg\AntarcticIcebergs_20220114.csv,csv
D28,2022-01-14T00:00:00Z,-73.67,-26.3,29.0,19.0,weddw,iceberg\AntarcticIcebergs_20220114.csv,csv
D29A,2022-01-14T00:00:00Z,-73.6,-22.78,15.0,9.0,weddw,iceberg\AntarcticIcebergs_20220114.csv,csv
D29B,2022-01-14T00:00:00Z,-71.21,-13.82,13.0,7.0,weddw,iceberg\AntarcticIcebergs_20220114.csv,csv
D29C,2022-01-14T00:00:00Z,-73.57,-25.02,13.0,6.0,weddw,iceberg\AntarcticIcebergs_20220114.csv,csv
D30A,2022-01-14T00:00:00Z,-74.73,-28.26,37.0,11.0,weddw,iceberg\AntarcticIcebergs_20220114.csv,csv
D30B,2022-01-14T00:00:00Z,-73.37,-23.58,10.0,5.0,weddw,iceberg\AntarcticIcebergs_20220114.csv,csv
A64,2022-01-21T00:00:00Z,-67.2,-59.41,9.0,8.0,belle,iceberg\AntarcticIcebergs_20220121.csv,csv
A69A,2022-01-21T00:00:00Z,-67.01,-58.68,10.0,9.0,belle,iceberg\AntarcticIcebergs_20220121.csv,csv
A69B,2022-01-21T00:00:00Z,-66.42,-60.05,10.0,5.0,belle,iceberg\AntarcticIcebergs_20220121.csv,csv
A69C,2022-01-21T00:00:00Z,-66.6,-58.42,10.0,3.0,belle,iceberg\AntarcticIcebergs_20220121.csv,csv
A70,2022-01-21T00:00:00Z,-67.01,-59.96,8.0,5.0,belle,iceberg\AntarcticIcebergs_20220121.csv,csv
A76A,2022-01-21T00:00:00Z,-71.95,-57.82,73.0,14.0,belle,iceberg\AntarcticIcebergs_20220121.csv,csv
A76B,2022-01-21T00:00:00Z,-73.02,-59.07,20.0,7.0,belle,iceberg\AntarcticIcebergs_20220121.csv,csv
A76C,2022-01-21T00:00:00Z,-70.07,-59.9,16.0,7.0,belle,iceberg\AntarcticIcebergs_20220121.csv,csv
A77,2022-01-21T00:00:00Z,-74.69,-26.36,27.0,4.0,weddw,iceberg\AntarcticIcebergs_20220121.csv,csv
A78,2022-01-21T00:00:00Z,-71.09,-12.85,18.0,4.0,weddw,iceberg\AntarcticIcebergs_20220121.csv,csv
B09B,2022-01-21T00:00:00Z,-66.22,143.46,24.0,8.0,wilke,iceberg\AntarcticIcebergs_20220121.csv,csv
B09G,2022-01-21T00:00:00Z,-68.19,41.82,11.0,7.0,amerw,iceberg\AntarcticIcebergs_20220121.csv,csv
B09I,2022-01-21T00:00:00Z,-57.18,-28.96,12.0,6.0,weddw,iceberg\AntarcticIcebergs_20220121.csv,csv
B15AB,2022-01-21T00:00:00Z,-66.08,50.59,11.0,4.0,amerw,iceberg\AntarcticIcebergs_20220121.csv,csv
B22A,2022-01-21T00:00:00Z,-73.88,-109.43,38.0,24.0,amune (grounded),iceberg\AntarcticIcebergs_20220121.csv,csv
B28,2022-01-21T00:00:00Z,-74.64,-108.77,9.0,6.0,amune (grounded),iceberg\AntarcticIcebergs_20220121.csv,csv
B29,2022-01-21T00:00:00Z,-74.47,-108.92,11.0,5.0,amune (grounded),iceberg\AntarcticIcebergs_20220121.csv,csv
B39,2022-01-21T00:00:00Z,-74.97,-27.99,8.0,4.0,weddw,iceberg\AntarcticIcebergs_20220121.csv,csv
B40,2022-01-21T00:00:00Z,-65.58,132.12,6.0,5.0,wilke,iceberg\AntarcticIcebergs_20220121.csv,csv
B42,2022-01-21T00:00:00Z,-71.54,-148.09,12.0,4.0,amunw,iceberg\AntarcticIcebergs_20220121.csv,csv
B45,2022-01-21T00:00:00Z,-74.67,-109.32,7.0,6.0,amune (grounded),iceberg\AntarcticIcebergs_20220121.csv,csv
B46,2022-01-21T00:00:00Z,-71.87,-133.18,10.0,4.0,amune,iceberg\AntarcticIcebergs_20220121.csv,csv
B47,2022-01-21T00:00:00Z,-73.86,-134.01,12.0,5.0,amunw,iceberg\AntarcticIcebergs_20220121.csv,csv
B50,2022-01-21T00:00:00Z,-67.8,-166.89,15.0,6.0,rosse,iceberg\AntarcticIcebergs_20220121.csv,csv
C15,2022-01-21T00:00:00Z,-65.96,143.27,12.0,8.0,wilke,iceberg\AntarcticIcebergs_20220121.csv,csv
C18B,2022-01-21T00:00:00Z,-66.59,89.55,19.0,4.0,amere (grounded),iceberg\AntarcticIcebergs_20220121.csv,csv
C24,2022-01-21T00:00:00Z,-64.84,96.02,11.0,2.0,wilkw (grounded),iceberg\AntarcticIcebergs_20220121.csv,csv
C29,2022-01-21T00:00:00Z,-66.07,142.81,5.0,5.0,wilke,iceberg\AntarcticIcebergs_20220121.csv,csv
C30,2022-01-21T00:00:00Z,-64.78,96.3,9.0,3.0,wilkw (grounded),iceberg\AntarcticIcebergs_20220121.csv,csv
C31,2022-01-21T00:00:00Z,-64.68,96.51,9.0,3.0,wilkw (grounded),iceberg\AntarcticIcebergs_20220121.csv,csv
C33,2022-01-21T00:00:00Z,-65.42,126.62,8.0,4.0,wilke (grounded),iceberg\AntarcticIcebergs_20220121.csv,csv
C35,2022-01-21T00:00:00Z,-67.36,148.14,7.0,5.0,wilke,iceberg\AntarcticIcebergs_20220121.csv,csv
C36,2022-01-21T00:00:00Z,-67.92,147.51,22.0,15.0,wilke (grounded),iceberg\AntarcticIcebergs_20220121.csv,csv
D20A,2022-01-21T00:00:00Z,-69.6,24.38,19.0,9.0,wedde,iceberg\AntarcticIcebergs_20220121.csv,csv
D23,2022-01-21T00:00:00Z,-69.43,74.68,8.0,6.0,amere (grounded),iceberg\AntarcticIcebergs_20220121.csv,csv
D26,2022-01-21T00:00:00Z,-69.36,29.4,19.0,2.0,wedde (grounded),iceberg\AntarcticIcebergs_20220121.csv,csv
D27,2022-01-21T00:00:00Z,-69.64,23.08,8.0,5.0,wedde,iceberg\AntarcticIcebergs_20220121.csv,csv
D28,2022-01-21T00:00:00Z,-73.78,-26.55,29.0,19.0,weddw,iceberg\AntarcticIcebergs_20220121.csv,csv
D29A,2022-01-21T00:00:00Z,-73.63,-22.87,15.0,9.0,weddw,iceberg\AntarcticIcebergs_20220121.csv,csv
D29B,2022-01-21T00:00:00Z,-71.17,-14.51,13.0,7.0,weddw,iceberg\AntarcticIcebergs_20220121.csv,csv
D29C,2022-01-21T00:00:00Z,-73.58,-25.86,13.0,6.0,weddw,iceberg\AntarcticIcebergs_20220121.csv,csv
D30A,2022-01-21T00:00:00Z,-74.67,-29.1,37.0,11.0,weddw,iceberg\AntarcticIcebergs_20220121.csv,csv
D30B,2022-01-21T00:00:00Z,-73.36,-25.06,10.0,5.0,weddw,iceberg\AntarcticIcebergs_20220121.csv,csv
A64,2022-01-28T00:00:00Z,-67.22,-59.66,9.0,8.0,belle,iceberg\AntarcticIcebergs_20220128.csv,csv
A69A,2022-01-28T00:00:00Z,-66.96,-59.0,10.0,9.0,belle,iceberg\AntarcticIcebergs_20220128.csv,csv
A69B,2022-01-28T00:00:00Z,-66.31,-59.87,10.0,5.0,belle,iceberg\AntarcticIcebergs_20220128.csv,csv
A69C,2022-01-28T00:00:00Z,-66.62,-58.15,10.0,3.0,belle,iceberg\AntarcticIcebergs_20220128.csv,csv
A70,2022-01-28T00:00:00Z,-66.92,-59.7,8.0,5.0,belle,iceberg\AntarcticIcebergs_20220128.csv,csv
A76A,2022-01-28T00:00:00Z,-71.67,-57.33,73.0,14.0,belle,iceberg\AntarcticIcebergs_20220128.csv,csv
A76B,2022-01-28T00:00:00Z,-72.97,-59.0,20.0,7.0,belle,iceberg\AntarcticIcebergs_20220128.csv,csv
A76C,2022-01-28T00:00:00Z,-70.11,-59.83,16.0,7.0,belle,iceberg\AntarcticIcebergs_20220128.csv,csv
A77,2022-01-28T00:00:00Z,-74.71,-27.11,27.0,4.0,weddw,iceberg\AntarcticIcebergs_20220128.csv,csv
A78,2022-01-28T00:00:00Z,-71.62,-16.04,18.0,4.0,weddw,iceberg\AntarcticIcebergs_20220128.csv,csv
B09B,2022-01-28T00:00:00Z,-66.22,143.46,24.0,8.0,wilke,iceberg\AntarcticIcebergs_20220128.csv,csv
B09G,2022-01-28T00:00:00Z,-68.19,41.82,11.0,7.0,amerw,iceberg\AntarcticIcebergs_20220128.csv,csv
B09I,2022-01-28T00:00:00Z,-56.78,-29.03,12.0,6.0,weddw,iceberg\AntarcticIcebergs_20220128.csv,csv
B15AB,2022-01-28T00:00:00Z,-66.08,50.59,11.0,4.0,amerw,iceberg\AntarcticIcebergs_20220128.csv,csv
B22A,2022-01-28T00:00:00Z,-73.86,-109.46,38.0,24.0,amune (grounded),iceberg\AntarcticIcebergs_20220128.csv,csv
B28,2022-01-28T00:00:00Z,-74.61,-108.8,9.0,6.0,amune (grounded),iceberg\AntarcticIcebergs_20220128.csv,csv
B29,2022-01-28T00:00:00Z,-74.43,-108.98,11.0,5.0,amune (grounded),iceberg\AntarcticIcebergs_20220128.csv,csv
B40,2022-01-28T00:00:00Z,-65.63,131.84,6.0,5.0,wilke,iceberg\AntarcticIcebergs_20220128.csv,csv
B42,2022-01-28T00:00:00Z,-71.51,-147.95,12.0,4.0,amunw,iceberg\AntarcticIcebergs_20220128.csv,csv
B45,2022-01-28T00:00:00Z,-74.67,-109.3,7.0,6.0,amune (grounded),iceberg\AntarcticIcebergs_20220128.csv,csv
B46,2022-01-28T00:00:00Z,-72.08,-133.5,10.0,4.0,amune,iceberg\AntarcticIcebergs_20220128.csv,csv
B47,2022-01-28T00:00:00Z,-73.86,-134.03,12.0,5.0,amunw,iceberg\AntarcticIcebergs_20220128.csv,csv
B50,2022-01-28T00:00:00Z,-67.56,-167.39,15.0,6.0,rosse,iceberg\AntarcticIcebergs_20220128.csv,csv
C15,2022-01-28T00:00:00Z,-65.96,143.27,12.0,8.0,wilke,iceberg\AntarcticIcebergs_20220128.csv,csv
C18B,2022-01-28T00:00:00Z,-66.59,89.55,19.0,4.0,amere (grounded),iceberg\AntarcticIcebergs_20220128.csv,csv
C24,2022-01-28T00:00:00Z,-64.84,96.02,11.0,2.0,wilkw (grounded),iceberg\AntarcticIcebergs_20220128.csv,csv
C29,2022-01-28T00:00:00Z,-66.07,142.81,5.0,5.0,wilke,iceberg\AntarcticIcebergs_20220128.csv,csv
C30,2022-01-28T00:00:00Z,-64.78,96.3,9.0,3.0,wilkw (grounded),iceberg\AntarcticIcebergs_20220128.csv,csv
C31,2022-01-28T00:00:00Z,-64.68,96.51,9.0,3.0,wilkw (grounded),iceberg\AntarcticIcebergs_20220128.csv,csv
C33,2022-01-28T00:00:00Z,-65.42,126.62,8.0,4.0,wilke (grounded),iceberg\AntarcticIcebergs_20220128.csv,csv
C35,2022-01-28T00:00:00Z,-67.38,148.14,7.0,5.0,wilke,iceberg\AntarcticIcebergs_20220128.csv,csv
C36,2022-01-28T00:00:00Z,-67.92,147.51,22.0,15.0,wilke (grounded),iceberg\AntarcticIcebergs_20220128.csv,csv
D20A,2022-01-28T00:00:00Z,-69.37,23.5,18.0,7.0,wedde,iceberg\AntarcticIcebergs_20220128.csv,csv
D23,2022-01-28T00:00:00Z,-69.43,74.68,8.0,6.0,amere (grounded),iceberg\AntarcticIcebergs_20220128.csv,csv
D26,2022-01-28T00:00:00Z,-69.36,29.4,19.0,2.0,wedde (grounded),iceberg\AntarcticIcebergs_20220128.csv,csv
D27,2022-01-28T00:00:00Z,-69.56,23.71,8.0,5.0,wedde,iceberg\AntarcticIcebergs_20220128.csv,csv
D28,2022-01-28T00:00:00Z,-73.93,-26.69,29.0,19.0,weddw,iceberg\AntarcticIcebergs_20220128.csv,csv
D29A,2022-01-28T00:00:00Z,-73.6,-24.54,15.0,9.0,weddw,iceberg\AntarcticIcebergs_20220128.csv,csv
D29B,2022-01-28T00:00:00Z,-71.88,-16.24,13.0,7.0,weddw,iceberg\AntarcticIcebergs_20220128.csv,csv
D29C,2022-01-28T00:00:00Z,-73.56,-25.78,13.0,6.0,weddw,iceberg\AntarcticIcebergs_20220128.csv,csv
D30A,2022-01-28T00:00:00Z,-74.49,-30.34,37.0,11.0,belle,iceberg\AntarcticIcebergs_20220128.csv,csv
D30B,2022-01-28T00:00:00Z,-73.43,-26.06,10.0,5.0,weddw,iceberg\AntarcticIcebergs_20220128.csv,csv
D31,2022-01-28T00:00:00Z,-69.89,2.34,16.0,2.0,wedde,iceberg\AntarcticIcebergs_20220128.csv,csv
A64,2022-02-04T00:00:00Z,-67.28,-59.99,9.0,8.0,belle,iceberg\AntarcticIcebergs_20220204.csv,csv
A69A,2022-02-04T00:00:00Z,-66.9,-59.12,10.0,9.0,belle,iceberg\AntarcticIcebergs_20220204.csv,csv
A69B,2022-02-04T00:00:00Z,-66.29,-59.42,10.0,5.0,belle,iceberg\AntarcticIcebergs_20220204.csv,csv
A69C,2022-02-04T00:00:00Z,-66.57,-58.05,10.0,3.0,belle,iceberg\AntarcticIcebergs_20220204.csv,csv
A70,2022-02-04T00:00:00Z,-66.83,-59.63,8.0,5.0,belle,iceberg\AntarcticIcebergs_20220204.csv,csv
A76A,2022-02-04T00:00:00Z,-71.4,-56.85,73.0,14.0,belle,iceberg\AntarcticIcebergs_20220204.csv,csv
A76B,2022-02-04T00:00:00Z,-72.89,-58.94,20.0,7.0,belle,iceberg\AntarcticIcebergs_20220204.csv,csv
A76C,2022-02-04T00:00:00Z,-69.93,-60.06,16.0,7.0,belle,iceberg\AntarcticIcebergs_20220204.csv,csv
A77,2022-02-04T00:00:00Z,-74.77,-27.79,27.0,4.0,weddw,iceberg\AntarcticIcebergs_20220204.csv,csv
A78,2022-02-04T00:00:00Z,-72.16,-18.09,18.0,4.0,weddw,iceberg\AntarcticIcebergs_20220204.csv,csv
B09B,2022-02-04T00:00:00Z,-66.22,143.45,24.0,8.0,wilke,iceberg\AntarcticIcebergs_20220204.csv,csv
B09G,2022-02-04T00:00:00Z,-68.19,41.82,11.0,7.0,amerw,iceberg\AntarcticIcebergs_20220204.csv,csv
B09I,2022-02-04T00:00:00Z,-56.82,-29.41,12.0,6.0,weddw,iceberg\AntarcticIcebergs_20220204.csv,csv
B15AB,2022-02-04T00:00:00Z,-66.08,50.59,11.0,4.0,amerw,iceberg\AntarcticIcebergs_20220204.csv,csv
B22A,2022-02-04T00:00:00Z,-73.84,-109.42,38.0,24.0,amune (grounded),iceberg\AntarcticIcebergs_20220204.csv,csv
B28,2022-02-04T00:00:00Z,-74.58,-108.86,9.0,6.0,amune (grounded),iceberg\AntarcticIcebergs_20220204.csv,csv
B29,2022-02-04T00:00:00Z,-74.39,-108.98,11.0,5.0,amune (grounded),iceberg\AntarcticIcebergs_20220204.csv,csv
B40,2022-02-04T00:00:00Z,-65.67,131.6,6.0,5.0,wilke,iceberg\AntarcticIcebergs_20220204.csv,csv
B42,2022-02-04T00:00:00Z,-71.41,-147.87,12.0,4.0,amunw,iceberg\AntarcticIcebergs_20220204.csv,csv
B45,2022-02-04T00:00:00Z,-74.66,-109.29,7.0,6.0,amune (grounded),iceberg\AntarcticIcebergs_20220204.csv,csv
B46,2022-02-04T00:00:00Z,-72.06,-133.49,10.0,4.0,amune,iceberg\AntarcticIcebergs_20220204.csv,csv
B47,2022-02-04T00:00:00Z,-73.86,-134.0,12.0,5.0,amunw,iceberg\AntarcticIcebergs_20220204.csv,csv
B50,2022-02-04T00:00:00Z,-67.58,-167.67,15.0,6.0,rosse,iceberg\AntarcticIcebergs_20220204.csv,csv
C15,2022-02-04T00:00:00Z,-65.96,143.27,12.0,8.0,wilke,iceberg\AntarcticIcebergs_20220204.csv,csv
C18B,2022-02-04T00:00:00Z,-66.59,89.55,19.0,4.0,amere (grounded),iceberg\AntarcticIcebergs_20220204.csv,csv
C24,2022-02-04T00:00:00Z,-64.84,96.02,11.0,2.0,wilkw (grounded),iceberg\AntarcticIcebergs_20220204.csv,csv
C29,2022-02-04T00:00:00Z,-66.06,142.8,5.0,5.0,wilke,iceberg\AntarcticIcebergs_20220204.csv,csv
C30,2022-02-04T00:00:00Z,-64.78,96.3,9.0,3.0,wilkw (grounded),iceberg\AntarcticIcebergs_20220204.csv,csv
C31,2022-02-04T00:00:00Z,-64.68,96.51,9.0,3.0,wilkw (grounded),iceberg\AntarcticIcebergs_20220204.csv,csv
C33,2022-02-04T00:00:00Z,-65.4,126.62,8.0,4.0,wilke (grounded),iceberg\AntarcticIcebergs_20220204.csv,csv
C35,2022-02-04T00:00:00Z,-67.39,148.03,7.0,5.0,wilke,iceberg\AntarcticIcebergs_20220204.csv,csv
C36,2022-02-04T00:00:00Z,-67.92,147.47,22.0,15.0,wilke (grounded),iceberg\AntarcticIcebergs_20220204.csv,csv
D20A,2022-02-04T00:00:00Z,-69.6,23.55,18.0,7.0,wedde,iceberg\AntarcticIcebergs_20220204.csv,csv
D23,2022-02-04T00:00:00Z,-69.43,74.68,8.0,6.0,amere (grounded),iceberg\AntarcticIcebergs_20220204.csv,csv
D26,2022-02-04T00:00:00Z,-69.36,29.4,19.0,2.0,wedde (grounded),iceberg\AntarcticIcebergs_20220204.csv,csv
D27,2022-02-04T00:00:00Z,-69.22,23.14,8.0,5.0,wedde,iceberg\AntarcticIcebergs_20220204.csv,csv
D28,2022-02-04T00:00:00Z,-74.1,-26.78,29.0,19.0,weddw,iceberg\AntarcticIcebergs_20220204.csv,csv
D29A,2022-02-04T00:00:00Z,-73.41,-25.53,15.0,9.0,weddw,iceberg\AntarcticIcebergs_20220204.csv,csv
D29B,2022-02-04T00:00:00Z,-72.24,-17.07,13.0,7.0,weddw,iceberg\AntarcticIcebergs_20220204.csv,csv
D29C,2022-02-04T00:00:00Z,-73.5,-26.01,13.0,6.0,weddw,iceberg\AntarcticIcebergs_20220204.csv,csv
D30A,2022-02-04T00:00:00Z,-74.44,-31.04,37.0,11.0,belle,iceberg\AntarcticIcebergs_20220204.csv,csv
D30B,2022-02-04T00:00:00Z,-73.68,-26.75,10.0,5.0,weddw,iceberg\AntarcticIcebergs_20220204.csv,csv
D31,2022-02-04T00:00:00Z,-69.66,0.74,16.0,2.0,wedde,iceberg\AntarcticIcebergs_20220204.csv,csv
A64,2022-02-11T00:00:00Z,-67.29,-59.72,9.0,8.0,belle,iceberg\AntarcticIcebergs_20220211.csv,csv
A69A,2022-02-11T00:00:00Z,-66.81,-59.52,10.0,9.0,belle,iceberg\AntarcticIcebergs_20220211.csv,csv
A69B,2022-02-11T00:00:00Z,-66.29,-58.84,10.0,5.0,belle,iceberg\AntarcticIcebergs_20220211.csv,csv
A69C,2022-02-11T00:00:00Z,-66.66,-58.05,10.0,3.0,belle,iceberg\AntarcticIcebergs_20220211.csv,csv
A70,2022-02-11T00:00:00Z,-66.67,-59.92,8.0,5.0,belle,iceberg\AntarcticIcebergs_20220211.csv,csv
A76A,2022-02-11T00:00:00Z,-71.26,-56.36,73.0,14.0,belle,iceberg\AntarcticIcebergs_20220211.csv,csv
A76B,2022-02-11T00:00:00Z,-72.85,-59.05,20.0,7.0,belle,iceberg\AntarcticIcebergs_20220211.csv,csv
A76C,2022-02-11T00:00:00Z,-69.89,-59.74,16.0,7.0,belle,iceberg\AntarcticIcebergs_20220211.csv,csv
A77,2022-02-11T00:00:00Z,-74.85,-28.27,27.0,4.0,weddw,iceberg\AntarcticIcebergs_20220211.csv,csv
A78,2022-02-11T00:00:00Z,-72.54,-20.55,18.0,4.0,weddw,iceberg\AntarcticIcebergs_20220211.csv,csv
B09B,2022-02-11T00:00:00Z,-66.22,143.44,24.0,8.0,wilke,iceberg\AntarcticIcebergs_20220211.csv,csv
B09G,2022-02-11T00:00:00Z,-68.19,41.82,11.0,7.0,amerw,iceberg\AntarcticIcebergs_20220211.csv,csv
B09I,2022-02-11T00:00:00Z,-56.29,-30.35,12.0,6.0,belle,iceberg\AntarcticIcebergs_20220211.csv,csv
B15AB,2022-02-11T00:00:00Z,-66.08,50.59,11.0,4.0,amerw,iceberg\AntarcticIcebergs_20220211.csv,csv
B22A,2022-02-11T00:00:00Z,-73.83,-109.44,38.0,24.0,amune (grounded),iceberg\AntarcticIcebergs_20220211.csv,csv
B28,2022-02-11T00:00:00Z,-74.49,-109.13,9.0,6.0,amune (grounded),iceberg\AntarcticIcebergs_20220211.csv,csv
B29,2022-02-11T00:00:00Z,-74.32,-109.2,11.0,5.0,amune (grounded),iceberg\AntarcticIcebergs_20220211.csv,csv
B40,2022-02-11T00:00:00Z,-65.6,131.2,6.0,5.0,wilke,iceberg\AntarcticIcebergs_20220211.csv,csv
B42,2022-02-11T00:00:00Z,-71.32,-147.82,12.0,4.0,amunw,iceberg\AntarcticIcebergs_20220211.csv,csv
B45,2022-02-11T00:00:00Z,-74.62,-109.35,7.0,6.0,amune,iceberg\AntarcticIcebergs_20220211.csv,csv
B46,2022-02-11T00:00:00Z,-72.12,-133.8,10.0,4.0,amune,iceberg\AntarcticIcebergs_20220211.csv,csv
B47,2022-02-11T00:00:00Z,-73.86,-134.01,12.0,5.0,amunw,iceberg\AntarcticIcebergs_20220211.csv,csv
B50,2022-02-11T00:00:00Z,-67.54,-167.28,15.0,6.0,rosse,iceberg\AntarcticIcebergs_20220211.csv,csv
C15,2022-02-11T00:00:00Z,-65.96,143.26,12.0,8.0,wilke,iceberg\AntarcticIcebergs_20220211.csv,csv
C18B,2022-02-11T00:00:00Z,-66.59,89.55,19.0,4.0,amere (grounded),iceberg\AntarcticIcebergs_20220211.csv,csv
C24,2022-02-11T00:00:00Z,-64.84,96.02,11.0,2.0,wilkw (grounded),iceberg\AntarcticIcebergs_20220211.csv,csv
C29,2022-02-11T00:00:00Z,-66.06,142.8,5.0,5.0,wilke,iceberg\AntarcticIcebergs_20220211.csv,csv
C30,2022-02-11T00:00:00Z,-64.78,96.3,9.0,3.0,wilkw (grounded),iceberg\AntarcticIcebergs_20220211.csv,csv
C31,2022-02-11T00:00:00Z,-64.68,96.51,9.0,3.0,wilkw (grounded),iceberg\AntarcticIcebergs_20220211.csv,csv
C33,2022-02-11T00:00:00Z,-65.37,126.6,8.0,4.0,wilke (grounded),iceberg\AntarcticIcebergs_20220211.csv,csv
C35,2022-02-11T00:00:00Z,-67.36,147.97,7.0,5.0,wilke,iceberg\AntarcticIcebergs_20220211.csv,csv
C36,2022-02-11T00:00:00Z,-67.92,147.47,22.0,15.0,wilke (grounded),iceberg\AntarcticIcebergs_20220211.csv,csv
D20A,2022-02-11T00:00:00Z,-69.5,22.46,18.0,7.0,wedde,iceberg\AntarcticIcebergs_20220211.csv,csv
D23,2022-02-11T00:00:00Z,-69.43,74.68,8.0,6.0,amere (grounded),iceberg\AntarcticIcebergs_20220211.csv,csv
D26,2022-02-11T00:00:00Z,-69.36,29.4,19.0,2.0,wedde (grounded),iceberg\AntarcticIcebergs_20220211.csv,csv
D27,2022-02-11T00:00:00Z,-69.49,23.17,8.0,5.0,wedde,iceberg\AntarcticIcebergs_20220211.csv,csv
D28,2022-02-11T00:00:00Z,-74.29,-26.96,29.0,19.0,weddw,iceberg\AntarcticIcebergs_20220211.csv,csv
D29A,2022-02-11T00:00:00Z,-72.71,-26.82,15.0,9.0,weddw,iceberg\AntarcticIcebergs_20220211.csv,csv
D29B,2022-02-11T00:00:00Z,-72.49,-18.12,13.0,7.0,weddw,iceberg\AntarcticIcebergs_20220211.csv,csv
D29C,2022-02-11T00:00:00Z,-73.53,-26.58,13.0,6.0,weddw,iceberg\AntarcticIcebergs_20220211.csv,csv
D30A,2022-02-11T00:00:00Z,-74.41,-31.32,37.0,11.0,belle,iceberg\AntarcticIcebergs_20220211.csv,csv
D30B,2022-02-11T00:00:00Z,-73.83,-26.48,10.0,5.0,weddw,iceberg\AntarcticIcebergs_20220211.csv,csv
D31,2022-02-11T00:00:00Z,-69.8,-2.0,16.0,2.0,weddw,iceberg\AntarcticIcebergs_20220211.csv,csv
A64,2022-02-18T00:00:00Z,-67.26,-59.81,9.0,8.0,belle,iceberg\AntarcticIcebergs_20220218.csv,csv
A69A,2022-02-18T00:00:00Z,-66.74,-59.77,10.0,9.0,belle,iceberg\AntarcticIcebergs_20220218.csv,csv
A69B,2022-02-18T00:00:00Z,-66.31,-58.46,10.0,5.0,belle,iceberg\AntarcticIcebergs_20220218.csv,csv
A69C,2022-02-18T00:00:00Z,-66.71,-58.04,10.0,3.0,belle,iceberg\AntarcticIcebergs_20220218.csv,csv
A70,2022-02-18T00:00:00Z,-66.61,-59.93,8.0,5.0,belle,iceberg\AntarcticIcebergs_20220218.csv,csv
A76A,2022-02-18T00:00:00Z,-70.92,-56.3,73.0,14.0,belle,iceberg\AntarcticIcebergs_20220218.csv,csv
A76B,2022-02-18T00:00:00Z,-72.85,-59.05,20.0,7.0,belle,iceberg\AntarcticIcebergs_20220218.csv,csv
A76C,2022-02-18T00:00:00Z,-69.74,-59.18,16.0,7.0,belle,iceberg\AntarcticIcebergs_20220218.csv,csv
A77,2022-02-18T00:00:00Z,-74.89,-27.93,27.0,4.0,weddw,iceberg\AntarcticIcebergs_20220218.csv,csv
A78,2022-02-18T00:00:00Z,-73.29,-21.63,18.0,4.0,weddw,iceberg\AntarcticIcebergs_20220218.csv,csv
B09B,2022-02-18T00:00:00Z,-66.21,143.44,24.0,8.0,wilke,iceberg\AntarcticIcebergs_20220218.csv,csv
B09G,2022-02-18T00:00:00Z,-68.19,41.82,11.0,7.0,amerw,iceberg\AntarcticIcebergs_20220218.csv,csv
B09I,2022-02-18T00:00:00Z,-55.88,-29.61,12.0,6.0,weddw,iceberg\AntarcticIcebergs_20220218.csv,csv
B15AB,2022-02-18T00:00:00Z,-66.08,50.59,11.0,4.0,amerw,iceberg\AntarcticIcebergs_20220218.csv,csv
B22A,2022-02-18T00:00:00Z,-73.82,-109.44,38.0,24.0,amune (grounded),iceberg\AntarcticIcebergs_20220218.csv,csv
B28,2022-02-18T00:00:00Z,-74.44,-109.23,9.0,6.0,amune (grounded),iceberg\AntarcticIcebergs_20220218.csv,csv
B29,2022-02-18T00:00:00Z,-74.28,-109.31,11.0,5.0,amune (grounded),iceberg\AntarcticIcebergs_20220218.csv,csv
B40,2022-02-18T00:00:00Z,-65.6,130.84,6.0,5.0,wilke,iceberg\AntarcticIcebergs_20220218.csv,csv
B42,2022-02-18T00:00:00Z,-71.24,-148.97,12.0,4.0,amunw,iceberg\AntarcticIcebergs_20220218.csv,csv
B45,2022-02-18T00:00:00Z,-74.58,-109.41,7.0,6.0,amune,iceberg\AntarcticIcebergs_20220218.csv,csv
B46,2022-02-18T00:00:00Z,-72.07,-133.23,10.0,4.0,amune,iceberg\AntarcticIcebergs_20220218.csv,csv
B47,2022-02-18T00:00:00Z,-73.86,-134.01,12.0,5.0,amunw,iceberg\AntarcticIcebergs_20220218.csv,csv
B50,2022-02-18T00:00:00Z,-67.48,-167.45,15.0,6.0,rosse,iceberg\AntarcticIcebergs_20220218.csv,csv
C15,2022-02-18T00:00:00Z,-65.96,143.26,12.0,8.0,wilke,iceberg\AntarcticIcebergs_20220218.csv,csv
C18B,2022-02-18T00:00:00Z,-66.59,89.55,19.0,4.0,amere (grounded),iceberg\AntarcticIcebergs_20220218.csv,csv
C24,2022-02-18T00:00:00Z,-64.84,96.02,11.0,2.0,wilkw (grounded),iceberg\AntarcticIcebergs_20220218.csv,csv
C29,2022-02-18T00:00:00Z,-66.06,142.8,5.0,5.0,wilke,iceberg\AntarcticIcebergs_20220218.csv,csv
C30,2022-02-18T00:00:00Z,-64.78,96.3,9.0,3.0,wilkw (grounded),iceberg\AntarcticIcebergs_20220218.csv,csv
C31,2022-02-18T00:00:00Z,-64.68,96.51,9.0,3.0,wilkw (grounded),iceberg\AntarcticIcebergs_20220218.csv,csv
C33,2022-02-18T00:00:00Z,-65.37,126.6,8.0,4.0,wilke (grounded),iceberg\AntarcticIcebergs_20220218.csv,csv
C35,2022-02-18T00:00:00Z,-67.37,147.93,7.0,5.0,wilke,iceberg\AntarcticIcebergs_20220218.csv,csv
C36,2022-02-18T00:00:00Z,-67.93,147.48,22.0,15.0,wilke (grounded),iceberg\AntarcticIcebergs_20220218.csv,csv
D20A,2022-02-18T00:00:00Z,-69.4,22.51,18.0,7.0,wedde,iceberg\AntarcticIcebergs_20220218.csv,csv
D23,2022-02-18T00:00:00Z,-69.43,74.68,8.0,6.0,amere (grounded),iceberg\AntarcticIcebergs_20220218.csv,csv
D26,2022-02-18T00:00:00Z,-69.36,29.4,19.0,2.0,wedde (grounded),iceberg\AntarcticIcebergs_20220218.csv,csv
D27,2022-02-18T00:00:00Z,-69.49,23.25,8.0,5.0,wedde,iceberg\AntarcticIcebergs_20220218.csv,csv
D28,2022-02-18T00:00:00Z,-74.43,-27.41,29.0,19.0,weddw,iceberg\AntarcticIcebergs_20220218.csv,csv
D29A,2022-02-18T00:00:00Z,-73.1,-28.16,15.0,9.0,weddw,iceberg\AntarcticIcebergs_20220218.csv,csv
D29B,2022-02-18T00:00:00Z,-73.16,-20.98,13.0,7.0,weddw,iceberg\AntarcticIcebergs_20220218.csv,csv
D29C,2022-02-18T00:00:00Z,-73.73,-27.35,13.0,6.0,weddw,iceberg\AntarcticIcebergs_20220218.csv,csv
D30A,2022-02-18T00:00:00Z,-74.61,-31.26,37.0,11.0,belle,iceberg\AntarcticIcebergs_20220218.csv,csv
D30B,2022-02-18T00:00:00Z,-74.1,-26.31,10.0,5.0,weddw,iceberg\AntarcticIcebergs_20220218.csv,csv
D31,2022-02-18T00:00:00Z,-69.97,-1.78,16.0,2.0,weddw,iceberg\AntarcticIcebergs_20220218.csv,csv
A64,2022-03-25T00:00:00Z,-66.96,-59.6,9.0,8.0,belle,iceberg\AntarcticIcebergs_20220325.csv,csv
A69A,2022-03-25T00:00:00Z,-66.24,-58.59,10.0,9.0,belle,iceberg\AntarcticIcebergs_20220325.csv,csv
A69B,2022-03-25T00:00:00Z,-65.9,-58.23,10.0,5.0,belle,iceberg\AntarcticIcebergs_20220325.csv,csv
A69C,2022-03-25T00:00:00Z,-66.53,-58.52,10.0,3.0,belle,iceberg\AntarcticIcebergs_20220325.csv,csv
A70,2022-03-25T00:00:00Z,-66.12,-59.56,8.0,5.0,belle,iceberg\AntarcticIcebergs_20220325.csv,csv
A76A,2022-03-25T00:00:00Z,-69.42,-55.78,73.0,14.0,belle,iceberg\AntarcticIcebergs_20220325.csv,csv
A76B,2022-03-25T00:00:00Z,-72.12,-58.81,20.0,7.0,belle,iceberg\AntarcticIcebergs_20220325.csv,csv
A76C,2022-03-25T00:00:00Z,-69.42,-59.89,16.0,7.0,belle,iceberg\AntarcticIcebergs_20220325.csv,csv
A77,2022-03-25T00:00:00Z,-74.85,-28.63,27.0,4.0,weddw,iceberg\AntarcticIcebergs_20220325.csv,csv
A78,2022-03-25T00:00:00Z,-72.98,-28.75,18.0,4.0,weddw,iceberg\AntarcticIcebergs_20220325.csv,csv
A79,2022-03-25T00:00:00Z,-71.17,-60.5,9.5,3.0,belle,iceberg\AntarcticIcebergs_20220325.csv,csv
B09B,2022-03-25T00:00:00Z,-66.23,143.49,24.0,8.0,wilke,iceberg\AntarcticIcebergs_20220325.csv,csv
B09G,2022-03-25T00:00:00Z,-68.19,41.8,11.0,7.0,amerw,iceberg\AntarcticIcebergs_20220325.csv,csv
B09I,2022-03-25T00:00:00Z,-55.0,-29.11,12.0,6.0,weddw,iceberg\AntarcticIcebergs_20220325.csv,csv
B15AB,2022-03-25T00:00:00Z,-66.08,50.59,11.0,4.0,amerw,iceberg\AntarcticIcebergs_20220325.csv,csv
B22A,2022-03-25T00:00:00Z,-73.81,-109.47,38.0,24.0,amune (grounded),iceberg\AntarcticIcebergs_20220325.csv,csv
B28,2022-03-25T00:00:00Z,-74.37,-109.37,9.0,6.0,amune,iceberg\AntarcticIcebergs_20220325.csv,csv
B29,2022-03-25T00:00:00Z,-74.2,-109.51,11.0,5.0,amune,iceberg\AntarcticIcebergs_20220325.csv,csv
B40,2022-03-25T00:00:00Z,-65.2,128.49,5.0,5.0,wilke,iceberg\AntarcticIcebergs_20220325.csv,csv
B42,2022-03-25T00:00:00Z,-70.15,-151.36,12.0,4.0,rosse,iceberg\AntarcticIcebergs_20220325.csv,csv
B45,2022-03-25T00:00:00Z,-74.51,-109.56,7.0,6.0,amune,iceberg\AntarcticIcebergs_20220325.csv,csv
B46,2022-03-25T00:00:00Z,-71.4,-132.36,10.0,4.0,amune,iceberg\AntarcticIcebergs_20220325.csv,csv
B47,2022-03-25T00:00:00Z,-73.85,-133.95,12.0,5.0,amunw,iceberg\AntarcticIcebergs_20220325.csv,csv
B50,2022-03-25T00:00:00Z,-66.38,-166.28,15.0,6.0,rosse,iceberg\AntarcticIcebergs_20220325.csv,csv
C15,2022-03-25T00:00:00Z,-65.96,143.27,12.0,8.0,wilke,iceberg\AntarcticIcebergs_20220325.csv,csv
C18B,2022-03-25T00:00:00Z,-66.59,89.55,19.0,4.0,amere (grounded),iceberg\AntarcticIcebergs_20220325.csv,csv
C24,2022-03-25T00:00:00Z,-64.84,96.02,11.0,2.0,wilkw (grounded),iceberg\AntarcticIcebergs_20220325.csv,csv
C29,2022-03-25T00:00:00Z,-66.07,142.79,5.0,5.0,wilke,iceberg\AntarcticIcebergs_20220325.csv,csv
C30,2022-03-25T00:00:00Z,-64.78,96.28,9.0,3.0,wilkw (grounded),iceberg\AntarcticIcebergs_20220325.csv,csv
C31,2022-03-25T00:00:00Z,-64.69,96.5,9.0,3.0,wilkw (grounded),iceberg\AntarcticIcebergs_20220325.csv,csv
C33,2022-03-25T00:00:00Z,-65.33,126.56,8.0,4.0,wilke (grounded),iceberg\AntarcticIcebergs_20220325.csv,csv
C35,2022-03-25T00:00:00Z,-67.33,147.98,7.0,5.0,wilke,iceberg\AntarcticIcebergs_20220325.csv,csv
C36,2022-03-25T00:00:00Z,-67.93,147.48,22.0,15.0,wilke (grounded),iceberg\AntarcticIcebergs_20220325.csv,csv
C37,2022-03-25T00:00:00Z,-65.23,101.31,8.0,3.0,wilkw,iceberg\AntarcticIcebergs_20220325.csv,csv
C38A,2022-03-25T00:00:00Z,-65.2,101.75,10.0,8.0,wilkw,iceberg\AntarcticIcebergs_20220325.csv,csv
C38B,2022-03-25T00:00:00Z,-65.06,101.72,8.0,7.0,wilkw,iceberg\AntarcticIcebergs_20220325.csv,csv
D20A,2022-03-25T00:00:00Z,-69.54,22.55,17.0,6.0,wedde,iceberg\AntarcticIcebergs_20220325.csv,csv
D23,2022-03-25T00:00:00Z,-69.43,74.68,8.0,6.0,amere (grounded),iceberg\AntarcticIcebergs_20220325.csv,csv
D26,2022-03-25T00:00:00Z,-69.26,29.54,16.0,2.0,wedde (grounded),iceberg\AntarcticIcebergs_20220325.csv,csv
D27,2022-03-25T00:00:00Z,-69.2,15.43,7.0,4.0,wedde,iceberg\AntarcticIcebergs_20220325.csv,csv
D28,2022-03-25T00:00:00Z,-74.43,-30.15,29.0,19.0,weddw,iceberg\AntarcticIcebergs_20220325.csv,csv
D29A,2022-03-25T00:00:00Z,-72.75,-33.74,15.0,9.0,belle,iceberg\AntarcticIcebergs_20220325.csv,csv
D29B,2022-03-25T00:00:00Z,-74.17,-26.78,13.0,7.0,weddw,iceberg\AntarcticIcebergs_20220325.csv,csv
D29C,2022-03-25T00:00:00Z,-72.95,-31.92,13.0,6.0,belle,iceberg\AntarcticIcebergs_20220325.csv,csv
D30A,2022-03-25T00:00:00Z,-74.19,-32.25,37.0,11.0,belle,iceberg\AntarcticIcebergs_20220325.csv,csv
D30B,2022-03-25T00:00:00Z,-73.76,-29.07,10.0,5.0,weddw,iceberg\AntarcticIcebergs_20220325.csv,csv
D31,2022-03-25T00:00:00Z,-70.24,-6.05,16.0,2.0,weddw,iceberg\AntarcticIcebergs_20220325.csv,csv
A64,2022-04-01T00:00:00Z,-66.89,-59.5,9.0,8.0,belle,iceberg\AntarcticIcebergs_20220401.csv,csv
A69A,2022-04-01T00:00:00Z,-66.18,-58.78,10.0,9.0,belle,iceberg\AntarcticIcebergs_20220401.csv,csv
A69B,2022-04-01T00:00:00Z,-65.89,-58.24,10.0,5.0,belle,iceberg\AntarcticIcebergs_20220401.csv,csv
A69C,2022-04-01T00:00:00Z,-66.29,-58.45,10.0,3.0,belle,iceberg\AntarcticIcebergs_20220401.csv,csv
A70,2022-04-01T00:00:00Z,-66.05,-60.38,8.0,5.0,belle,iceberg\AntarcticIcebergs_20220401.csv,csv
A76A,2022-04-01T00:00:00Z,-69.17,-55.87,73.0,14.0,belle,iceberg\AntarcticIcebergs_20220401.csv,csv
A76B,2022-04-01T00:00:00Z,-71.71,-59.04,20.0,7.0,belle,iceberg\AntarcticIcebergs_20220401.csv,csv
A76C,2022-04-01T00:00:00Z,-69.11,-60.0,16.0,7.0,belle,iceberg\AntarcticIcebergs_20220401.csv,csv
A78,2022-04-01T00:00:00Z,-73.11,-29.44,18.0,4.0,weddw,iceberg\AntarcticIcebergs_20220401.csv,csv
A79,2022-04-01T00:00:00Z,-71.17,-60.51,9.5,3.0,belle,iceberg\AntarcticIcebergs_20220401.csv,csv
B09B,2022-04-01T00:00:00Z,-66.2,143.44,24.0,8.0,wilke,iceberg\AntarcticIcebergs_20220401.csv,csv
B09G,2022-04-01T00:00:00Z,-68.19,41.8,11.0,7.0,amerw,iceberg\AntarcticIcebergs_20220401.csv,csv
B15AB,2022-04-01T00:00:00Z,-66.08,50.59,11.0,4.0,amerw,iceberg\AntarcticIcebergs_20220401.csv,csv
B22A,2022-04-01T00:00:00Z,-73.81,-109.5,38.0,24.0,amune (grounded),iceberg\AntarcticIcebergs_20220401.csv,csv
B28,2022-04-01T00:00:00Z,-74.38,-109.41,9.0,6.0,amune,iceberg\AntarcticIcebergs_20220401.csv,csv
B29,2022-04-01T00:00:00Z,-74.2,-109.56,11.0,5.0,amune,iceberg\AntarcticIcebergs_20220401.csv,csv
B42,2022-04-01T00:00:00Z,-69.86,-152.27,12.0,4.0,rosse,iceberg\AntarcticIcebergs_20220401.csv,csv
B45,2022-04-01T00:00:00Z,-74.52,-109.59,7.0,6.0,amune,iceberg\AntarcticIcebergs_20220401.csv,csv
B46,2022-04-01T00:00:00Z,-71.53,-131.87,10.0,4.0,amune,iceberg\AntarcticIcebergs_20220401.csv,csv
B47,2022-04-01T00:00:00Z,-73.84,-134.03,12.0,5.0,amunw,iceberg\AntarcticIcebergs_20220401.csv,csv
B50,2022-04-01T00:00:00Z,-66.16,-165.98,15.0,6.0,rosse,iceberg\AntarcticIcebergs_20220401.csv,csv
C15,2022-04-01T00:00:00Z,-65.95,143.27,12.0,8.0,wilke,iceberg\AntarcticIcebergs_20220401.csv,csv
C18B,2022-04-01T00:00:00Z,-66.59,89.55,19.0,4.0,amere (grounded),iceberg\AntarcticIcebergs_20220401.csv,csv
C24,2022-04-01T00:00:00Z,-64.84,96.02,11.0,2.0,wilkw (grounded),iceberg\AntarcticIcebergs_20220401.csv,csv
C29,2022-04-01T00:00:00Z,-66.06,142.78,5.0,5.0,wilke,iceberg\AntarcticIcebergs_20220401.csv,csv
C30,2022-04-01T00:00:00Z,-64.78,96.28,9.0,3.0,wilkw (grounded),iceberg\AntarcticIcebergs_20220401.csv,csv
C31,2022-04-01T00:00:00Z,-64.69,96.5,9.0,3.0,wilkw (grounded),iceberg\AntarcticIcebergs_20220401.csv,csv
C33,2022-04-01T00:00:00Z,-65.33,126.56,8.0,4.0,wilke (grounded),iceberg\AntarcticIcebergs_20220401.csv,csv
C35,2022-04-01T00:00:00Z,-67.33,147.97,7.0,5.0,wilke,iceberg\AntarcticIcebergs_20220401.csv,csv
C36,2022-04-01T00:00:00Z,-67.93,147.48,22.0,15.0,wilke (grounded),iceberg\AntarcticIcebergs_20220401.csv,csv
C37,2022-04-01T00:00:00Z,-65.22,101.29,8.0,3.0,wilkw,iceberg\AntarcticIcebergs_20220401.csv,csv
C38A,2022-04-01T00:00:00Z,-65.18,101.73,10.0,8.0,wilkw,iceberg\AntarcticIcebergs_20220401.csv,csv
C38B,2022-04-01T00:00:00Z,-65.01,101.73,8.0,7.0,wilkw,iceberg\AntarcticIcebergs_20220401.csv,csv
D20A,2022-04-01T00:00:00Z,-69.53,22.36,17.0,6.0,wedde,iceberg\AntarcticIcebergs_20220401.csv,csv
D23,2022-04-01T00:00:00Z,-69.43,74.68,8.0,6.0,amere (grounded),iceberg\AntarcticIcebergs_20220401.csv,csv
D26,2022-04-01T00:00:00Z,-69.26,29.54,16.0,2.0,wedde (grounded),iceberg\AntarcticIcebergs_20220401.csv,csv
D27,2022-04-01T00:00:00Z,-68.92,12.6,7.0,4.0,wedde,iceberg\AntarcticIcebergs_20220401.csv,csv
D28,2022-04-01T00:00:00Z,-74.41,-31.02,29.0,19.0,weddw,iceberg\AntarcticIcebergs_20220401.csv,csv
D29A,2022-04-01T00:00:00Z,-72.72,-34.23,15.0,9.0,belle,iceberg\AntarcticIcebergs_20220401.csv,csv
D29B,2022-04-01T00:00:00Z,-74.46,-27.37,13.0,7.0,weddw,iceberg\AntarcticIcebergs_20220401.csv,csv
D29C,2022-04-01T00:00:00Z,-73.03,-33.13,13.0,6.0,belle,iceberg\AntarcticIcebergs_20220401.csv,csv
D30A,2022-04-01T00:00:00Z,-74.29,-32.92,37.0,11.0,belle,iceberg\AntarcticIcebergs_20220401.csv,csv
D30B,2022-04-01T00:00:00Z,-73.81,-30.51,10.0,5.0,belle,iceberg\AntarcticIcebergs_20220401.csv,csv
D31,2022-04-01T00:00:00Z,-70.3,-7.57,16.0,2.0,weddw,iceberg\AntarcticIcebergs_20220401.csv,csv
A64,2022-04-08T00:00:00Z,-66.44,-60.02,9.0,8.0,belle,iceberg\AntarcticIcebergs_20220408.csv,csv
A69A,2022-04-08T00:00:00Z,-65.8,-59.39,10.0,9.0,belle,iceberg\AntarcticIcebergs_20220408.csv,csv
A69B,2022-04-08T00:00:00Z,-65.42,-58.19,10.0,5.0,belle,iceberg\AntarcticIcebergs_20220408.csv,csv
A69C,2022-04-08T00:00:00Z,-65.87,-59.12,10.0,3.0,belle,iceberg\AntarcticIcebergs_20220408.csv,csv
A70,2022-04-08T00:00:00Z,-65.84,-61.14,8.0,5.0,belle,iceberg\AntarcticIcebergs_20220408.csv,csv
A76A,2022-04-08T00:00:00Z,-68.54,-55.97,73.0,14.0,belle,iceberg\AntarcticIcebergs_20220408.csv,csv
A76B,2022-04-08T00:00:00Z,-71.27,-59.67,20.0,7.0,belle,iceberg\AntarcticIcebergs_20220408.csv,csv
A76C,2022-04-08T00:00:00Z,-69.0,-60.13,16.0,7.0,belle,iceberg\AntarcticIcebergs_20220408.csv,csv
A78,2022-04-08T00:00:00Z,-73.19,-30.44,18.0,4.0,belle,iceberg\AntarcticIcebergs_20220408.csv,csv
A79,2022-04-08T00:00:00Z,-71.17,-60.51,9.5,3.0,belle,iceberg\AntarcticIcebergs_20220408.csv,csv
B09B,2022-04-08T00:00:00Z,-66.2,143.44,24.0,8.0,wilke,iceberg\AntarcticIcebergs_20220408.csv,csv
B09G,2022-04-08T00:00:00Z,-68.18,41.8,11.0,7.0,amerw,iceberg\AntarcticIcebergs_20220408.csv,csv
B15AB,2022-04-08T00:00:00Z,-66.08,50.59,11.0,4.0,amerw,iceberg\AntarcticIcebergs_20220408.csv,csv
B22A,2022-04-08T00:00:00Z,-73.81,-109.5,38.0,24.0,amune (grounded),iceberg\AntarcticIcebergs_20220408.csv,csv
B28,2022-04-08T00:00:00Z,-74.38,-109.41,9.0,6.0,amune,iceberg\AntarcticIcebergs_20220408.csv,csv
B29,2022-04-08T00:00:00Z,-74.2,-109.56,11.0,5.0,amune,iceberg\AntarcticIcebergs_20220408.csv,csv
B42,2022-04-08T00:00:00Z,-69.85,-151.97,12.0,4.0,rosse,iceberg\AntarcticIcebergs_20220408.csv,csv
B45,2022-04-08T00:00:00Z,-74.52,-109.59,7.0,6.0,amune,iceberg\AntarcticIcebergs_20220408.csv,csv
B46,2022-04-08T00:00:00Z,-71.48,-131.6,10.0,4.0,amune,iceberg\AntarcticIcebergs_20220408.csv,csv
B47,2022-04-08T00:00:00Z,-73.83,-134.08,12.0,5.0,amunw,iceberg\AntarcticIcebergs_20220408.csv,csv
B50,2022-04-08T00:00:00Z,-66.0,-165.45,14.0,5.0,rosse,iceberg\AntarcticIcebergs_20220408.csv,csv
C15,2022-04-08T00:00:00Z,-65.95,143.27,12.0,8.0,wilke,iceberg\AntarcticIcebergs_20220408.csv,csv
C18B,2022-04-08T00:00:00Z,-66.59,89.55,19.0,4.0,amere (grounded),iceberg\AntarcticIcebergs_20220408.csv,csv
C24,2022-04-08T00:00:00Z,-64.84,96.02,11.0,2.0,wilkw (grounded),iceberg\AntarcticIcebergs_20220408.csv,csv
C29,2022-04-08T00:00:00Z,-66.06,142.78,5.0,5.0,wilke,iceberg\AntarcticIcebergs_20220408.csv,csv
C30,2022-04-08T00:00:00Z,-64.78,96.28,9.0,3.0,wilkw (grounded),iceberg\AntarcticIcebergs_20220408.csv,csv
C31,2022-04-08T00:00:00Z,-64.69,96.5,9.0,3.0,wilkw (grounded),iceberg\AntarcticIcebergs_20220408.csv,csv
C33,2022-04-08T00:00:00Z,-65.34,126.56,8.0,4.0,wilke (grounded),iceberg\AntarcticIcebergs_20220408.csv,csv
C35,2022-04-08T00:00:00Z,-67.33,147.93,7.0,5.0,wilke,iceberg\AntarcticIcebergs_20220408.csv,csv
C36,2022-04-08T00:00:00Z,-67.93,147.48,22.0,15.0,wilke (grounded),iceberg\AntarcticIcebergs_20220408.csv,csv
C37,2022-04-08T00:00:00Z,-65.22,101.29,8.0,3.0,wilkw,iceberg\AntarcticIcebergs_20220408.csv,csv
C38A,2022-04-08T00:00:00Z,-65.18,101.73,10.0,8.0,wilkw,iceberg\AntarcticIcebergs_20220408.csv,csv
C38B,2022-04-08T00:00:00Z,-65.01,101.73,8.0,7.0,wilkw,iceberg\AntarcticIcebergs_20220408.csv,csv
D20A,2022-04-08T00:00:00Z,-69.48,21.89,17.0,6.0,wedde,iceberg\AntarcticIcebergs_20220408.csv,csv
D23,2022-04-08T00:00:00Z,-69.43,74.68,8.0,6.0,amere (grounded),iceberg\AntarcticIcebergs_20220408.csv,csv
D26,2022-04-08T00:00:00Z,-69.26,29.54,16.0,2.0,wedde (grounded),iceberg\AntarcticIcebergs_20220408.csv,csv
D27,2022-04-08T00:00:00Z,-68.61,12.51,7.0,4.0,wedde,iceberg\AntarcticIcebergs_20220408.csv,csv
D28,2022-04-08T00:00:00Z,-74.44,-31.7,29.0,19.0,belle,iceberg\AntarcticIcebergs_20220408.csv,csv
D29A,2022-04-08T00:00:00Z,-72.65,-35.19,15.0,9.0,belle,iceberg\AntarcticIcebergs_20220408.csv,csv
D29B,2022-04-08T00:00:00Z,-74.65,-28.29,13.0,7.0,weddw,iceberg\AntarcticIcebergs_20220408.csv,csv
D29C,2022-04-08T00:00:00Z,-73.14,-34.2,13.0,6.0,belle,iceberg\AntarcticIcebergs_20220408.csv,csv
D30A,2022-04-08T00:00:00Z,-74.32,-33.8,37.0,11.0,belle,iceberg\AntarcticIcebergs_20220408.csv,csv
D30B,2022-04-08T00:00:00Z,-73.85,-31.79,10.0,5.0,belle,iceberg\AntarcticIcebergs_20220408.csv,csv
D31,2022-04-08T00:00:00Z,-70.69,-9.64,16.0,2.0,weddw,iceberg\AntarcticIcebergs_20220408.csv,csv
A23A,2022-04-15T00:00:00Z,-74.95,-37.74,40.0,34.0,belle,iceberg\AntarcticIcebergs_20220415.csv,csv
A64,2022-04-15T00:00:00Z,-66.18,-60.32,9.0,8.0,belle,iceberg\AntarcticIcebergs_20220415.csv,csv
A69A,2022-04-15T00:00:00Z,-65.57,-59.37,10.0,9.0,belle,iceberg\AntarcticIcebergs_20220415.csv,csv
A69B,2022-04-15T00:00:00Z,-65.11,-57.68,10.0,5.0,belle,iceberg\AntarcticIcebergs_20220415.csv,csv
A69C,2022-04-15T00:00:00Z,-65.63,-59.09,10.0,3.0,belle,iceberg\AntarcticIcebergs_20220415.csv,csv
A70,2022-04-15T00:00:00Z,-65.84,-61.14,8.0,5.0,belle,iceberg\AntarcticIcebergs_20220415.csv,csv
A76A,2022-04-15T00:00:00Z,-68.01,-55.92,73.0,14.0,belle,iceberg\AntarcticIcebergs_20220415.csv,csv
A76B,2022-04-15T00:00:00Z,-71.07,-59.63,20.0,7.0,belle,iceberg\AntarcticIcebergs_20220415.csv,csv
A76C,2022-04-15T00:00:00Z,-68.99,-60.16,16.0,7.0,belle,iceberg\AntarcticIcebergs_20220415.csv,csv
A78,2022-04-15T00:00:00Z,-73.15,-31.73,18.0,4.0,belle,iceberg\AntarcticIcebergs_20220415.csv,csv
A79,2022-04-15T00:00:00Z,-71.17,-60.51,9.5,3.0,belle,iceberg\AntarcticIcebergs_20220415.csv,csv
B09B,2022-04-15T00:00:00Z,-66.2,143.42,24.0,8.0,wilke,iceberg\AntarcticIcebergs_20220415.csv,csv
B09G,2022-04-15T00:00:00Z,-68.21,41.79,11.0,7.0,amerw,iceberg\AntarcticIcebergs_20220415.csv,csv
B15AB,2022-04-15T00:00:00Z,-66.08,50.59,11.0,4.0,amerw,iceberg\AntarcticIcebergs_20220415.csv,csv
B22A,2022-04-15T00:00:00Z,-73.81,-109.5,38.0,24.0,amune (grounded),iceberg\AntarcticIcebergs_20220415.csv,csv
B28,2022-04-15T00:00:00Z,-74.38,-109.41,9.0,6.0,amune,iceberg\AntarcticIcebergs_20220415.csv,csv
B29,2022-04-15T00:00:00Z,-74.2,-109.56,11.0,5.0,amune,iceberg\AntarcticIcebergs_20220415.csv,csv
B42,2022-04-15T00:00:00Z,-69.72,-152.0,12.0,4.0,rosse,iceberg\AntarcticIcebergs_20220415.csv,csv
B45,2022-04-15T00:00:00Z,-74.52,-109.59,7.0,6.0,amune,iceberg\AntarcticIcebergs_20220415.csv,csv
B46,2022-04-15T00:00:00Z,-71.7,-131.78,10.0,4.0,amune,iceberg\AntarcticIcebergs_20220415.csv,csv
B47,2022-04-15T00:00:00Z,-73.81,-134.14,12.0,5.0,amunw,iceberg\AntarcticIcebergs_20220415.csv,csv
B50,2022-04-15T00:00:00Z,-65.92,-165.51,14.0,5.0,rosse,iceberg\AntarcticIcebergs_20220415.csv,csv
C15,2022-04-15T00:00:00Z,-65.95,143.27,12.0,8.0,wilke,iceberg\AntarcticIcebergs_20220415.csv,csv
C18B,2022-04-15T00:00:00Z,-66.59,89.55,19.0,4.0,amere (grounded),iceberg\AntarcticIcebergs_20220415.csv,csv
C24,2022-04-15T00:00:00Z,-64.84,96.02,11.0,2.0,wilkw (grounded),iceberg\AntarcticIcebergs_20220415.csv,csv
C29,2022-04-15T00:00:00Z,-66.06,142.78,5.0,5.0,wilke,iceberg\AntarcticIcebergs_20220415.csv,csv
C30,2022-04-15T00:00:00Z,-64.78,96.28,9.0,3.0,wilkw (grounded),iceberg\AntarcticIcebergs_20220415.csv,csv
C31,2022-04-15T00:00:00Z,-64.69,96.5,9.0,3.0,wilkw (grounded),iceberg\AntarcticIcebergs_20220415.csv,csv
C33,2022-04-15T00:00:00Z,-65.33,126.57,8.0,4.0,wilke (grounded),iceberg\AntarcticIcebergs_20220415.csv,csv
C35,2022-04-15T00:00:00Z,-67.33,147.84,7.0,5.0,wilke,iceberg\AntarcticIcebergs_20220415.csv,csv
C36,2022-04-15T00:00:00Z,-67.93,147.48,22.0,15.0,wilke (grounded),iceberg\AntarcticIcebergs_20220415.csv,csv
C37,2022-04-15T00:00:00Z,-65.22,101.21,8.0,3.0,wilkw,iceberg\AntarcticIcebergs_20220415.csv,csv
C38A,2022-04-15T00:00:00Z,-65.17,101.66,10.0,8.0,wilkw,iceberg\AntarcticIcebergs_20220415.csv,csv
C38B,2022-04-15T00:00:00Z,-65.0,101.7,8.0,7.0,wilkw,iceberg\AntarcticIcebergs_20220415.csv,csv
D20A,2022-04-15T00:00:00Z,-69.63,20.51,17.0,6.0,wedde,iceberg\AntarcticIcebergs_20220415.csv,csv
D23,2022-04-15T00:00:00Z,-69.43,74.68,8.0,6.0,amere (grounded),iceberg\AntarcticIcebergs_20220415.csv,csv
D26,2022-04-15T00:00:00Z,-69.27,29.54,16.0,2.0,wedde (grounded),iceberg\AntarcticIcebergs_20220415.csv,csv
D27,2022-04-15T00:00:00Z,-68.22,12.87,7.0,4.0,wedde,iceberg\AntarcticIcebergs_20220415.csv,csv
D28,2022-04-15T00:00:00Z,-74.52,-32.3,29.0,19.0,belle,iceberg\AntarcticIcebergs_20220415.csv,csv
D29A,2022-04-15T00:00:00Z,-72.26,-35.86,15.0,9.0,belle,iceberg\AntarcticIcebergs_20220415.csv,csv
D29B,2022-04-15T00:00:00Z,-74.36,-31.21,13.0,7.0,belle,iceberg\AntarcticIcebergs_20220415.csv,csv
D29C,2022-04-15T00:00:00Z,-72.87,-34.84,13.0,6.0,belle,iceberg\AntarcticIcebergs_20220415.csv,csv
D30A,2022-04-15T00:00:00Z,-74.45,-35.91,37.0,11.0,belle,iceberg\AntarcticIcebergs_20220415.csv,csv
D30B,2022-04-15T00:00:00Z,-73.73,-32.79,10.0,5.0,belle,iceberg\AntarcticIcebergs_20220415.csv,csv
D31,2022-04-15T00:00:00Z,-71.14,-12.61,10.0,2.0,weddw,iceberg\AntarcticIcebergs_20220415.csv,csv
A64,2022-04-22T00:00:00Z,-66.02,-60.34,9.0,8.0,belle,iceberg\AntarcticIcebergs_20220422.csv,csv
A69A,2022-04-22T00:00:00Z,-65.51,-59.24,10.0,9.0,belle,iceberg\AntarcticIcebergs_20220422.csv,csv
A69B,2022-04-22T00:00:00Z,-64.89,-57.26,10.0,5.0,belle,iceberg\AntarcticIcebergs_20220422.csv,csv
A69C,2022-04-22T00:00:00Z,-65.5,-58.94,10.0,3.0,belle,iceberg\AntarcticIcebergs_20220422.csv,csv
A70,2022-04-22T00:00:00Z,-65.76,-61.31,8.0,5.0,belle,iceberg\AntarcticIcebergs_20220422.csv,csv
A76A,2022-04-22T00:00:00Z,-67.66,-55.77,73.0,14.0,belle,iceberg\AntarcticIcebergs_20220422.csv,csv
A76B,2022-04-22T00:00:00Z,-70.86,-59.64,20.0,7.0,belle,iceberg\AntarcticIcebergs_20220422.csv,csv
A76C,2022-04-22T00:00:00Z,-68.99,-60.07,16.0,7.0,belle,iceberg\AntarcticIcebergs_20220422.csv,csv
A78,2022-04-22T00:00:00Z,-73.11,-32.59,18.0,4.0,belle,iceberg\AntarcticIcebergs_20220422.csv,csv
A79,2022-04-22T00:00:00Z,-71.11,-60.48,9.5,3.0,belle,iceberg\AntarcticIcebergs_20220422.csv,csv
B09B,2022-04-22T00:00:00Z,-66.2,143.42,24.0,8.0,wilke,iceberg\AntarcticIcebergs_20220422.csv,csv
B09G,2022-04-22T00:00:00Z,-68.21,41.79,11.0,7.0,amerw,iceberg\AntarcticIcebergs_20220422.csv,csv
B15AB,2022-04-22T00:00:00Z,-66.08,50.59,11.0,4.0,amerw,iceberg\AntarcticIcebergs_20220422.csv,csv
B22A,2022-04-22T00:00:00Z,-73.81,-109.49,38.0,24.0,amune (grounded),iceberg\AntarcticIcebergs_20220422.csv,csv
B28,2022-04-22T00:00:00Z,-74.37,-109.41,9.0,6.0,amune,iceberg\AntarcticIcebergs_20220422.csv,csv
B29,2022-04-22T00:00:00Z,-74.19,-109.54,11.0,5.0,amune,iceberg\AntarcticIcebergs_20220422.csv,csv
B42,2022-04-22T00:00:00Z,-69.24,-151.51,12.0,4.0,rosse,iceberg\AntarcticIcebergs_20220422.csv,csv
B45,2022-04-22T00:00:00Z,-74.51,-109.59,7.0,6.0,amune,iceberg\AntarcticIcebergs_20220422.csv,csv
B46,2022-04-22T00:00:00Z,-72.0,-132.51,10.0,4.0,amune,iceberg\AntarcticIcebergs_20220422.csv,csv
B47,2022-04-22T00:00:00Z,-73.81,-134.17,12.0,5.0,amunw,iceberg\AntarcticIcebergs_20220422.csv,csv
B50,2022-04-22T00:00:00Z,-65.77,-165.42,14.0,5.0,rosse,iceberg\AntarcticIcebergs_20220422.csv,csv
C15,2022-04-22T00:00:00Z,-65.95,143.25,12.0,8.0,wilke,iceberg\AntarcticIcebergs_20220422.csv,csv
C18B,2022-04-22T00:00:00Z,-66.59,89.55,19.0,4.0,amere (grounded),iceberg\AntarcticIcebergs_20220422.csv,csv
C24,2022-04-22T00:00:00Z,-64.84,96.02,11.0,2.0,wilkw (grounded),iceberg\AntarcticIcebergs_20220422.csv,csv
C29,2022-04-22T00:00:00Z,-66.06,142.78,5.0,5.0,wilke,iceberg\AntarcticIcebergs_20220422.csv,csv
C30,2022-04-22T00:00:00Z,-64.78,96.28,9.0,3.0,wilkw (grounded),iceberg\AntarcticIcebergs_20220422.csv,csv
C31,2022-04-22T00:00:00Z,-64.69,96.5,9.0,3.0,wilkw (grounded),iceberg\AntarcticIcebergs_20220422.csv,csv
C33,2022-04-22T00:00:00Z,-65.32,126.58,8.0,4.0,wilke (grounded),iceberg\AntarcticIcebergs_20220422.csv,csv
C35,2022-04-22T00:00:00Z,-67.33,147.89,7.0,5.0,wilke,iceberg\AntarcticIcebergs_20220422.csv,csv
C36,2022-04-22T00:00:00Z,-67.93,147.48,22.0,15.0,wilke (grounded),iceberg\AntarcticIcebergs_20220422.csv,csv
C37,2022-04-22T00:00:00Z,-65.22,101.21,8.0,3.0,wilkw,iceberg\AntarcticIcebergs_20220422.csv,csv
C38A,2022-04-22T00:00:00Z,-65.17,101.66,10.0,8.0,wilkw,iceberg\AntarcticIcebergs_20220422.csv,csv
C38B,2022-04-22T00:00:00Z,-65.0,101.7,8.0,7.0,wilkw,iceberg\AntarcticIcebergs_20220422.csv,csv
D20A,2022-04-22T00:00:00Z,-69.35,16.2,17.0,6.0,wedde,iceberg\AntarcticIcebergs_20220422.csv,csv
D23,2022-04-22T00:00:00Z,-69.43,74.68,8.0,6.0,amere (grounded),iceberg\AntarcticIcebergs_20220422.csv,csv
D26,2022-04-22T00:00:00Z,-69.26,29.54,16.0,2.0,wedde (grounded),iceberg\AntarcticIcebergs_20220422.csv,csv
D27,2022-04-22T00:00:00Z,-68.05,13.74,7.0,4.0,wedde,iceberg\AntarcticIcebergs_20220422.csv,csv
D28,2022-04-22T00:00:00Z,-74.62,-32.78,29.0,19.0,belle,iceberg\AntarcticIcebergs_20220422.csv,csv
D29A,2022-04-22T00:00:00Z,-72.12,-36.73,15.0,9.0,belle,iceberg\AntarcticIcebergs_20220422.csv,csv
D29B,2022-04-22T00:00:00Z,-74.45,-31.32,13.0,7.0,belle,iceberg\AntarcticIcebergs_20220422.csv,csv
D29C,2022-04-22T00:00:00Z,-72.81,-35.38,13.0,6.0,belle,iceberg\AntarcticIcebergs_20220422.csv,csv
D30A,2022-04-22T00:00:00Z,-74.31,-37.69,37.0,11.0,belle,iceberg\AntarcticIcebergs_20220422.csv,csv
D30B,2022-04-22T00:00:00Z,-73.83,-33.75,10.0,5.0,belle,iceberg\AntarcticIcebergs_20220422.csv,csv
D31,2022-04-22T00:00:00Z,-72.68,-19.39,10.0,2.0,weddw,iceberg\AntarcticIcebergs_20220422.csv,csv
A23A,2022-04-29T00:00:00Z,-74.87,-37.96,40.0,34.0,belle,iceberg\AntarcticIcebergs_20220429.csv,csv
A64,2022-04-29T00:00:00Z,-65.86,-60.27,9.0,8.0,belle,iceberg\AntarcticIcebergs_20220429.csv,csv
A69A,2022-04-29T00:00:00Z,-65.42,-59.13,10.0,9.0,belle,iceberg\AntarcticIcebergs_20220429.csv,csv
A69B,2022-04-29T00:00:00Z,-64.58,-56.51,10.0,5.0,belle,iceberg\AntarcticIcebergs_20220429.csv,csv
A69C,2022-04-29T00:00:00Z,-65.38,-58.82,10.0,3.0,belle,iceberg\AntarcticIcebergs_20220429.csv,csv
A70,2022-04-29T00:00:00Z,-65.75,-61.34,8.0,5.0,belle,iceberg\AntarcticIcebergs_20220429.csv,csv
A76A,2022-04-29T00:00:00Z,-67.31,-55.61,73.0,14.0,belle,iceberg\AntarcticIcebergs_20220429.csv,csv
A76B,2022-04-29T00:00:00Z,-70.66,-59.79,20.0,7.0,belle,iceberg\AntarcticIcebergs_20220429.csv,csv
A76C,2022-04-29T00:00:00Z,-68.98,-60.07,16.0,7.0,belle,iceberg\AntarcticIcebergs_20220429.csv,csv
A78,2022-04-29T00:00:00Z,-73.04,-32.72,18.0,4.0,belle,iceberg\AntarcticIcebergs_20220429.csv,csv
A79,2022-04-29T00:00:00Z,-71.1,-60.48,9.5,3.0,belle,iceberg\AntarcticIcebergs_20220429.csv,csv
B09B,2022-04-29T00:00:00Z,-66.2,143.42,24.0,8.0,wilke,iceberg\AntarcticIcebergs_20220429.csv,csv
B09G,2022-04-29T00:00:00Z,-68.21,41.78,11.0,7.0,amerw,iceberg\AntarcticIcebergs_20220429.csv,csv
B09I,2022-04-29T00:00:00Z,-55.98,-25.15,12.0,6.0,weddw,iceberg\AntarcticIcebergs_20220429.csv,csv
B15AB,2022-04-29T00:00:00Z,-66.08,50.59,11.0,4.0,amerw,iceberg\AntarcticIcebergs_20220429.csv,csv
B22A,2022-04-29T00:00:00Z,-73.8,-109.48,38.0,24.0,amune (grounded),iceberg\AntarcticIcebergs_20220429.csv,csv
B28,2022-04-29T00:00:00Z,-74.36,-109.41,9.0,6.0,amune,iceberg\AntarcticIcebergs_20220429.csv,csv
B29,2022-04-29T00:00:00Z,-74.19,-109.55,11.0,5.0,amune,iceberg\AntarcticIcebergs_20220429.csv,csv
B42,2022-04-29T00:00:00Z,-68.59,-152.3,12.0,4.0,rosse,iceberg\AntarcticIcebergs_20220429.csv,csv
B45,2022-04-29T00:00:00Z,-74.51,-109.6,7.0,6.0,amune,iceberg\AntarcticIcebergs_20220429.csv,csv
B46,2022-04-29T00:00:00Z,-72.1,-132.8,10.0,4.0,amune,iceberg\AntarcticIcebergs_20220429.csv,csv
B47,2022-04-29T00:00:00Z,-73.82,-134.17,12.0,5.0,amunw,iceberg\AntarcticIcebergs_20220429.csv,csv
B50,2022-04-29T00:00:00Z,-65.55,-165.21,14.0,5.0,rosse,iceberg\AntarcticIcebergs_20220429.csv,csv
C15,2022-04-29T00:00:00Z,-65.95,143.25,12.0,8.0,wilke,iceberg\AntarcticIcebergs_20220429.csv,csv
C18B,2022-04-29T00:00:00Z,-66.57,89.44,19.0,4.0,amere,iceberg\AntarcticIcebergs_20220429.csv,csv
C24,2022-04-29T00:00:00Z,-64.84,96.02,11.0,2.0,wilkw (grounded),iceberg\AntarcticIcebergs_20220429.csv,csv
C29,2022-04-29T00:00:00Z,-66.06,142.78,5.0,5.0,wilke,iceberg\AntarcticIcebergs_20220429.csv,csv
C30,2022-04-29T00:00:00Z,-64.78,96.28,9.0,3.0,wilkw (grounded),iceberg\AntarcticIcebergs_20220429.csv,csv
C31,2022-04-29T00:00:00Z,-64.69,96.5,9.0,3.0,wilkw (grounded),iceberg\AntarcticIcebergs_20220429.csv,csv
C33,2022-04-29T00:00:00Z,-65.32,126.58,8.0,4.0,wilke (grounded),iceberg\AntarcticIcebergs_20220429.csv,csv
C35,2022-04-29T00:00:00Z,-67.33,147.88,7.0,5.0,wilke,iceberg\AntarcticIcebergs_20220429.csv,csv
C36,2022-04-29T00:00:00Z,-67.93,147.46,22.0,15.0,wilke (grounded),iceberg\AntarcticIcebergs_20220429.csv,csv
C37,2022-04-29T00:00:00Z,-65.22,101.1,8.0,3.0,wilkw,iceberg\AntarcticIcebergs_20220429.csv,csv
C38A,2022-04-29T00:00:00Z,-65.19,101.53,10.0,8.0,wilkw,iceberg\AntarcticIcebergs_20220429.csv,csv
C38B,2022-04-29T00:00:00Z,-65.0,101.68,8.0,7.0,wilkw,iceberg\AntarcticIcebergs_20220429.csv,csv
C39,2022-04-29T00:00:00Z,-65.68,99.61,15.0,8.0,wilkw,iceberg\AntarcticIcebergs_20220429.csv,csv
D20A,2022-04-29T00:00:00Z,-69.41,12.16,17.0,6.0,wedde,iceberg\AntarcticIcebergs_20220429.csv,csv
D23,2022-04-29T00:00:00Z,-69.43,74.68,8.0,6.0,amere (grounded),iceberg\AntarcticIcebergs_20220429.csv,csv
D26,2022-04-29T00:00:00Z,-69.28,29.5,16.0,2.0,wedde (grounded),iceberg\AntarcticIcebergs_20220429.csv,csv
D27,2022-04-29T00:00:00Z,-67.47,12.78,7.0,4.0,wedde,iceberg\AntarcticIcebergs_20220429.csv,csv
D28,2022-04-29T00:00:00Z,-74.59,-32.26,29.0,19.0,belle,iceberg\AntarcticIcebergs_20220429.csv,csv
D29A,2022-04-29T00:00:00Z,-72.01,-36.64,15.0,9.0,belle,iceberg\AntarcticIcebergs_20220429.csv,csv
D29B,2022-04-29T00:00:00Z,-74.59,-31.12,13.0,7.0,belle,iceberg\AntarcticIcebergs_20220429.csv,csv
D29C,2022-04-29T00:00:00Z,-72.77,-35.41,13.0,6.0,belle,iceberg\AntarcticIcebergs_20220429.csv,csv
D30A,2022-04-29T00:00:00Z,-74.09,-38.76,37.0,11.0,belle,iceberg\AntarcticIcebergs_20220429.csv,csv
D30B,2022-04-29T00:00:00Z,-73.8,-33.84,10.0,5.0,belle,iceberg\AntarcticIcebergs_20220429.csv,csv
D31,2022-04-29T00:00:00Z,-73.3,-22.05,10.0,2.0,weddw,iceberg\AntarcticIcebergs_20220429.csv,csv
A23A,2022-05-06T00:00:00Z,-74.82,-37.84,40.0,34.0,belle,iceberg\AntarcticIcebergs_20220506.csv,csv
A64,2022-05-06T00:00:00Z,-65.78,-60.27,9.0,8.0,belle,iceberg\AntarcticIcebergs_20220506.csv,csv
A69A,2022-05-06T00:00:00Z,-65.37,-59.04,10.0,9.0,belle,iceberg\AntarcticIcebergs_20220506.csv,csv
A69B,2022-05-06T00:00:00Z,-64.37,-56.16,10.0,5.0,belle,iceberg\AntarcticIcebergs_20220506.csv,csv
A69C,2022-05-06T00:00:00Z,-65.33,-58.71,10.0,3.0,belle,iceberg\AntarcticIcebergs_20220506.csv,csv
A70,2022-05-06T00:00:00Z,-65.74,-61.32,8.0,5.0,belle,iceberg\AntarcticIcebergs_20220506.csv,csv
A76A,2022-05-06T00:00:00Z,-66.88,-55.4,73.0,14.0,belle,iceberg\AntarcticIcebergs_20220506.csv,csv
A76B,2022-05-06T00:00:00Z,-70.51,-59.79,20.0,7.0,belle,iceberg\AntarcticIcebergs_20220506.csv,csv
A76C,2022-05-06T00:00:00Z,-68.98,-60.07,16.0,7.0,belle,iceberg\AntarcticIcebergs_20220506.csv,csv
A78,2022-05-06T00:00:00Z,-72.92,-33.45,18.0,4.0,belle,iceberg\AntarcticIcebergs_20220506.csv,csv
A79,2022-05-06T00:00:00Z,-71.09,-60.49,9.5,3.0,belle,iceberg\AntarcticIcebergs_20220506.csv,csv
B09B,2022-05-06T00:00:00Z,-66.2,143.42,24.0,8.0,wilke,iceberg\AntarcticIcebergs_20220506.csv,csv
B09G,2022-05-06T00:00:00Z,-68.21,41.78,11.0,7.0,amerw,iceberg\AntarcticIcebergs_20220506.csv,csv
B09I,2022-05-06T00:00:00Z,-56.63,-24.36,12.0,6.0,weddw,iceberg\AntarcticIcebergs_20220506.csv,csv
B15AB,2022-05-06T00:00:00Z,-66.08,50.59,11.0,4.0,amerw,iceberg\AntarcticIcebergs_20220506.csv,csv
B22A,2022-05-06T00:00:00Z,-73.8,-109.48,38.0,24.0,amune (grounded),iceberg\AntarcticIcebergs_20220506.csv,csv
B28,2022-05-06T00:00:00Z,-74.36,-109.41,9.0,6.0,amune,iceberg\AntarcticIcebergs_20220506.csv,csv
B29,2022-05-06T00:00:00Z,-74.19,-109.55,11.0,5.0,amune,iceberg\AntarcticIcebergs_20220506.csv,csv
B42,2022-05-06T00:00:00Z,-68.58,-152.83,12.0,4.0,rosse,iceberg\AntarcticIcebergs_20220506.csv,csv
B45,2022-05-06T00:00:00Z,-74.51,-109.6,7.0,6.0,amune,iceberg\AntarcticIcebergs_20220506.csv,csv
B46,2022-05-06T00:00:00Z,-72.49,-134.52,10.0,4.0,amune,iceberg\AntarcticIcebergs_20220506.csv,csv
B47,2022-05-06T00:00:00Z,-73.82,-134.17,12.0,5.0,amunw,iceberg\AntarcticIcebergs_20220506.csv,csv
B50,2022-05-06T00:00:00Z,-65.36,-165.0,14.0,5.0,rosse,iceberg\AntarcticIcebergs_20220506.csv,csv
C15,2022-05-06T00:00:00Z,-65.95,143.25,12.0,8.0,wilke,iceberg\AntarcticIcebergs_20220506.csv,csv
C18B,2022-05-06T00:00:00Z,-66.57,89.4,19.0,4.0,amere,iceberg\AntarcticIcebergs_20220506.csv,csv
C24,2022-05-06T00:00:00Z,-64.84,96.02,11.0,2.0,wilkw (grounded),iceberg\AntarcticIcebergs_20220506.csv,csv
C29,2022-05-06T00:00:00Z,-66.06,142.78,5.0,5.0,wilke,iceberg\AntarcticIcebergs_20220506.csv,csv
C30,2022-05-06T00:00:00Z,-64.78,96.28,9.0,3.0,wilkw (grounded),iceberg\AntarcticIcebergs_20220506.csv,csv
C31,2022-05-06T00:00:00Z,-64.69,96.5,9.0,3.0,wilkw (grounded),iceberg\AntarcticIcebergs_20220506.csv,csv
C33,2022-05-06T00:00:00Z,-65.33,126.56,8.0,4.0,wilke (grounded),iceberg\AntarcticIcebergs_20220506.csv,csv
C35,2022-05-06T00:00:00Z,-67.33,147.84,7.0,5.0,wilke,iceberg\AntarcticIcebergs_20220506.csv,csv
C36,2022-05-06T00:00:00Z,-67.93,147.46,22.0,15.0,wilke (grounded),iceberg\AntarcticIcebergs_20220506.csv,csv
C37,2022-05-06T00:00:00Z,-65.22,101.1,8.0,3.0,wilkw,iceberg\AntarcticIcebergs_20220506.csv,csv
C38A,2022-05-06T00:00:00Z,-65.19,101.53,10.0,8.0,wilkw,iceberg\AntarcticIcebergs_20220506.csv,csv
C38B,2022-05-06T00:00:00Z,-65.0,101.68,8.0,7.0,wilkw,iceberg\AntarcticIcebergs_20220506.csv,csv
C39,2022-05-06T00:00:00Z,-65.68,99.61,15.0,8.0,wilkw,iceberg\AntarcticIcebergs_20220506.csv,csv
D20A,2022-05-06T00:00:00Z,-69.87,7.22,17.0,6.0,wedde,iceberg\AntarcticIcebergs_20220506.csv,csv
D23,2022-05-06T00:00:00Z,-69.43,74.68,8.0,6.0,amere (grounded),iceberg\AntarcticIcebergs_20220506.csv,csv
D26,2022-05-06T00:00:00Z,-69.28,29.5,16.0,2.0,wedde (grounded),iceberg\AntarcticIcebergs_20220506.csv,csv
D27,2022-05-06T00:00:00Z,-67.36,13.25,7.0,4.0,wedde,iceberg\AntarcticIcebergs_20220506.csv,csv
D28,2022-05-06T00:00:00Z,-74.57,-32.18,29.0,19.0,belle,iceberg\AntarcticIcebergs_20220506.csv,csv
D29A,2022-05-06T00:00:00Z,-71.76,-37.13,15.0,9.0,belle,iceberg\AntarcticIcebergs_20220506.csv,csv
D29B,2022-05-06T00:00:00Z,-74.61,-30.94,13.0,7.0,belle,iceberg\AntarcticIcebergs_20220506.csv,csv
D29C,2022-05-06T00:00:00Z,-72.56,-35.99,13.0,6.0,belle,iceberg\AntarcticIcebergs_20220506.csv,csv
D30A,2022-05-06T00:00:00Z,-73.97,-39.2,37.0,11.0,belle,iceberg\AntarcticIcebergs_20220506.csv,csv
D30B,2022-05-06T00:00:00Z,-73.68,-34.4,10.0,5.0,belle,iceberg\AntarcticIcebergs_20220506.csv,csv
D31,2022-05-06T00:00:00Z,-73.53,-25.68,10.0,2.0,weddw,iceberg\AntarcticIcebergs_20220506.csv,csv
A23A,2022-06-10T00:00:00Z,-74.79,-38.83,40.0,34.0,belle,iceberg\AntarcticIcebergs_20220610.csv,csv
A64,2022-06-10T00:00:00Z,-65.77,-59.79,9.0,8.0,belle,iceberg\AntarcticIcebergs_20220610.csv,csv
A69A,2022-06-10T00:00:00Z,-65.33,-58.26,10.0,9.0,belle,iceberg\AntarcticIcebergs_20220610.csv,csv
A69B,2022-06-10T00:00:00Z,-64.06,-54.97,10.0,5.0,belle,iceberg\AntarcticIcebergs_20220610.csv,csv
A69C,2022-06-10T00:00:00Z,-65.23,-57.65,10.0,3.0,belle,iceberg\AntarcticIcebergs_20220610.csv,csv
A70,2022-06-10T00:00:00Z,-65.78,-61.21,8.0,5.0,belle,iceberg\AntarcticIcebergs_20220610.csv,csv
A76A,2022-06-10T00:00:00Z,-64.5,-53.69,73.0,14.0,belle,iceberg\AntarcticIcebergs_20220610.csv,csv
A76B,2022-06-10T00:00:00Z,-69.59,-59.89,20.0,7.0,belle,iceberg\AntarcticIcebergs_20220610.csv,csv
A76C,2022-06-10T00:00:00Z,-68.28,-59.42,16.0,7.0,belle,iceberg\AntarcticIcebergs_20220610.csv,csv
A78,2022-06-10T00:00:00Z,-72.5,-37.27,18.0,4.0,belle,iceberg\AntarcticIcebergs_20220610.csv,csv
B09B,2022-06-10T00:00:00Z,-66.21,143.41,24.0,8.0,wilke,iceberg\AntarcticIcebergs_20220610.csv,csv
B09G,2022-06-10T00:00:00Z,-68.15,41.87,11.0,7.0,amerw,iceberg\AntarcticIcebergs_20220610.csv,csv
B09I,2022-06-10T00:00:00Z,-57.07,-22.4,8.0,3.0,weddw,iceberg\AntarcticIcebergs_20220610.csv,csv
B15AB,2022-06-10T00:00:00Z,-66.08,50.6,11.0,4.0,amerw,iceberg\AntarcticIcebergs_20220610.csv,csv
B22A,2022-06-10T00:00:00Z,-73.8,-109.51,38.0,24.0,amune (grounded),iceberg\AntarcticIcebergs_20220610.csv,csv
B28,2022-06-10T00:00:00Z,-74.29,-109.55,9.0,6.0,amune,iceberg\AntarcticIcebergs_20220610.csv,csv
B29,2022-06-10T00:00:00Z,-74.1,-109.89,11.0,5.0,amune,iceberg\AntarcticIcebergs_20220610.csv,csv
B42,2022-06-10T00:00:00Z,-67.44,-150.4,12.0,4.0,rosse,iceberg\AntarcticIcebergs_20220610.csv,csv
B45,2022-06-10T00:00:00Z,-74.47,-109.7,7.0,6.0,amune,iceberg\AntarcticIcebergs_20220610.csv,csv
B46,2022-06-10T00:00:00Z,-73.73,-137.76,10.0,4.0,amune,iceberg\AntarcticIcebergs_20220610.csv,csv
B47,2022-06-10T00:00:00Z,-73.86,-134.15,12.0,5.0,amunw,iceberg\AntarcticIcebergs_20220610.csv,csv
B50,2022-06-10T00:00:00Z,-64.69,-164.65,14.0,5.0,rosse,iceberg\AntarcticIcebergs_20220610.csv,csv
C15,2022-06-10T00:00:00Z,-65.96,143.25,12.0,8.0,wilke,iceberg\AntarcticIcebergs_20220610.csv,csv
C18B,2022-06-10T00:00:00Z,-66.57,89.37,19.0,4.0,amere,iceberg\AntarcticIcebergs_20220610.csv,csv
C24,2022-06-10T00:00:00Z,-64.84,96.03,11.0,2.0,wilkw (grounded),iceberg\AntarcticIcebergs_20220610.csv,csv
C29,2022-06-10T00:00:00Z,-66.06,142.77,5.0,5.0,wilke,iceberg\AntarcticIcebergs_20220610.csv,csv
C30,2022-06-10T00:00:00Z,-64.78,96.29,9.0,3.0,wilkw (grounded),iceberg\AntarcticIcebergs_20220610.csv,csv
C31,2022-06-10T00:00:00Z,-64.68,96.51,9.0,3.0,wilkw (grounded),iceberg\AntarcticIcebergs_20220610.csv,csv
C33,2022-06-10T00:00:00Z,-65.34,126.58,8.0,4.0,wilke (grounded),iceberg\AntarcticIcebergs_20220610.csv,csv
C35,2022-06-10T00:00:00Z,-67.33,147.85,7.0,5.0,wilke,iceberg\AntarcticIcebergs_20220610.csv,csv
C36,2022-06-10T00:00:00Z,-67.94,147.49,22.0,15.0,wilke (grounded),iceberg\AntarcticIcebergs_20220610.csv,csv
C37,2022-06-10T00:00:00Z,-65.23,101.07,8.0,3.0,wilkw,iceberg\AntarcticIcebergs_20220610.csv,csv
C38A,2022-06-10T00:00:00Z,-65.22,101.43,10.0,8.0,wilkw,iceberg\AntarcticIcebergs_20220610.csv,csv
C38B,2022-06-10T00:00:00Z,-64.96,101.78,8.0,7.0,wilkw,iceberg\AntarcticIcebergs_20220610.csv,csv
C39,2022-06-10T00:00:00Z,-65.67,99.55,15.0,8.0,wilkw,iceberg\AntarcticIcebergs_20220610.csv,csv
D20A,2022-06-10T00:00:00Z,-70.06,-9.71,14.0,5.0,weddw,iceberg\AntarcticIcebergs_20220610.csv,csv
D23,2022-06-10T00:00:00Z,-69.43,74.69,8.0,6.0,amere (grounded),iceberg\AntarcticIcebergs_20220610.csv,csv
D26,2022-06-10T00:00:00Z,-69.23,29.55,16.0,2.0,wedde (grounded),iceberg\AntarcticIcebergs_20220610.csv,csv
D27,2022-06-10T00:00:00Z,-66.78,11.53,7.0,4.0,wedde,iceberg\AntarcticIcebergs_20220610.csv,csv
D28,2022-06-10T00:00:00Z,-74.27,-38.39,29.0,19.0,belle,iceberg\AntarcticIcebergs_20220610.csv,csv
D29A,2022-06-10T00:00:00Z,-71.0,-37.69,15.0,9.0,belle,iceberg\AntarcticIcebergs_20220610.csv,csv
D29B,2022-06-10T00:00:00Z,-74.54,-37.32,13.0,7.0,belle,iceberg\AntarcticIcebergs_20220610.csv,csv
D29C,2022-06-10T00:00:00Z,-71.89,-37.55,13.0,6.0,belle,iceberg\AntarcticIcebergs_20220610.csv,csv
D30A,2022-06-10T00:00:00Z,-73.32,-42.64,37.0,11.0,belle,iceberg\AntarcticIcebergs_20220610.csv,csv
D30B,2022-06-10T00:00:00Z,-73.72,-39.54,10.0,5.0,belle,iceberg\AntarcticIcebergs_20220610.csv,csv
D31,2022-06-10T00:00:00Z,-74.06,-33.42,10.0,2.0,belle,iceberg\AntarcticIcebergs_20220610.csv,csv
A23A,2022-06-17T00:00:00Z,-74.95,-39.13,40.0,34.0,belle,iceberg\AntarcticIcebergs_20220617.csv,csv
A64,2022-06-17T00:00:00Z,-65.69,-59.6,9.0,8.0,belle,iceberg\AntarcticIcebergs_20220617.csv,csv
A69A,2022-06-17T00:00:00Z,-65.24,-57.76,10.0,9.0,belle,iceberg\AntarcticIcebergs_20220617.csv,csv
A69B,2022-06-17T00:00:00Z,-63.37,-54.0,10.0,5.0,belle,iceberg\AntarcticIcebergs_20220617.csv,csv
A69C,2022-06-17T00:00:00Z,-65.13,-57.36,10.0,3.0,belle,iceberg\AntarcticIcebergs_20220617.csv,csv
A70,2022-06-17T00:00:00Z,-65.69,-61.24,8.0,5.0,belle,iceberg\AntarcticIcebergs_20220617.csv,csv
A76A,2022-06-17T00:00:00Z,-64.29,-53.35,73.0,14.0,belle,iceberg\AntarcticIcebergs_20220617.csv,csv
A76B,2022-06-17T00:00:00Z,-69.39,-59.92,20.0,7.0,belle,iceberg\AntarcticIcebergs_20220617.csv,csv
A76C,2022-06-17T00:00:00Z,-68.41,-59.24,16.0,7.0,belle,iceberg\AntarcticIcebergs_20220617.csv,csv
A78,2022-06-17T00:00:00Z,-73.12,-39.49,18.0,4.0,belle,iceberg\AntarcticIcebergs_20220617.csv,csv
B09B,2022-06-17T00:00:00Z,-66.2,143.42,24.0,8.0,wilke,iceberg\AntarcticIcebergs_20220617.csv,csv
B09G,2022-06-17T00:00:00Z,-68.15,41.87,11.0,7.0,amerw,iceberg\AntarcticIcebergs_20220617.csv,csv
B09I,2022-06-17T00:00:00Z,-56.79,-22.43,8.0,3.0,weddw,iceberg\AntarcticIcebergs_20220617.csv,csv
B15AB,2022-06-17T00:00:00Z,-66.08,50.6,11.0,4.0,amerw,iceberg\AntarcticIcebergs_20220617.csv,csv
B22A,2022-06-17T00:00:00Z,-73.8,-109.51,38.0,24.0,amune (grounded),iceberg\AntarcticIcebergs_20220617.csv,csv
B28,2022-06-17T00:00:00Z,-74.29,-109.55,9.0,6.0,amune,iceberg\AntarcticIcebergs_20220617.csv,csv
B29,2022-06-17T00:00:00Z,-74.1,-109.89,11.0,5.0,amune,iceberg\AntarcticIcebergs_20220617.csv,csv
B42,2022-06-17T00:00:00Z,-67.0,-150.94,12.0,4.0,rosse,iceberg\AntarcticIcebergs_20220617.csv,csv
B45,2022-06-17T00:00:00Z,-74.47,-109.7,7.0,6.0,amune,iceberg\AntarcticIcebergs_20220617.csv,csv
B46,2022-06-17T00:00:00Z,-73.63,-139.64,10.0,4.0,amune,iceberg\AntarcticIcebergs_20220617.csv,csv
B47,2022-06-17T00:00:00Z,-73.84,-134.25,12.0,5.0,amunw,iceberg\AntarcticIcebergs_20220617.csv,csv
B50,2022-06-17T00:00:00Z,-64.33,-165.25,14.0,5.0,rosse,iceberg\AntarcticIcebergs_20220617.csv,csv
C15,2022-06-17T00:00:00Z,-65.96,143.25,12.0,8.0,wilke,iceberg\AntarcticIcebergs_20220617.csv,csv
C18B,2022-06-17T00:00:00Z,-66.57,89.37,19.0,4.0,amere,iceberg\AntarcticIcebergs_20220617.csv,csv
C24,2022-06-17T00:00:00Z,-64.84,96.03,11.0,2.0,wilkw (grounded),iceberg\AntarcticIcebergs_20220617.csv,csv
C29,2022-06-17T00:00:00Z,-66.06,142.77,5.0,5.0,wilke,iceberg\AntarcticIcebergs_20220617.csv,csv
C30,2022-06-17T00:00:00Z,-64.78,96.29,9.0,3.0,wilkw (grounded),iceberg\AntarcticIcebergs_20220617.csv,csv
C31,2022-06-17T00:00:00Z,-64.68,96.51,9.0,3.0,wilkw (grounded),iceberg\AntarcticIcebergs_20220617.csv,csv
C33,2022-06-17T00:00:00Z,-65.32,126.52,8.0,4.0,wilke (grounded),iceberg\AntarcticIcebergs_20220617.csv,csv
C35,2022-06-17T00:00:00Z,-67.32,147.85,7.0,5.0,wilke,iceberg\AntarcticIcebergs_20220617.csv,csv
C36,2022-06-17T00:00:00Z,-67.94,147.49,22.0,15.0,wilke (grounded),iceberg\AntarcticIcebergs_20220617.csv,csv
C37,2022-06-17T00:00:00Z,-65.28,100.82,8.0,3.0,wilkw,iceberg\AntarcticIcebergs_20220617.csv,csv
C38A,2022-06-17T00:00:00Z,-65.23,101.36,10.0,8.0,wilkw,iceberg\AntarcticIcebergs_20220617.csv,csv
C38B,2022-06-17T00:00:00Z,-64.97,101.76,8.0,7.0,wilkw,iceberg\AntarcticIcebergs_20220617.csv,csv
C39,2022-06-17T00:00:00Z,-65.68,99.53,15.0,8.0,wilkw,iceberg\AntarcticIcebergs_20220617.csv,csv
D20A,2022-06-17T00:00:00Z,-70.84,-11.03,14.0,5.0,weddw,iceberg\AntarcticIcebergs_20220617.csv,csv
D23,2022-06-17T00:00:00Z,-69.43,74.69,8.0,6.0,amere (grounded),iceberg\AntarcticIcebergs_20220617.csv,csv
D26,2022-06-17T00:00:00Z,-69.23,29.55,16.0,2.0,wedde (grounded),iceberg\AntarcticIcebergs_20220617.csv,csv
D27,2022-06-17T00:00:00Z,-66.76,10.36,7.0,4.0,wedde,iceberg\AntarcticIcebergs_20220617.csv,csv
D28,2022-06-17T00:00:00Z,-74.4,-39.89,29.0,19.0,belle,iceberg\AntarcticIcebergs_20220617.csv,csv
D29A,2022-06-17T00:00:00Z,-71.75,-39.5,15.0,9.0,belle,iceberg\AntarcticIcebergs_20220617.csv,csv
D29B,2022-06-17T00:00:00Z,-74.57,-39.05,13.0,7.0,belle,iceberg\AntarcticIcebergs_20220617.csv,csv
D29C,2022-06-17T00:00:00Z,-72.52,-39.87,13.0,6.0,belle,iceberg\AntarcticIcebergs_20220617.csv,csv
D30A,2022-06-17T00:00:00Z,-73.93,-43.33,37.0,11.0,belle,iceberg\AntarcticIcebergs_20220617.csv,csv
D30B,2022-06-17T00:00:00Z,-74.33,-41.25,10.0,5.0,belle,iceberg\AntarcticIcebergs_20220617.csv,csv
D31,2022-06-17T00:00:00Z,-74.58,-33.91,10.0,2.0,belle,iceberg\AntarcticIcebergs_20220617.csv,csv
A23A,2022-06-24T00:00:00Z,-74.8,-39.06,40.0,34.0,belle,iceberg\AntarcticIcebergs_20220624.csv,csv
A64,2022-06-24T00:00:00Z,-65.54,-59.47,9.0,8.0,belle,iceberg\AntarcticIcebergs_20220624.csv,csv
A69A,2022-06-24T00:00:00Z,-64.83,-57.7,10.0,9.0,belle,iceberg\AntarcticIcebergs_20220624.csv,csv
A69B,2022-06-24T00:00:00Z,-62.95,-54.52,10.0,5.0,belle,iceberg\AntarcticIcebergs_20220624.csv,csv
A69C,2022-06-24T00:00:00Z,-64.66,-56.69,10.0,3.0,belle,iceberg\AntarcticIcebergs_20220624.csv,csv
A70,2022-06-24T00:00:00Z,-65.66,-61.24,8.0,5.0,belle,iceberg\AntarcticIcebergs_20220624.csv,csv
A76A,2022-06-24T00:00:00Z,-64.0,-52.95,73.0,14.0,belle,iceberg\AntarcticIcebergs_20220624.csv,csv
A76B,2022-06-24T00:00:00Z,-69.07,-59.98,20.0,7.0,belle,iceberg\AntarcticIcebergs_20220624.csv,csv
A76C,2022-06-24T00:00:00Z,-67.97,-59.59,16.0,7.0,belle,iceberg\AntarcticIcebergs_20220624.csv,csv
A78,2022-06-24T00:00:00Z,-72.65,-40.31,18.0,4.0,belle,iceberg\AntarcticIcebergs_20220624.csv,csv
B09B,2022-06-24T00:00:00Z,-66.2,143.42,24.0,8.0,wilke,iceberg\AntarcticIcebergs_20220624.csv,csv
B09G,2022-06-24T00:00:00Z,-68.15,41.87,11.0,7.0,amerw,iceberg\AntarcticIcebergs_20220624.csv,csv
B09I,2022-06-24T00:00:00Z,-56.19,-22.68,7.0,3.0,weddw,iceberg\AntarcticIcebergs_20220624.csv,csv
B15AB,2022-06-24T00:00:00Z,-66.08,50.6,11.0,4.0,amerw,iceberg\AntarcticIcebergs_20220624.csv,csv
B22A,2022-06-24T00:00:00Z,-73.8,-109.51,38.0,24.0,amune (grounded),iceberg\AntarcticIcebergs_20220624.csv,csv
B28,2022-06-24T00:00:00Z,-74.29,-109.55,9.0,6.0,amune,iceberg\AntarcticIcebergs_20220624.csv,csv
B29,2022-06-24T00:00:00Z,-74.1,-109.89,11.0,5.0,amune,iceberg\AntarcticIcebergs_20220624.csv,csv
B42,2022-06-24T00:00:00Z,-66.61,-150.95,8.0,3.0,rosse,iceberg\AntarcticIcebergs_20220624.csv,csv
B45,2022-06-24T00:00:00Z,-74.47,-109.7,7.0,6.0,amune,iceberg\AntarcticIcebergs_20220624.csv,csv
B46,2022-06-24T00:00:00Z,-73.63,-139.64,10.0,4.0,amune,iceberg\AntarcticIcebergs_20220624.csv,csv
B47,2022-06-24T00:00:00Z,-73.84,-134.25,12.0,5.0,amunw,iceberg\AntarcticIcebergs_20220624.csv,csv
B50,2022-06-24T00:00:00Z,-63.68,-165.13,14.0,5.0,rosse,iceberg\AntarcticIcebergs_20220624.csv,csv
C15,2022-06-24T00:00:00Z,-65.96,143.25,12.0,8.0,wilke,iceberg\AntarcticIcebergs_20220624.csv,csv
C18B,2022-06-24T00:00:00Z,-66.57,89.37,19.0,4.0,amere,iceberg\AntarcticIcebergs_20220624.csv,csv
C24,2022-06-24T00:00:00Z,-64.84,96.03,11.0,2.0,wilkw (grounded),iceberg\AntarcticIcebergs_20220624.csv,csv
C29,2022-06-24T00:00:00Z,-66.06,142.77,5.0,5.0,wilke,iceberg\AntarcticIcebergs_20220624.csv,csv
C30,2022-06-24T00:00:00Z,-64.78,96.29,9.0,3.0,wilkw (grounded),iceberg\AntarcticIcebergs_20220624.csv,csv
C31,2022-06-24T00:00:00Z,-64.68,96.51,9.0,3.0,wilkw (grounded),iceberg\AntarcticIcebergs_20220624.csv,csv
C33,2022-06-24T00:00:00Z,-65.32,126.52,8.0,4.0,wilke (grounded),iceberg\AntarcticIcebergs_20220624.csv,csv
C35,2022-06-24T00:00:00Z,-67.31,147.79,7.0,5.0,wilke,iceberg\AntarcticIcebergs_20220624.csv,csv
C36,2022-06-24T00:00:00Z,-67.94,147.49,22.0,15.0,wilke (grounded),iceberg\AntarcticIcebergs_20220624.csv,csv
C37,2022-06-24T00:00:00Z,-65.28,100.88,8.0,3.0,wilkw,iceberg\AntarcticIcebergs_20220624.csv,csv
C38A,2022-06-24T00:00:00Z,-65.23,101.37,10.0,8.0,wilkw,iceberg\AntarcticIcebergs_20220624.csv,csv
C38B,2022-06-24T00:00:00Z,-64.95,101.83,5.0,7.0,wilkw,iceberg\AntarcticIcebergs_20220624.csv,csv
C39,2022-06-24T00:00:00Z,-65.68,99.53,15.0,8.0,wilkw,iceberg\AntarcticIcebergs_20220624.csv,csv
D20A,2022-06-24T00:00:00Z,-71.77,-15.47,14.0,5.0,weddw,iceberg\AntarcticIcebergs_20220624.csv,csv
D23,2022-06-24T00:00:00Z,-69.43,74.69,8.0,6.0,amere (grounded),iceberg\AntarcticIcebergs_20220624.csv,csv
D26,2022-06-24T00:00:00Z,-69.23,29.55,16.0,2.0,wedde (grounded),iceberg\AntarcticIcebergs_20220624.csv,csv
D27,2022-06-24T00:00:00Z,-67.5,9.46,7.0,4.0,wedde,iceberg\AntarcticIcebergs_20220624.csv,csv
D28,2022-06-24T00:00:00Z,-74.12,-41.05,29.0,19.0,belle,iceberg\AntarcticIcebergs_20220624.csv,csv
D29A,2022-06-24T00:00:00Z,-71.18,-40.34,15.0,9.0,belle,iceberg\AntarcticIcebergs_20220624.csv,csv
D29B,2022-06-24T00:00:00Z,-74.23,-40.16,13.0,7.0,belle,iceberg\AntarcticIcebergs_20220624.csv,csv
D29C,2022-06-24T00:00:00Z,-72.04,-40.74,13.0,6.0,belle,iceberg\AntarcticIcebergs_20220624.csv,csv
D30A,2022-06-24T00:00:00Z,-73.45,-43.86,37.0,11.0,belle,iceberg\AntarcticIcebergs_20220624.csv,csv
D30B,2022-06-24T00:00:00Z,-73.88,-41.98,10.0,5.0,belle,iceberg\AntarcticIcebergs_20220624.csv,csv
D31,2022-06-24T00:00:00Z,-74.33,-34.37,10.0,2.0,belle,iceberg\AntarcticIcebergs_20220624.csv,csv
A23A,2022-07-01T00:00:00Z,-74.74,-39.01,40.0,34.0,belle,iceberg\AntarcticIcebergs_20220701.csv,csv
A64,2022-07-01T00:00:00Z,-65.54,-59.5,9.0,8.0,belle,iceberg\AntarcticIcebergs_20220701.csv,csv
A69A,2022-07-01T00:00:00Z,-64.82,-57.71,10.0,9.0,belle,iceberg\AntarcticIcebergs_20220701.csv,csv
A69B,2022-07-01T00:00:00Z,-63.02,-54.2,10.0,5.0,belle,iceberg\AntarcticIcebergs_20220701.csv,csv
A69C,2022-07-01T00:00:00Z,-64.64,-56.62,10.0,3.0,belle,iceberg\AntarcticIcebergs_20220701.csv,csv
A70,2022-07-01T00:00:00Z,-65.67,-61.27,8.0,5.0,belle,iceberg\AntarcticIcebergs_20220701.csv,csv
A76A,2022-07-01T00:00:00Z,-63.86,-52.37,73.0,14.0,belle,iceberg\AntarcticIcebergs_20220701.csv,csv
A76B,2022-07-01T00:00:00Z,-69.05,-59.96,20.0,7.0,belle,iceberg\AntarcticIcebergs_20220701.csv,csv
A76C,2022-07-01T00:00:00Z,-67.97,-59.59,16.0,7.0,belle,iceberg\AntarcticIcebergs_20220701.csv,csv
A78,2022-07-01T00:00:00Z,-72.43,-40.73,18.0,4.0,belle,iceberg\AntarcticIcebergs_20220701.csv,csv
B09B,2022-07-01T00:00:00Z,-66.2,143.42,24.0,8.0,wilke,iceberg\AntarcticIcebergs_20220701.csv,csv
B09G,2022-07-01T00:00:00Z,-68.15,41.87,11.0,7.0,amerw,iceberg\AntarcticIcebergs_20220701.csv,csv
B15AB,2022-07-01T00:00:00Z,-66.08,50.6,11.0,4.0,amerw,iceberg\AntarcticIcebergs_20220701.csv,csv
B22A,2022-07-01T00:00:00Z,-73.8,-109.51,38.0,24.0,amune (grounded),iceberg\AntarcticIcebergs_20220701.csv,csv
B28,2022-07-01T00:00:00Z,-74.29,-109.55,9.0,6.0,amune,iceberg\AntarcticIcebergs_20220701.csv,csv
B29,2022-07-01T00:00:00Z,-74.1,-109.89,11.0,5.0,amune,iceberg\AntarcticIcebergs_20220701.csv,csv
B42,2022-07-01T00:00:00Z,-66.39,-149.51,8.0,3.0,rosse,iceberg\AntarcticIcebergs_20220701.csv,csv
B45,2022-07-01T00:00:00Z,-74.47,-109.7,7.0,6.0,amune,iceberg\AntarcticIcebergs_20220701.csv,csv
B46,2022-07-01T00:00:00Z,-73.63,-139.64,10.0,4.0,amune,iceberg\AntarcticIcebergs_20220701.csv,csv
B47,2022-07-01T00:00:00Z,-73.84,-134.25,12.0,5.0,amunw,iceberg\AntarcticIcebergs_20220701.csv,csv
B50,2022-07-01T00:00:00Z,-63.49,-163.83,14.0,5.0,rosse,iceberg\AntarcticIcebergs_20220701.csv,csv
C15,2022-07-01T00:00:00Z,-65.96,143.25,12.0,8.0,wilke,iceberg\AntarcticIcebergs_20220701.csv,csv
C18B,2022-07-01T00:00:00Z,-66.57,89.37,19.0,4.0,amere,iceberg\AntarcticIcebergs_20220701.csv,csv
C24,2022-07-01T00:00:00Z,-64.84,96.03,11.0,2.0,wilkw (grounded),iceberg\AntarcticIcebergs_20220701.csv,csv
C29,2022-07-01T00:00:00Z,-66.06,142.77,5.0,5.0,wilke,iceberg\AntarcticIcebergs_20220701.csv,csv
C30,2022-07-01T00:00:00Z,-64.78,96.29,9.0,3.0,wilkw (grounded),iceberg\AntarcticIcebergs_20220701.csv,csv
C31,2022-07-01T00:00:00Z,-64.68,96.51,9.0,3.0,wilkw (grounded),iceberg\AntarcticIcebergs_20220701.csv,csv
C33,2022-07-01T00:00:00Z,-65.34,126.58,8.0,4.0,wilke (grounded),iceberg\AntarcticIcebergs_20220701.csv,csv
C35,2022-07-01T00:00:00Z,-67.31,147.79,7.0,5.0,wilke,iceberg\AntarcticIcebergs_20220701.csv,csv
C36,2022-07-01T00:00:00Z,-67.94,147.49,22.0,15.0,wilke (grounded),iceberg\AntarcticIcebergs_20220701.csv,csv
C37,2022-07-01T00:00:00Z,-65.28,100.85,8.0,3.0,wilkw,iceberg\AntarcticIcebergs_20220701.csv,csv
C38A,2022-07-01T00:00:00Z,-65.23,101.37,10.0,8.0,wilkw,iceberg\AntarcticIcebergs_20220701.csv,csv
C38B,2022-07-01T00:00:00Z,-64.95,101.83,5.0,7.0,wilkw,iceberg\AntarcticIcebergs_20220701.csv,csv
C39,2022-07-01T00:00:00Z,-65.68,99.53,15.0,8.0,wilkw,iceberg\AntarcticIcebergs_20220701.csv,csv
D20A,2022-07-01T00:00:00Z,-72.38,-17.35,14.0,5.0,weddw,iceberg\AntarcticIcebergs_20220701.csv,csv
D23,2022-07-01T00:00:00Z,-69.43,74.69,8.0,6.0,amere (grounded),iceberg\AntarcticIcebergs_20220701.csv,csv
D26,2022-07-01T00:00:00Z,-69.23,29.55,16.0,2.0,wedde (grounded),iceberg\AntarcticIcebergs_20220701.csv,csv
D27,2022-07-01T00:00:00Z,-67.53,8.97,7.0,4.0,wedde,iceberg\AntarcticIcebergs_20220701.csv,csv
D28,2022-07-01T00:00:00Z,-73.97,-41.56,29.0,19.0,belle,iceberg\AntarcticIcebergs_20220701.csv,csv
D29A,2022-07-01T00:00:00Z,-70.98,-40.67,15.0,9.0,belle,iceberg\AntarcticIcebergs_20220701.csv,csv
D29B,2022-07-01T00:00:00Z,-74.16,-41.01,13.0,7.0,belle,iceberg\AntarcticIcebergs_20220701.csv,csv
D29C,2022-07-01T00:00:00Z,-71.81,-41.03,13.0,6.0,belle,iceberg\AntarcticIcebergs_20220701.csv,csv
D30A,2022-07-01T00:00:00Z,-73.31,-44.04,37.0,11.0,belle,iceberg\AntarcticIcebergs_20220701.csv,csv
D30B,2022-07-01T00:00:00Z,-73.81,-42.15,10.0,5.0,belle,iceberg\AntarcticIcebergs_20220701.csv,csv
D31,2022-07-01T00:00:00Z,-74.42,-35.34,10.0,2.0,belle,iceberg\AntarcticIcebergs_20220701.csv,csv
A23A,2022-07-08T00:00:00Z,-74.47,-38.62,40.0,34.0,belle,iceberg\AntarcticIcebergs_20220708.csv,csv
A64,2022-07-08T00:00:00Z,-65.52,-59.48,9.0,8.0,belle,iceberg\AntarcticIcebergs_20220708.csv,csv
A69A,2022-07-08T00:00:00Z,-64.78,-57.46,10.0,9.0,belle,iceberg\AntarcticIcebergs_20220708.csv,csv
A69B,2022-07-08T00:00:00Z,-62.46,-55.12,10.0,5.0,belle,iceberg\AntarcticIcebergs_20220708.csv,csv
A69C,2022-07-08T00:00:00Z,-64.44,-55.69,10.0,3.0,belle,iceberg\AntarcticIcebergs_20220708.csv,csv
A70,2022-07-08T00:00:00Z,-65.67,-61.27,8.0,5.0,belle,iceberg\AntarcticIcebergs_20220708.csv,csv
A76A,2022-07-08T00:00:00Z,-63.68,-52.19,73.0,14.0,belle,iceberg\AntarcticIcebergs_20220708.csv,csv
A76B,2022-07-08T00:00:00Z,-68.93,-59.79,20.0,7.0,belle,iceberg\AntarcticIcebergs_20220708.csv,csv
A76C,2022-07-08T00:00:00Z,-67.76,-59.56,16.0,7.0,belle,iceberg\AntarcticIcebergs_20220708.csv,csv
A78,2022-07-08T00:00:00Z,-72.09,-41.66,18.0,4.0,belle,iceberg\AntarcticIcebergs_20220708.csv,csv
B09B,2022-07-08T00:00:00Z,-66.2,143.42,24.0,8.0,wilke,iceberg\AntarcticIcebergs_20220708.csv,csv
B09G,2022-07-08T00:00:00Z,-68.15,41.87,11.0,7.0,amerw,iceberg\AntarcticIcebergs_20220708.csv,csv
B15AB,2022-07-08T00:00:00Z,-66.08,50.6,11.0,4.0,amerw,iceberg\AntarcticIcebergs_20220708.csv,csv
B22A,2022-07-08T00:00:00Z,-73.8,-109.49,38.0,24.0,amune (grounded),iceberg\AntarcticIcebergs_20220708.csv,csv
B28,2022-07-08T00:00:00Z,-74.26,-109.58,9.0,6.0,amune,iceberg\AntarcticIcebergs_20220708.csv,csv
B29,2022-07-08T00:00:00Z,-74.06,-110.05,11.0,5.0,amune,iceberg\AntarcticIcebergs_20220708.csv,csv
B42,2022-07-08T00:00:00Z,-66.39,-147.9,8.0,3.0,rosse,iceberg\AntarcticIcebergs_20220708.csv,csv
B45,2022-07-08T00:00:00Z,-74.44,-109.73,7.0,6.0,amune,iceberg\AntarcticIcebergs_20220708.csv,csv
B46,2022-07-08T00:00:00Z,-74.31,-145.18,10.0,4.0,amune,iceberg\AntarcticIcebergs_20220708.csv,csv
B47,2022-07-08T00:00:00Z,-73.84,-134.25,12.0,5.0,amunw,iceberg\AntarcticIcebergs_20220708.csv,csv
B50,2022-07-08T00:00:00Z,-62.74,-161.0,14.0,5.0,rosse,iceberg\AntarcticIcebergs_20220708.csv,csv
C15,2022-07-08T00:00:00Z,-65.96,143.25,12.0,8.0,wilke,iceberg\AntarcticIcebergs_20220708.csv,csv
C18B,2022-07-08T00:00:00Z,-66.57,89.37,19.0,4.0,amere,iceberg\AntarcticIcebergs_20220708.csv,csv
C24,2022-07-08T00:00:00Z,-64.84,96.03,11.0,2.0,wilkw (grounded),iceberg\AntarcticIcebergs_20220708.csv,csv
C29,2022-07-08T00:00:00Z,-66.06,142.77,5.0,5.0,wilke,iceberg\AntarcticIcebergs_20220708.csv,csv
C30,2022-07-08T00:00:00Z,-64.78,96.29,9.0,3.0,wilkw (grounded),iceberg\AntarcticIcebergs_20220708.csv,csv
C31,2022-07-08T00:00:00Z,-64.68,96.51,9.0,3.0,wilkw (grounded),iceberg\AntarcticIcebergs_20220708.csv,csv
C33,2022-07-08T00:00:00Z,-65.32,126.52,8.0,4.0,wilke (grounded),iceberg\AntarcticIcebergs_20220708.csv,csv
C35,2022-07-08T00:00:00Z,-67.31,147.77,7.0,5.0,wilke,iceberg\AntarcticIcebergs_20220708.csv,csv
C36,2022-07-08T00:00:00Z,-67.94,147.49,22.0,15.0,wilke (grounded),iceberg\AntarcticIcebergs_20220708.csv,csv
C37,2022-07-08T00:00:00Z,-65.28,100.85,8.0,3.0,wilkw,iceberg\AntarcticIcebergs_20220708.csv,csv
C38A,2022-07-08T00:00:00Z,-65.22,101.36,10.0,8.0,wilkw,iceberg\AntarcticIcebergs_20220708.csv,csv
C38B,2022-07-08T00:00:00Z,-64.94,101.83,5.0,7.0,wilkw,iceberg\AntarcticIcebergs_20220708.csv,csv
C39,2022-07-08T00:00:00Z,-65.68,99.54,15.0,8.0,wilkw,iceberg\AntarcticIcebergs_20220708.csv,csv
D20A,2022-07-08T00:00:00Z,-73.14,-21.48,14.0,5.0,weddw,iceberg\AntarcticIcebergs_20220708.csv,csv
D23,2022-07-08T00:00:00Z,-69.43,74.69,8.0,6.0,amere (grounded),iceberg\AntarcticIcebergs_20220708.csv,csv
D26,2022-07-08T00:00:00Z,-69.23,29.55,16.0,2.0,wedde (grounded),iceberg\AntarcticIcebergs_20220708.csv,csv
D27,2022-07-08T00:00:00Z,-67.55,9.32,7.0,4.0,wedde,iceberg\AntarcticIcebergs_20220708.csv,csv
D28,2022-07-08T00:00:00Z,-73.71,-42.33,29.0,19.0,belle,iceberg\AntarcticIcebergs_20220708.csv,csv
D29A,2022-07-08T00:00:00Z,-70.63,-41.73,15.0,9.0,belle,iceberg\AntarcticIcebergs_20220708.csv,csv
D29B,2022-07-08T00:00:00Z,-73.95,-41.9,13.0,7.0,belle,iceberg\AntarcticIcebergs_20220708.csv,csv
D29C,2022-07-08T00:00:00Z,-71.48,-42.1,13.0,6.0,belle,iceberg\AntarcticIcebergs_20220708.csv,csv
D30A,2022-07-08T00:00:00Z,-73.12,-44.96,37.0,11.0,belle,iceberg\AntarcticIcebergs_20220708.csv,csv
D30B,2022-07-08T00:00:00Z,-73.48,-42.92,10.0,5.0,belle,iceberg\AntarcticIcebergs_20220708.csv,csv
D31,2022-07-08T00:00:00Z,-73.95,-35.81,10.0,2.0,belle,iceberg\AntarcticIcebergs_20220708.csv,csv
A23A,2022-07-15T00:00:00Z,-74.43,-38.44,40.0,34.0,belle,iceberg\AntarcticIcebergs_20220715.csv,csv
A64,2022-07-15T00:00:00Z,-65.56,-59.49,9.0,8.0,belle,iceberg\AntarcticIcebergs_20220715.csv,csv
A69A,2022-07-15T00:00:00Z,-64.78,-57.39,10.0,9.0,belle,iceberg\AntarcticIcebergs_20220715.csv,csv
A69B,2022-07-15T00:00:00Z,-62.6,-56.09,10.0,5.0,belle,iceberg\AntarcticIcebergs_20220715.csv,csv
A69C,2022-07-15T00:00:00Z,-64.24,-55.38,10.0,3.0,belle,iceberg\AntarcticIcebergs_20220715.csv,csv
A70,2022-07-15T00:00:00Z,-65.67,-61.27,8.0,5.0,belle,iceberg\AntarcticIcebergs_20220715.csv,csv
A76A,2022-07-15T00:00:00Z,-63.48,-51.99,73.0,14.0,belle,iceberg\AntarcticIcebergs_20220715.csv,csv
A76B,2022-07-15T00:00:00Z,-68.87,-59.49,20.0,7.0,belle,iceberg\AntarcticIcebergs_20220715.csv,csv
A76C,2022-07-15T00:00:00Z,-67.66,-59.32,16.0,7.0,belle,iceberg\AntarcticIcebergs_20220715.csv,csv
A78,2022-07-15T00:00:00Z,-71.45,-41.46,18.0,4.0,belle,iceberg\AntarcticIcebergs_20220715.csv,csv
B09B,2022-07-15T00:00:00Z,-66.2,143.42,24.0,8.0,wilke,iceberg\AntarcticIcebergs_20220715.csv,csv
B09G,2022-07-15T00:00:00Z,-68.15,41.87,11.0,7.0,amerw,iceberg\AntarcticIcebergs_20220715.csv,csv
B15AB,2022-07-15T00:00:00Z,-66.08,50.6,11.0,4.0,amerw,iceberg\AntarcticIcebergs_20220715.csv,csv
B22A,2022-07-15T00:00:00Z,-73.79,-109.48,38.0,24.0,amune (grounded),iceberg\AntarcticIcebergs_20220715.csv,csv
B28,2022-07-15T00:00:00Z,-74.25,-109.58,9.0,6.0,amune,iceberg\AntarcticIcebergs_20220715.csv,csv
B29,2022-07-15T00:00:00Z,-74.06,-110.1,11.0,5.0,amune,iceberg\AntarcticIcebergs_20220715.csv,csv
B42,2022-07-15T00:00:00Z,-66.04,-147.58,8.0,3.0,amunw,iceberg\AntarcticIcebergs_20220715.csv,csv
B45,2022-07-15T00:00:00Z,-74.44,-109.73,7.0,6.0,amune,iceberg\AntarcticIcebergs_20220715.csv,csv
B46,2022-07-15T00:00:00Z,-74.75,-147.85,10.0,4.0,amune,iceberg\AntarcticIcebergs_20220715.csv,csv
B47,2022-07-15T00:00:00Z,-73.85,-134.19,12.0,5.0,amunw,iceberg\AntarcticIcebergs_20220715.csv,csv
B50,2022-07-15T00:00:00Z,-62.47,-159.25,12.0,3.0,rosse,iceberg\AntarcticIcebergs_20220715.csv,csv
C15,2022-07-15T00:00:00Z,-65.96,143.25,12.0,8.0,wilke,iceberg\AntarcticIcebergs_20220715.csv,csv
C18B,2022-07-15T00:00:00Z,-66.57,89.37,19.0,4.0,amere,iceberg\AntarcticIcebergs_20220715.csv,csv
C24,2022-07-15T00:00:00Z,-64.84,96.03,11.0,2.0,wilkw (grounded),iceberg\AntarcticIcebergs_20220715.csv,csv
C29,2022-07-15T00:00:00Z,-66.06,142.77,5.0,5.0,wilke,iceberg\AntarcticIcebergs_20220715.csv,csv
C30,2022-07-15T00:00:00Z,-64.78,96.29,9.0,3.0,wilkw (grounded),iceberg\AntarcticIcebergs_20220715.csv,csv
C31,2022-07-15T00:00:00Z,-64.68,96.51,9.0,3.0,wilkw (grounded),iceberg\AntarcticIcebergs_20220715.csv,csv
C33,2022-07-15T00:00:00Z,-65.32,126.52,8.0,4.0,wilke (grounded),iceberg\AntarcticIcebergs_20220715.csv,csv
C35,2022-07-15T00:00:00Z,-67.3,147.8,7.0,5.0,wilke,iceberg\AntarcticIcebergs_20220715.csv,csv
C36,2022-07-15T00:00:00Z,-67.94,147.49,22.0,15.0,wilke (grounded),iceberg\AntarcticIcebergs_20220715.csv,csv
C37,2022-07-15T00:00:00Z,-65.28,100.85,8.0,3.0,wilkw,iceberg\AntarcticIcebergs_20220715.csv,csv
C38A,2022-07-15T00:00:00Z,-65.22,101.36,10.0,8.0,wilkw,iceberg\AntarcticIcebergs_20220715.csv,csv
C38B,2022-07-15T00:00:00Z,-64.94,101.83,5.0,7.0,wilkw,iceberg\AntarcticIcebergs_20220715.csv,csv
C39,2022-07-15T00:00:00Z,-65.68,99.54,15.0,8.0,wilkw,iceberg\AntarcticIcebergs_20220715.csv,csv
D20A,2022-07-15T00:00:00Z,-73.27,-22.96,14.0,5.0,weddw,iceberg\AntarcticIcebergs_20220715.csv,csv
D23,2022-07-15T00:00:00Z,-69.43,74.69,8.0,6.0,amere (grounded),iceberg\AntarcticIcebergs_20220715.csv,csv
D26,2022-07-15T00:00:00Z,-69.23,29.55,16.0,2.0,wedde (grounded),iceberg\AntarcticIcebergs_20220715.csv,csv
D27,2022-07-15T00:00:00Z,-67.55,9.38,7.0,4.0,wedde,iceberg\AntarcticIcebergs_20220715.csv,csv
D28,2022-07-15T00:00:00Z,-73.37,-42.69,29.0,19.0,belle,iceberg\AntarcticIcebergs_20220715.csv,csv
D29A,2022-07-15T00:00:00Z,-70.13,-41.52,15.0,9.0,belle,iceberg\AntarcticIcebergs_20220715.csv,csv
D29B,2022-07-15T00:00:00Z,-73.69,-42.26,13.0,7.0,belle,iceberg\AntarcticIcebergs_20220715.csv,csv
D29C,2022-07-15T00:00:00Z,-70.93,-42.1,13.0,6.0,belle,iceberg\AntarcticIcebergs_20220715.csv,csv
D30A,2022-07-15T00:00:00Z,-72.78,-45.53,37.0,11.0,belle,iceberg\AntarcticIcebergs_20220715.csv,csv
D30B,2022-07-15T00:00:00Z,-72.99,-43.09,10.0,5.0,belle,iceberg\AntarcticIcebergs_20220715.csv,csv
D31,2022-07-15T00:00:00Z,-73.63,-35.37,10.0,2.0,belle,iceberg\AntarcticIcebergs_20220715.csv,csv
A23A,2022-07-22T00:00:00Z,-74.5,-38.61,40.0,34.0,belle,iceberg\AntarcticIcebergs_20220722.csv,csv
A64,2022-07-22T00:00:00Z,-65.45,-58.98,9.0,8.0,belle,iceberg\AntarcticIcebergs_20220722.csv,csv
A69A,2022-07-22T00:00:00Z,-64.64,-56.64,10.0,9.0,belle,iceberg\AntarcticIcebergs_20220722.csv,csv
A69B,2022-07-22T00:00:00Z,-62.63,-56.94,10.0,5.0,belle,iceberg\AntarcticIcebergs_20220722.csv,csv
A69C,2022-07-22T00:00:00Z,-63.6,-53.87,10.0,3.0,belle,iceberg\AntarcticIcebergs_20220722.csv,csv
A70,2022-07-22T00:00:00Z,-65.57,-61.15,8.0,5.0,belle,iceberg\AntarcticIcebergs_20220722.csv,csv
A76A,2022-07-22T00:00:00Z,-63.24,-51.97,73.0,14.0,belle,iceberg\AntarcticIcebergs_20220722.csv,csv
A76B,2022-07-22T00:00:00Z,-68.56,-59.45,20.0,7.0,belle,iceberg\AntarcticIcebergs_20220722.csv,csv
A76C,2022-07-22T00:00:00Z,-67.39,-59.08,16.0,7.0,belle,iceberg\AntarcticIcebergs_20220722.csv,csv
A78,2022-07-22T00:00:00Z,-71.53,-41.38,18.0,4.0,belle,iceberg\AntarcticIcebergs_20220722.csv,csv
B09B,2022-07-22T00:00:00Z,-66.19,143.5,24.0,8.0,wilke,iceberg\AntarcticIcebergs_20220722.csv,csv
B09G,2022-07-22T00:00:00Z,-68.17,41.82,11.0,7.0,amerw,iceberg\AntarcticIcebergs_20220722.csv,csv
B15AB,2022-07-22T00:00:00Z,-66.06,50.55,11.0,4.0,amerw,iceberg\AntarcticIcebergs_20220722.csv,csv
B22A,2022-07-22T00:00:00Z,-73.79,-109.45,38.0,24.0,amune (grounded),iceberg\AntarcticIcebergs_20220722.csv,csv
B28,2022-07-22T00:00:00Z,-74.24,-109.58,9.0,6.0,amune,iceberg\AntarcticIcebergs_20220722.csv,csv
B29,2022-07-22T00:00:00Z,-74.05,-110.09,11.0,5.0,amune,iceberg\AntarcticIcebergs_20220722.csv,csv
B42,2022-07-22T00:00:00Z,-66.17,-146.4,8.0,3.0,amunw,iceberg\AntarcticIcebergs_20220722.csv,csv
B45,2022-07-22T00:00:00Z,-74.42,-109.74,7.0,6.0,amune,iceberg\AntarcticIcebergs_20220722.csv,csv
B47,2022-07-22T00:00:00Z,-73.85,-134.19,12.0,5.0,amunw,iceberg\AntarcticIcebergs_20220722.csv,csv
B50,2022-07-22T00:00:00Z,-62.47,-157.48,12.0,3.0,rosse,iceberg\AntarcticIcebergs_20220722.csv,csv
C15,2022-07-22T00:00:00Z,-65.96,143.41,12.0,8.0,wilke,iceberg\AntarcticIcebergs_20220722.csv,csv
C18B,2022-07-22T00:00:00Z,-66.54,89.37,19.0,4.0,amere,iceberg\AntarcticIcebergs_20220722.csv,csv
C24,2022-07-22T00:00:00Z,-64.84,96.03,11.0,2.0,wilkw (grounded),iceberg\AntarcticIcebergs_20220722.csv,csv
C29,2022-07-22T00:00:00Z,-66.01,142.91,5.0,5.0,wilke,iceberg\AntarcticIcebergs_20220722.csv,csv
C30,2022-07-22T00:00:00Z,-64.78,96.29,9.0,3.0,wilkw (grounded),iceberg\AntarcticIcebergs_20220722.csv,csv
C31,2022-07-22T00:00:00Z,-64.68,96.51,9.0,3.0,wilkw (grounded),iceberg\AntarcticIcebergs_20220722.csv,csv
C33,2022-07-22T00:00:00Z,-65.34,126.58,8.0,4.0,wilke (grounded),iceberg\AntarcticIcebergs_20220722.csv,csv
C35,2022-07-22T00:00:00Z,-67.34,147.79,7.0,5.0,wilke,iceberg\AntarcticIcebergs_20220722.csv,csv
C36,2022-07-22T00:00:00Z,-67.94,147.49,22.0,15.0,wilke (grounded),iceberg\AntarcticIcebergs_20220722.csv,csv
C37,2022-07-22T00:00:00Z,-65.24,100.76,8.0,3.0,wilkw,iceberg\AntarcticIcebergs_20220722.csv,csv
C38A,2022-07-22T00:00:00Z,-65.24,101.26,10.0,8.0,wilkw,iceberg\AntarcticIcebergs_20220722.csv,csv
C38B,2022-07-22T00:00:00Z,-64.97,101.78,5.0,7.0,wilkw,iceberg\AntarcticIcebergs_20220722.csv,csv
C39,2022-07-22T00:00:00Z,-65.68,99.55,15.0,8.0,wilkw,iceberg\AntarcticIcebergs_20220722.csv,csv
D20A,2022-07-22T00:00:00Z,-73.39,-25.0,14.0,5.0,weddw,iceberg\AntarcticIcebergs_20220722.csv,csv
D23,2022-07-22T00:00:00Z,-69.43,74.68,8.0,6.0,amere (grounded),iceberg\AntarcticIcebergs_20220722.csv,csv
D26,2022-07-22T00:00:00Z,-69.23,29.55,16.0,2.0,wedde (grounded),iceberg\AntarcticIcebergs_20220722.csv,csv
D27,2022-07-22T00:00:00Z,-67.49,8.41,7.0,4.0,wedde,iceberg\AntarcticIcebergs_20220722.csv,csv
D28,2022-07-22T00:00:00Z,-73.18,-42.77,29.0,19.0,belle,iceberg\AntarcticIcebergs_20220722.csv,csv
D29A,2022-07-22T00:00:00Z,-70.33,-40.88,15.0,9.0,belle,iceberg\AntarcticIcebergs_20220722.csv,csv
D29B,2022-07-22T00:00:00Z,-73.55,-42.26,13.0,7.0,belle,iceberg\AntarcticIcebergs_20220722.csv,csv
D29C,2022-07-22T00:00:00Z,-71.02,-41.75,13.0,6.0,belle,iceberg\AntarcticIcebergs_20220722.csv,csv
D30A,2022-07-22T00:00:00Z,-72.59,-45.87,37.0,11.0,belle,iceberg\AntarcticIcebergs_20220722.csv,csv
D30B,2022-07-22T00:00:00Z,-72.84,-42.56,10.0,5.0,belle,iceberg\AntarcticIcebergs_20220722.csv,csv
D31,2022-07-22T00:00:00Z,-73.6,-35.78,10.0,2.0,belle,iceberg\AntarcticIcebergs_20220722.csv,csv
A23A,2022-08-19T00:00:00Z,-74.12,-40.23,40.0,34.0,belle,iceberg\AntarcticIcebergs_20220819.csv,csv
A64,2022-08-19T00:00:00Z,-65.28,-58.25,9.0,8.0,belle,iceberg\AntarcticIcebergs_20220819.csv,csv
A69A,2022-08-19T00:00:00Z,-64.23,-56.07,10.0,9.0,belle,iceberg\AntarcticIcebergs_20220819.csv,csv
A69B,2022-08-19T00:00:00Z,-61.66,-57.88,6.0,4.0,belle,iceberg\AntarcticIcebergs_20220819.csv,csv
A69C,2022-08-19T00:00:00Z,-62.01,-53.09,10.0,3.0,belle,iceberg\AntarcticIcebergs_20220819.csv,csv
A70,2022-08-19T00:00:00Z,-65.61,-60.87,8.0,5.0,belle,iceberg\AntarcticIcebergs_20220819.csv,csv
A76A,2022-08-19T00:00:00Z,-61.75,-52.93,73.0,14.0,belle,iceberg\AntarcticIcebergs_20220819.csv,csv
A76B,2022-08-19T00:00:00Z,-68.25,-59.93,20.0,7.0,belle,iceberg\AntarcticIcebergs_20220819.csv,csv
A76C,2022-08-19T00:00:00Z,-66.87,-59.21,16.0,7.0,belle,iceberg\AntarcticIcebergs_20220819.csv,csv
A78,2022-08-19T00:00:00Z,-71.14,-43.75,18.0,4.0,belle,iceberg\AntarcticIcebergs_20220819.csv,csv
B09B,2022-08-19T00:00:00Z,-66.2,143.4,24.0,8.0,wilke,iceberg\AntarcticIcebergs_20220819.csv,csv
B09G,2022-08-19T00:00:00Z,-68.17,41.82,11.0,7.0,amerw,iceberg\AntarcticIcebergs_20220819.csv,csv
B15AB,2022-08-19T00:00:00Z,-66.08,50.59,11.0,4.0,amerw,iceberg\AntarcticIcebergs_20220819.csv,csv
B22A,2022-08-19T00:00:00Z,-73.81,-109.51,38.0,24.0,amune (grounded),iceberg\AntarcticIcebergs_20220819.csv,csv
B28,2022-08-19T00:00:00Z,-74.24,-109.66,9.0,6.0,amune,iceberg\AntarcticIcebergs_20220819.csv,csv
B29,2022-08-19T00:00:00Z,-74.06,-110.15,11.0,5.0,amune,iceberg\AntarcticIcebergs_20220819.csv,csv
B42,2022-08-19T00:00:00Z,-64.85,-143.52,8.0,3.0,amunw,iceberg\AntarcticIcebergs_20220819.csv,csv
B45,2022-08-19T00:00:00Z,-74.44,-109.78,7.0,6.0,amune,iceberg\AntarcticIcebergs_20220819.csv,csv
B46,2022-08-19T00:00:00Z,-74.87,-154.61,10.0,4.0,rosse,iceberg\AntarcticIcebergs_20220819.csv,csv
B47,2022-08-19T00:00:00Z,-73.84,-134.23,12.0,5.0,amunw,iceberg\AntarcticIcebergs_20220819.csv,csv
B50,2022-08-19T00:00:00Z,-59.88,-155.24,10.0,3.0,rosse,iceberg\AntarcticIcebergs_20220819.csv,csv
C15,2022-08-19T00:00:00Z,-65.95,143.25,12.0,8.0,wilke,iceberg\AntarcticIcebergs_20220819.csv,csv
C18B,2022-08-19T00:00:00Z,-66.56,89.34,19.0,4.0,amere,iceberg\AntarcticIcebergs_20220819.csv,csv
C24,2022-08-19T00:00:00Z,-64.84,96.03,11.0,2.0,wilkw (grounded),iceberg\AntarcticIcebergs_20220819.csv,csv
C29,2022-08-19T00:00:00Z,-66.06,142.78,5.0,5.0,wilke,iceberg\AntarcticIcebergs_20220819.csv,csv
C30,2022-08-19T00:00:00Z,-64.78,96.29,9.0,3.0,wilkw (grounded),iceberg\AntarcticIcebergs_20220819.csv,csv
C31,2022-08-19T00:00:00Z,-64.68,96.51,9.0,3.0,wilkw (grounded),iceberg\AntarcticIcebergs_20220819.csv,csv
C33,2022-08-19T00:00:00Z,-65.32,126.52,8.0,4.0,wilke (grounded),iceberg\AntarcticIcebergs_20220819.csv,csv
C35,2022-08-19T00:00:00Z,-67.26,147.57,7.0,5.0,wilke,iceberg\AntarcticIcebergs_20220819.csv,csv
C36,2022-08-19T00:00:00Z,-67.93,147.48,22.0,15.0,wilke (grounded),iceberg\AntarcticIcebergs_20220819.csv,csv
C37,2022-08-19T00:00:00Z,-65.27,100.86,8.0,3.0,wilkw,iceberg\AntarcticIcebergs_20220819.csv,csv
C38A,2022-08-19T00:00:00Z,-65.22,101.37,10.0,8.0,wilkw,iceberg\AntarcticIcebergs_20220819.csv,csv
C38B,2022-08-19T00:00:00Z,-64.94,101.84,5.0,7.0,wilkw,iceberg\AntarcticIcebergs_20220819.csv,csv
C39,2022-08-19T00:00:00Z,-65.68,99.54,15.0,8.0,wilkw,iceberg\AntarcticIcebergs_20220819.csv,csv
D20A,2022-08-19T00:00:00Z,-74.62,-27.73,14.0,5.0,weddw,iceberg\AntarcticIcebergs_20220819.csv,csv
D23,2022-08-19T00:00:00Z,-69.43,74.68,8.0,6.0,amere (grounded),iceberg\AntarcticIcebergs_20220819.csv,csv
D26,2022-08-19T00:00:00Z,-69.23,29.55,16.0,2.0,wedde (grounded),iceberg\AntarcticIcebergs_20220819.csv,csv
D27,2022-08-19T00:00:00Z,-68.7,3.96,7.0,4.0,wedde,iceberg\AntarcticIcebergs_20220819.csv,csv
D28,2022-08-19T00:00:00Z,-72.89,-44.14,29.0,19.0,belle,iceberg\AntarcticIcebergs_20220819.csv,csv
D29A,2022-08-19T00:00:00Z,-69.68,-42.55,15.0,9.0,belle,iceberg\AntarcticIcebergs_20220819.csv,csv
D29B,2022-08-19T00:00:00Z,-73.24,-43.96,13.0,7.0,belle,iceberg\AntarcticIcebergs_20220819.csv,csv
D29C,2022-08-19T00:00:00Z,-70.6,-44.09,13.0,6.0,belle,iceberg\AntarcticIcebergs_20220819.csv,csv
D30A,2022-08-19T00:00:00Z,-72.23,-48.09,37.0,11.0,belle,iceberg\AntarcticIcebergs_20220819.csv,csv
D30B,2022-08-19T00:00:00Z,-72.62,-45.47,10.0,5.0,belle,iceberg\AntarcticIcebergs_20220819.csv,csv
D31,2022-08-19T00:00:00Z,-73.2,-39.02,10.0,2.0,belle,iceberg\AntarcticIcebergs_20220819.csv,csv
A23A,2022-08-26T00:00:00Z,-74.08,-40.31,40.0,34.0,belle,iceberg\AntarcticIcebergs_20220826.csv,csv
A64,2022-08-26T00:00:00Z,-65.29,-57.82,9.0,8.0,belle,iceberg\AntarcticIcebergs_20220826.csv,csv
A69A,2022-08-26T00:00:00Z,-64.26,-55.58,10.0,9.0,belle,iceberg\AntarcticIcebergs_20220826.csv,csv
A69B,2022-08-26T00:00:00Z,-61.16,-56.41,5.0,4.0,belle,iceberg\AntarcticIcebergs_20220826.csv,csv
A69C,2022-08-26T00:00:00Z,-61.57,-51.71,10.0,3.0,belle,iceberg\AntarcticIcebergs_20220826.csv,csv
A70,2022-08-26T00:00:00Z,-65.61,-60.84,8.0,5.0,belle,iceberg\AntarcticIcebergs_20220826.csv,csv
A76A,2022-08-26T00:00:00Z,-61.57,-52.43,73.0,14.0,belle,iceberg\AntarcticIcebergs_20220826.csv,csv
A76B,2022-08-26T00:00:00Z,-68.11,-59.61,20.0,7.0,belle,iceberg\AntarcticIcebergs_20220826.csv,csv
A76C,2022-08-26T00:00:00Z,-66.72,-59.15,16.0,7.0,belle,iceberg\AntarcticIcebergs_20220826.csv,csv
A78,2022-08-26T00:00:00Z,-71.21,-44.48,18.0,4.0,belle,iceberg\AntarcticIcebergs_20220826.csv,csv
B09B,2022-08-26T00:00:00Z,-66.2,143.4,24.0,8.0,wilke,iceberg\AntarcticIcebergs_20220826.csv,csv
B09G,2022-08-26T00:00:00Z,-68.17,41.82,11.0,7.0,amerw,iceberg\AntarcticIcebergs_20220826.csv,csv
B15AB,2022-08-26T00:00:00Z,-66.08,50.59,11.0,4.0,amerw,iceberg\AntarcticIcebergs_20220826.csv,csv
B22A,2022-08-26T00:00:00Z,-73.81,-109.51,38.0,24.0,amune (grounded),iceberg\AntarcticIcebergs_20220826.csv,csv
B28,2022-08-26T00:00:00Z,-74.24,-109.66,9.0,6.0,amune,iceberg\AntarcticIcebergs_20220826.csv,csv
B29,2022-08-26T00:00:00Z,-74.06,-110.15,11.0,5.0,amune,iceberg\AntarcticIcebergs_20220826.csv,csv
B42,2022-08-26T00:00:00Z,-64.29,-141.26,8.0,3.0,amunw,iceberg\AntarcticIcebergs_20220826.csv,csv
B45,2022-08-26T00:00:00Z,-74.44,-109.78,7.0,6.0,amune,iceberg\AntarcticIcebergs_20220826.csv,csv
B46,2022-08-26T00:00:00Z,-74.43,-155.02,10.0,4.0,rosse,iceberg\AntarcticIcebergs_20220826.csv,csv
B47,2022-08-26T00:00:00Z,-73.84,-134.23,12.0,5.0,amunw,iceberg\AntarcticIcebergs_20220826.csv,csv
B50,2022-08-26T00:00:00Z,-59.64,-154.42,10.0,3.0,rosse,iceberg\AntarcticIcebergs_20220826.csv,csv
C15,2022-08-26T00:00:00Z,-65.95,143.25,12.0,8.0,wilke,iceberg\AntarcticIcebergs_20220826.csv,csv
C18B,2022-08-26T00:00:00Z,-66.56,89.34,19.0,4.0,amere,iceberg\AntarcticIcebergs_20220826.csv,csv
C24,2022-08-26T00:00:00Z,-64.84,96.03,11.0,2.0,wilkw (grounded),iceberg\AntarcticIcebergs_20220826.csv,csv
C29,2022-08-26T00:00:00Z,-66.06,142.78,5.0,5.0,wilke,iceberg\AntarcticIcebergs_20220826.csv,csv
C30,2022-08-26T00:00:00Z,-64.78,96.29,9.0,3.0,wilkw (grounded),iceberg\AntarcticIcebergs_20220826.csv,csv
C31,2022-08-26T00:00:00Z,-64.68,96.51,9.0,3.0,wilkw (grounded),iceberg\AntarcticIcebergs_20220826.csv,csv
C33,2022-08-26T00:00:00Z,-65.33,126.54,8.0,4.0,wilke (grounded),iceberg\AntarcticIcebergs_20220826.csv,csv
C35,2022-08-26T00:00:00Z,-67.26,147.57,7.0,5.0,wilke,iceberg\AntarcticIcebergs_20220826.csv,csv
C36,2022-08-26T00:00:00Z,-67.93,147.48,22.0,15.0,wilke (grounded),iceberg\AntarcticIcebergs_20220826.csv,csv
C37,2022-08-26T00:00:00Z,-65.27,100.86,8.0,3.0,wilkw,iceberg\AntarcticIcebergs_20220826.csv,csv
C38A,2022-08-26T00:00:00Z,-65.22,101.37,10.0,8.0,wilkw,iceberg\AntarcticIcebergs_20220826.csv,csv
C38B,2022-08-26T00:00:00Z,-64.94,101.84,5.0,7.0,wilkw,iceberg\AntarcticIcebergs_20220826.csv,csv
C39,2022-08-26T00:00:00Z,-65.68,99.54,15.0,8.0,wilkw,iceberg\AntarcticIcebergs_20220826.csv,csv
D20A,2022-08-26T00:00:00Z,-74.52,-28.58,14.0,5.0,weddw,iceberg\AntarcticIcebergs_20220826.csv,csv
D23,2022-08-26T00:00:00Z,-69.43,74.68,8.0,6.0,amere (grounded),iceberg\AntarcticIcebergs_20220826.csv,csv
D26,2022-08-26T00:00:00Z,-69.23,29.55,16.0,2.0,wedde (grounded),iceberg\AntarcticIcebergs_20220826.csv,csv
D27,2022-08-26T00:00:00Z,-68.88,2.17,7.0,4.0,wedde,iceberg\AntarcticIcebergs_20220826.csv,csv
D28,2022-08-26T00:00:00Z,-72.82,-44.63,29.0,19.0,belle,iceberg\AntarcticIcebergs_20220826.csv,csv
D29A,2022-08-26T00:00:00Z,-69.73,-42.53,15.0,9.0,belle,iceberg\AntarcticIcebergs_20220826.csv,csv
D29B,2022-08-26T00:00:00Z,-73.08,-44.57,13.0,7.0,belle,iceberg\AntarcticIcebergs_20220826.csv,csv
D29C,2022-08-26T00:00:00Z,-70.7,-44.76,13.0,6.0,belle,iceberg\AntarcticIcebergs_20220826.csv,csv
D30A,2022-08-26T00:00:00Z,-72.26,-48.61,37.0,11.0,belle,iceberg\AntarcticIcebergs_20220826.csv,csv
D30B,2022-08-26T00:00:00Z,-72.67,-46.01,10.0,5.0,belle,iceberg\AntarcticIcebergs_20220826.csv,csv
D31,2022-08-26T00:00:00Z,-73.11,-39.44,10.0,2.0,belle,iceberg\AntarcticIcebergs_20220826.csv,csv
A23A,2022-09-02T00:00:00Z,-73.96,-40.5,40.0,34.0,belle,iceberg\AntarcticIcebergs_20220902.csv,csv
A64,2022-09-02T00:00:00Z,-65.12,-57.32,9.0,8.0,belle,iceberg\AntarcticIcebergs_20220902.csv,csv
A69A,2022-09-02T00:00:00Z,-64.25,-55.94,10.0,9.0,belle,iceberg\AntarcticIcebergs_20220902.csv,csv
A69B,2022-09-02T00:00:00Z,-59.92,-54.31,5.0,4.0,belle,iceberg\AntarcticIcebergs_20220902.csv,csv
A69C,2022-09-02T00:00:00Z,-61.3,-51.68,10.0,3.0,belle,iceberg\AntarcticIcebergs_20220902.csv,csv
A70,2022-09-02T00:00:00Z,-65.69,-60.64,8.0,5.0,belle,iceberg\AntarcticIcebergs_20220902.csv,csv
A76A,2022-09-02T00:00:00Z,-61.42,-52.33,73.0,14.0,belle,iceberg\AntarcticIcebergs_20220902.csv,csv
A76B,2022-09-02T00:00:00Z,-68.14,-60.01,20.0,7.0,belle,iceberg\AntarcticIcebergs_20220902.csv,csv
A76C,2022-09-02T00:00:00Z,-66.7,-59.22,16.0,7.0,belle,iceberg\AntarcticIcebergs_20220902.csv,csv
A78,2022-09-02T00:00:00Z,-71.11,-44.58,18.0,4.0,belle,iceberg\AntarcticIcebergs_20220902.csv,csv
B09B,2022-09-02T00:00:00Z,-66.2,143.4,24.0,8.0,wilke,iceberg\AntarcticIcebergs_20220902.csv,csv
B09G,2022-09-02T00:00:00Z,-68.17,41.82,11.0,7.0,amerw,iceberg\AntarcticIcebergs_20220902.csv,csv
B15AB,2022-09-02T00:00:00Z,-66.08,50.59,11.0,4.0,amerw,iceberg\AntarcticIcebergs_20220902.csv,csv
B22A,2022-09-02T00:00:00Z,-73.81,-109.51,38.0,24.0,amune (grounded),iceberg\AntarcticIcebergs_20220902.csv,csv
B28,2022-09-02T00:00:00Z,-74.24,-109.66,9.0,6.0,amune,iceberg\AntarcticIcebergs_20220902.csv,csv
B29,2022-09-02T00:00:00Z,-74.06,-110.15,11.0,5.0,amune,iceberg\AntarcticIcebergs_20220902.csv,csv
B42,2022-09-02T00:00:00Z,-63.59,-140.36,8.0,3.0,amunw,iceberg\AntarcticIcebergs_20220902.csv,csv
B45,2022-09-02T00:00:00Z,-74.44,-109.78,7.0,6.0,amune,iceberg\AntarcticIcebergs_20220902.csv,csv
B46,2022-09-02T00:00:00Z,-74.1,-154.9,10.0,4.0,rosse,iceberg\AntarcticIcebergs_20220902.csv,csv
B47,2022-09-02T00:00:00Z,-73.84,-134.23,12.0,5.0,amunw,iceberg\AntarcticIcebergs_20220902.csv,csv
B50,2022-09-02T00:00:00Z,-58.58,-152.42,10.0,3.0,rosse,iceberg\AntarcticIcebergs_20220902.csv,csv
C15,2022-09-02T00:00:00Z,-65.95,143.25,12.0,8.0,wilke,iceberg\AntarcticIcebergs_20220902.csv,csv
C18B,2022-09-02T00:00:00Z,-66.56,89.34,19.0,4.0,amere,iceberg\AntarcticIcebergs_20220902.csv,csv
C24,2022-09-02T00:00:00Z,-64.84,96.03,11.0,2.0,wilkw (grounded),iceberg\AntarcticIcebergs_20220902.csv,csv
C29,2022-09-02T00:00:00Z,-66.06,142.78,5.0,5.0,wilke,iceberg\AntarcticIcebergs_20220902.csv,csv
C30,2022-09-02T00:00:00Z,-64.78,96.29,9.0,3.0,wilkw (grounded),iceberg\AntarcticIcebergs_20220902.csv,csv
C31,2022-09-02T00:00:00Z,-64.68,96.51,9.0,3.0,wilkw (grounded),iceberg\AntarcticIcebergs_20220902.csv,csv
C33,2022-09-02T00:00:00Z,-65.32,126.55,8.0,4.0,wilke (grounded),iceberg\AntarcticIcebergs_20220902.csv,csv
C35,2022-09-02T00:00:00Z,-67.26,147.57,7.0,5.0,wilke,iceberg\AntarcticIcebergs_20220902.csv,csv
C36,2022-09-02T00:00:00Z,-67.93,147.48,22.0,15.0,wilke (grounded),iceberg\AntarcticIcebergs_20220902.csv,csv
C37,2022-09-02T00:00:00Z,-65.27,100.86,8.0,3.0,wilkw,iceberg\AntarcticIcebergs_20220902.csv,csv
C38A,2022-09-02T00:00:00Z,-65.22,101.37,10.0,8.0,wilkw,iceberg\AntarcticIcebergs_20220902.csv,csv
C38B,2022-09-02T00:00:00Z,-64.94,101.84,5.0,7.0,wilkw,iceberg\AntarcticIcebergs_20220902.csv,csv
C39,2022-09-02T00:00:00Z,-65.68,99.54,15.0,8.0,wilkw,iceberg\AntarcticIcebergs_20220902.csv,csv
D20A,2022-09-02T00:00:00Z,-74.47,-28.68,14.0,5.0,weddw,iceberg\AntarcticIcebergs_20220902.csv,csv
D23,2022-09-02T00:00:00Z,-69.43,74.68,8.0,6.0,amere (grounded),iceberg\AntarcticIcebergs_20220902.csv,csv
D26,2022-09-02T00:00:00Z,-69.23,29.55,16.0,2.0,wedde (grounded),iceberg\AntarcticIcebergs_20220902.csv,csv
D27,2022-09-02T00:00:00Z,-68.9,-0.6,7.0,4.0,weddw,iceberg\AntarcticIcebergs_20220902.csv,csv
D28,2022-09-02T00:00:00Z,-72.72,-44.94,29.0,19.0,belle,iceberg\AntarcticIcebergs_20220902.csv,csv
D29A,2022-09-02T00:00:00Z,-69.54,-42.6,15.0,9.0,belle,iceberg\AntarcticIcebergs_20220902.csv,csv
D29B,2022-09-02T00:00:00Z,-72.98,-44.82,13.0,7.0,belle,iceberg\AntarcticIcebergs_20220902.csv,csv
D29C,2022-09-02T00:00:00Z,-70.57,-44.78,13.0,6.0,belle,iceberg\AntarcticIcebergs_20220902.csv,csv
D30A,2022-09-02T00:00:00Z,-72.13,-49.04,37.0,11.0,belle,iceberg\AntarcticIcebergs_20220902.csv,csv
D30B,2022-09-02T00:00:00Z,-72.55,-46.17,10.0,5.0,belle,iceberg\AntarcticIcebergs_20220902.csv,csv
D31,2022-09-02T00:00:00Z,-72.98,-39.64,10.0,2.0,belle,iceberg\AntarcticIcebergs_20220902.csv,csv
A23A,2022-09-09T00:00:00Z,-73.89,-40.86,40.0,34.0,belle,iceberg\AntarcticIcebergs_20220909.csv,csv
A64,2022-09-09T00:00:00Z,-64.95,-56.98,9.0,8.0,belle,iceberg\AntarcticIcebergs_20220909.csv,csv
A69A,2022-09-09T00:00:00Z,-64.07,-56.14,10.0,9.0,belle,iceberg\AntarcticIcebergs_20220909.csv,csv
A69B,2022-09-09T00:00:00Z,-59.14,-53.01,3.0,2.0,belle,iceberg\AntarcticIcebergs_20220909.csv,csv
A69C,2022-09-09T00:00:00Z,-61.12,-52.09,10.0,3.0,belle,iceberg\AntarcticIcebergs_20220909.csv,csv
A70,2022-09-09T00:00:00Z,-65.65,-60.74,8.0,5.0,belle,iceberg\AntarcticIcebergs_20220909.csv,csv
A76A,2022-09-09T00:00:00Z,-61.28,-52.39,73.0,14.0,belle,iceberg\AntarcticIcebergs_20220909.csv,csv
A76B,2022-09-09T00:00:00Z,-67.89,-60.06,20.0,7.0,belle,iceberg\AntarcticIcebergs_20220909.csv,csv
A76C,2022-09-09T00:00:00Z,-66.52,-59.36,16.0,7.0,belle,iceberg\AntarcticIcebergs_20220909.csv,csv
A78,2022-09-09T00:00:00Z,-70.78,-45.68,18.0,4.0,belle,iceberg\AntarcticIcebergs_20220909.csv,csv
B09B,2022-09-09T00:00:00Z,-66.2,143.4,24.0,8.0,wilke,iceberg\AntarcticIcebergs_20220909.csv,csv
B09G,2022-09-09T00:00:00Z,-68.16,41.84,11.0,7.0,amerw,iceberg\AntarcticIcebergs_20220909.csv,csv
B15AB,2022-09-09T00:00:00Z,-66.08,50.59,11.0,4.0,amerw,iceberg\AntarcticIcebergs_20220909.csv,csv
B22A,2022-09-09T00:00:00Z,-73.81,-109.51,38.0,24.0,amune (grounded),iceberg\AntarcticIcebergs_20220909.csv,csv
B28,2022-09-09T00:00:00Z,-74.24,-109.66,9.0,6.0,amune,iceberg\AntarcticIcebergs_20220909.csv,csv
B29,2022-09-09T00:00:00Z,-74.06,-110.15,11.0,5.0,amune,iceberg\AntarcticIcebergs_20220909.csv,csv
B42,2022-09-09T00:00:00Z,-63.29,-139.43,8.0,3.0,amunw,iceberg\AntarcticIcebergs_20220909.csv,csv
B45,2022-09-09T00:00:00Z,-74.44,-109.78,7.0,6.0,amune,iceberg\AntarcticIcebergs_20220909.csv,csv
B46,2022-09-09T00:00:00Z,-73.55,-155.68,10.0,4.0,rosse,iceberg\AntarcticIcebergs_20220909.csv,csv
B47,2022-09-09T00:00:00Z,-73.86,-134.23,12.0,5.0,amunw,iceberg\AntarcticIcebergs_20220909.csv,csv
B50,2022-09-09T00:00:00Z,-58.71,-150.08,10.0,3.0,rosse,iceberg\AntarcticIcebergs_20220909.csv,csv
C15,2022-09-09T00:00:00Z,-65.95,143.25,12.0,8.0,wilke,iceberg\AntarcticIcebergs_20220909.csv,csv
C18B,2022-09-09T00:00:00Z,-66.56,89.34,19.0,4.0,amere,iceberg\AntarcticIcebergs_20220909.csv,csv
C24,2022-09-09T00:00:00Z,-64.84,96.03,11.0,2.0,wilkw (grounded),iceberg\AntarcticIcebergs_20220909.csv,csv
C29,2022-09-09T00:00:00Z,-66.06,142.78,5.0,5.0,wilke,iceberg\AntarcticIcebergs_20220909.csv,csv
C30,2022-09-09T00:00:00Z,-64.78,96.29,9.0,3.0,wilkw (grounded),iceberg\AntarcticIcebergs_20220909.csv,csv
C31,2022-09-09T00:00:00Z,-64.68,96.51,9.0,3.0,wilkw (grounded),iceberg\AntarcticIcebergs_20220909.csv,csv
C33,2022-09-09T00:00:00Z,-65.32,126.55,8.0,4.0,wilke (grounded),iceberg\AntarcticIcebergs_20220909.csv,csv
C35,2022-09-09T00:00:00Z,-67.25,147.59,7.0,5.0,wilke,iceberg\AntarcticIcebergs_20220909.csv,csv
C36,2022-09-09T00:00:00Z,-67.93,147.48,22.0,15.0,wilke (grounded),iceberg\AntarcticIcebergs_20220909.csv,csv
C37,2022-09-09T00:00:00Z,-65.27,100.86,8.0,3.0,wilkw,iceberg\AntarcticIcebergs_20220909.csv,csv
C38A,2022-09-09T00:00:00Z,-65.22,101.37,10.0,8.0,wilkw,iceberg\AntarcticIcebergs_20220909.csv,csv
C38B,2022-09-09T00:00:00Z,-64.94,101.84,5.0,7.0,wilkw,iceberg\AntarcticIcebergs_20220909.csv,csv
C39,2022-09-09T00:00:00Z,-65.68,99.54,15.0,8.0,wilkw,iceberg\AntarcticIcebergs_20220909.csv,csv
D20A,2022-09-09T00:00:00Z,-74.26,-29.57,14.0,5.0,weddw,iceberg\AntarcticIcebergs_20220909.csv,csv
D23,2022-09-09T00:00:00Z,-69.43,74.68,8.0,6.0,amere (grounded),iceberg\AntarcticIcebergs_20220909.csv,csv
D26,2022-09-09T00:00:00Z,-69.23,29.55,16.0,2.0,wedde (grounded),iceberg\AntarcticIcebergs_20220909.csv,csv
D27,2022-09-09T00:00:00Z,-69.09,-2.17,7.0,4.0,weddw,iceberg\AntarcticIcebergs_20220909.csv,csv
D28,2022-09-09T00:00:00Z,-72.52,-46.13,29.0,19.0,belle,iceberg\AntarcticIcebergs_20220909.csv,csv
D29A,2022-09-09T00:00:00Z,-69.25,-43.34,15.0,9.0,belle,iceberg\AntarcticIcebergs_20220909.csv,csv
D29B,2022-09-09T00:00:00Z,-72.77,-45.85,13.0,7.0,belle,iceberg\AntarcticIcebergs_20220909.csv,csv
D29C,2022-09-09T00:00:00Z,-70.26,-45.85,13.0,6.0,belle,iceberg\AntarcticIcebergs_20220909.csv,csv
D30A,2022-09-09T00:00:00Z,-71.98,-50.4,37.0,11.0,belle,iceberg\AntarcticIcebergs_20220909.csv,csv
D30B,2022-09-09T00:00:00Z,-72.19,-47.31,10.0,5.0,belle,iceberg\AntarcticIcebergs_20220909.csv,csv
D31,2022-09-09T00:00:00Z,-72.53,-40.74,10.0,2.0,belle,iceberg\AntarcticIcebergs_20220909.csv,csv
A23A,2022-09-16T00:00:00Z,-73.91,-41.44,40.0,34.0,belle,iceberg\AntarcticIcebergs_20220916 (1).csv,csv
A64,2022-09-16T00:00:00Z,-64.85,-56.59,9.0,8.0,belle,iceberg\AntarcticIcebergs_20220916 (1).csv,csv
A69A,2022-09-16T00:00:00Z,-64.22,-55.39,10.0,9.0,belle,iceberg\AntarcticIcebergs_20220916 (1).csv,csv
A69C,2022-09-16T00:00:00Z,-59.8,-50.7,4.0,2.0,belle,iceberg\AntarcticIcebergs_20220916 (1).csv,csv
A70,2022-09-16T00:00:00Z,-65.72,-60.7,8.0,5.0,belle,iceberg\AntarcticIcebergs_20220916 (1).csv,csv
A76A,2022-09-16T00:00:00Z,-60.99,-52.07,73.0,14.0,belle,iceberg\AntarcticIcebergs_20220916 (1).csv,csv
A76B,2022-09-16T00:00:00Z,-67.86,-60.03,20.0,7.0,belle,iceberg\AntarcticIcebergs_20220916 (1).csv,csv
A76C,2022-09-16T00:00:00Z,-66.56,-59.36,16.0,7.0,belle,iceberg\AntarcticIcebergs_20220916 (1).csv,csv
A78,2022-09-16T00:00:00Z,-70.59,-45.64,18.0,4.0,belle,iceberg\AntarcticIcebergs_20220916 (1).csv,csv
B09B,2022-09-16T00:00:00Z,-66.2,143.4,24.0,8.0,wilke,iceberg\AntarcticIcebergs_20220916 (1).csv,csv
B09G,2022-09-16T00:00:00Z,-68.16,41.84,11.0,7.0,amerw,iceberg\AntarcticIcebergs_20220916 (1).csv,csv
B15AB,2022-09-16T00:00:00Z,-66.08,50.59,11.0,4.0,amerw,iceberg\AntarcticIcebergs_20220916 (1).csv,csv
B22A,2022-09-16T00:00:00Z,-73.81,-109.51,38.0,24.0,amune (grounded),iceberg\AntarcticIcebergs_20220916 (1).csv,csv
B28,2022-09-16T00:00:00Z,-74.24,-109.66,9.0,6.0,amune,iceberg\AntarcticIcebergs_20220916 (1).csv,csv
B29,2022-09-16T00:00:00Z,-74.06,-110.15,11.0,5.0,amune,iceberg\AntarcticIcebergs_20220916 (1).csv,csv
B42,2022-09-16T00:00:00Z,-62.8,-138.6,8.0,3.0,amunw,iceberg\AntarcticIcebergs_20220916 (1).csv,csv
B45,2022-09-16T00:00:00Z,-74.44,-109.78,7.0,6.0,amune,iceberg\AntarcticIcebergs_20220916 (1).csv,csv
B46,2022-09-16T00:00:00Z,-73.26,-156.18,10.0,4.0,rosse,iceberg\AntarcticIcebergs_20220916 (1).csv,csv
B47,2022-09-16T00:00:00Z,-73.86,-134.23,12.0,5.0,amunw,iceberg\AntarcticIcebergs_20220916 (1).csv,csv
B50,2022-09-16T00:00:00Z,-57.85,-149.11,3.0,2.0,amunw,iceberg\AntarcticIcebergs_20220916 (1).csv,csv
C15,2022-09-16T00:00:00Z,-65.95,143.25,12.0,8.0,wilke,iceberg\AntarcticIcebergs_20220916 (1).csv,csv
C18B,2022-09-16T00:00:00Z,-66.56,89.34,19.0,4.0,amere,iceberg\AntarcticIcebergs_20220916 (1).csv,csv
C24,2022-09-16T00:00:00Z,-64.84,96.03,11.0,2.0,wilkw (grounded),iceberg\AntarcticIcebergs_20220916 (1).csv,csv
C29,2022-09-16T00:00:00Z,-66.06,142.78,5.0,5.0,wilke,iceberg\AntarcticIcebergs_20220916 (1).csv,csv
C30,2022-09-16T00:00:00Z,-64.78,96.29,9.0,3.0,wilkw (grounded),iceberg\AntarcticIcebergs_20220916 (1).csv,csv
C31,2022-09-16T00:00:00Z,-64.68,96.51,9.0,3.0,wilkw (grounded),iceberg\AntarcticIcebergs_20220916 (1).csv,csv
C33,2022-09-16T00:00:00Z,-65.32,126.55,8.0,4.0,wilke (grounded),iceberg\AntarcticIcebergs_20220916 (1).csv,csv
C35,2022-09-16T00:00:00Z,-67.25,147.59,7.0,5.0,wilke,iceberg\AntarcticIcebergs_20220916 (1).csv,csv
C36,2022-09-16T00:00:00Z,-67.93,147.48,22.0,15.0,wilke (grounded),iceberg\AntarcticIcebergs_20220916 (1).csv,csv
C37,2022-09-16T00:00:00Z,-65.27,100.86,8.0,3.0,wilkw,iceberg\AntarcticIcebergs_20220916 (1).csv,csv
C38A,2022-09-16T00:00:00Z,-65.22,101.37,10.0,8.0,wilkw,iceberg\AntarcticIcebergs_20220916 (1).csv,csv
C38B,2022-09-16T00:00:00Z,-64.94,101.84,5.0,7.0,wilkw,iceberg\AntarcticIcebergs_20220916 (1).csv,csv
C39,2022-09-16T00:00:00Z,-65.68,99.54,15.0,8.0,wilkw,iceberg\AntarcticIcebergs_20220916 (1).csv,csv
D20A,2022-09-16T00:00:00Z,-74.52,-30.27,14.0,5.0,belle,iceberg\AntarcticIcebergs_20220916 (1).csv,csv
D23,2022-09-16T00:00:00Z,-69.43,74.68,8.0,6.0,amere (grounded),iceberg\AntarcticIcebergs_20220916 (1).csv,csv
D26,2022-09-16T00:00:00Z,-69.23,29.55,16.0,2.0,wedde (grounded),iceberg\AntarcticIcebergs_20220916 (1).csv,csv
D27,2022-09-16T00:00:00Z,-69.38,-3.25,7.0,4.0,weddw,iceberg\AntarcticIcebergs_20220916 (1).csv,csv
D28,2022-09-16T00:00:00Z,-72.35,-46.69,29.0,19.0,belle,iceberg\AntarcticIcebergs_20220916 (1).csv,csv
D29A,2022-09-16T00:00:00Z,-69.04,-42.97,15.0,9.0,belle,iceberg\AntarcticIcebergs_20220916 (1).csv,csv
D29B,2022-09-16T00:00:00Z,-72.64,-46.53,13.0,7.0,belle,iceberg\AntarcticIcebergs_20220916 (1).csv,csv
D29C,2022-09-16T00:00:00Z,-70.08,-45.71,13.0,6.0,belle,iceberg\AntarcticIcebergs_20220916 (1).csv,csv
D30A,2022-09-16T00:00:00Z,-71.79,-51.13,37.0,11.0,belle,iceberg\AntarcticIcebergs_20220916 (1).csv,csv
D30B,2022-09-16T00:00:00Z,-72.0,-47.76,10.0,5.0,belle,iceberg\AntarcticIcebergs_20220916 (1).csv,csv
D31,2022-09-16T00:00:00Z,-72.46,-41.62,10.0,2.0,belle,iceberg\AntarcticIcebergs_20220916 (1).csv,csv
A23A,2022-09-16T00:00:00Z,-73.91,-41.44,40.0,34.0,belle,iceberg\AntarcticIcebergs_20220916.csv,csv
A64,2022-09-16T00:00:00Z,-64.85,-56.59,9.0,8.0,belle,iceberg\AntarcticIcebergs_20220916.csv,csv
A69A,2022-09-16T00:00:00Z,-64.22,-55.39,10.0,9.0,belle,iceberg\AntarcticIcebergs_20220916.csv,csv
A69C,2022-09-16T00:00:00Z,-59.8,-50.7,4.0,2.0,belle,iceberg\AntarcticIcebergs_20220916.csv,csv
A70,2022-09-16T00:00:00Z,-65.72,-60.7,8.0,5.0,belle,iceberg\AntarcticIcebergs_20220916.csv,csv
A76A,2022-09-16T00:00:00Z,-60.99,-52.07,73.0,14.0,belle,iceberg\AntarcticIcebergs_20220916.csv,csv
A76B,2022-09-16T00:00:00Z,-67.86,-60.03,20.0,7.0,belle,iceberg\AntarcticIcebergs_20220916.csv,csv
A76C,2022-09-16T00:00:00Z,-66.56,-59.36,16.0,7.0,belle,iceberg\AntarcticIcebergs_20220916.csv,csv
A78,2022-09-16T00:00:00Z,-70.59,-45.64,18.0,4.0,belle,iceberg\AntarcticIcebergs_20220916.csv,csv
B09B,2022-09-16T00:00:00Z,-66.2,143.4,24.0,8.0,wilke,iceberg\AntarcticIcebergs_20220916.csv,csv
B09G,2022-09-16T00:00:00Z,-68.16,41.84,11.0,7.0,amerw,iceberg\AntarcticIcebergs_20220916.csv,csv
B15AB,2022-09-16T00:00:00Z,-66.08,50.59,11.0,4.0,amerw,iceberg\AntarcticIcebergs_20220916.csv,csv
B22A,2022-09-16T00:00:00Z,-73.81,-109.51,38.0,24.0,amune (grounded),iceberg\AntarcticIcebergs_20220916.csv,csv
B28,2022-09-16T00:00:00Z,-74.24,-109.66,9.0,6.0,amune,iceberg\AntarcticIcebergs_20220916.csv,csv
B29,2022-09-16T00:00:00Z,-74.06,-110.15,11.0,5.0,amune,iceberg\AntarcticIcebergs_20220916.csv,csv
B42,2022-09-16T00:00:00Z,-62.8,-138.6,8.0,3.0,amunw,iceberg\AntarcticIcebergs_20220916.csv,csv
B45,2022-09-16T00:00:00Z,-74.44,-109.78,7.0,6.0,amune,iceberg\AntarcticIcebergs_20220916.csv,csv
B46,2022-09-16T00:00:00Z,-73.26,-156.18,10.0,4.0,rosse,iceberg\AntarcticIcebergs_20220916.csv,csv
B47,2022-09-16T00:00:00Z,-73.86,-134.23,12.0,5.0,amunw,iceberg\AntarcticIcebergs_20220916.csv,csv
B50,2022-09-16T00:00:00Z,-57.85,-149.11,3.0,2.0,amunw,iceberg\AntarcticIcebergs_20220916.csv,csv
C15,2022-09-16T00:00:00Z,-65.95,143.25,12.0,8.0,wilke,iceberg\AntarcticIcebergs_20220916.csv,csv
C18B,2022-09-16T00:00:00Z,-66.56,89.34,19.0,4.0,amere,iceberg\AntarcticIcebergs_20220916.csv,csv
C24,2022-09-16T00:00:00Z,-64.84,96.03,11.0,2.0,wilkw (grounded),iceberg\AntarcticIcebergs_20220916.csv,csv
C29,2022-09-16T00:00:00Z,-66.06,142.78,5.0,5.0,wilke,iceberg\AntarcticIcebergs_20220916.csv,csv
C30,2022-09-16T00:00:00Z,-64.78,96.29,9.0,3.0,wilkw (grounded),iceberg\AntarcticIcebergs_20220916.csv,csv
C31,2022-09-16T00:00:00Z,-64.68,96.51,9.0,3.0,wilkw (grounded),iceberg\AntarcticIcebergs_20220916.csv,csv
C33,2022-09-16T00:00:00Z,-65.32,126.55,8.0,4.0,wilke (grounded),iceberg\AntarcticIcebergs_20220916.csv,csv
C35,2022-09-16T00:00:00Z,-67.25,147.59,7.0,5.0,wilke,iceberg\AntarcticIcebergs_20220916.csv,csv
C36,2022-09-16T00:00:00Z,-67.93,147.48,22.0,15.0,wilke (grounded),iceberg\AntarcticIcebergs_20220916.csv,csv
C37,2022-09-16T00:00:00Z,-65.27,100.86,8.0,3.0,wilkw,iceberg\AntarcticIcebergs_20220916.csv,csv
C38A,2022-09-16T00:00:00Z,-65.22,101.37,10.0,8.0,wilkw,iceberg\AntarcticIcebergs_20220916.csv,csv
C38B,2022-09-16T00:00:00Z,-64.94,101.84,5.0,7.0,wilkw,iceberg\AntarcticIcebergs_20220916.csv,csv
C39,2022-09-16T00:00:00Z,-65.68,99.54,15.0,8.0,wilkw,iceberg\AntarcticIcebergs_20220916.csv,csv
D20A,2022-09-16T00:00:00Z,-74.52,-30.27,14.0,5.0,belle,iceberg\AntarcticIcebergs_20220916.csv,csv
D23,2022-09-16T00:00:00Z,-69.43,74.68,8.0,6.0,amere (grounded),iceberg\AntarcticIcebergs_20220916.csv,csv
D26,2022-09-16T00:00:00Z,-69.23,29.55,16.0,2.0,wedde (grounded),iceberg\AntarcticIcebergs_20220916.csv,csv
D27,2022-09-16T00:00:00Z,-69.38,-3.25,7.0,4.0,weddw,iceberg\AntarcticIcebergs_20220916.csv,csv
D28,2022-09-16T00:00:00Z,-72.35,-46.69,29.0,19.0,belle,iceberg\AntarcticIcebergs_20220916.csv,csv
D29A,2022-09-16T00:00:00Z,-69.04,-42.97,15.0,9.0,belle,iceberg\AntarcticIcebergs_20220916.csv,csv
D29B,2022-09-16T00:00:00Z,-72.64,-46.53,13.0,7.0,belle,iceberg\AntarcticIcebergs_20220916.csv,csv
D29C,2022-09-16T00:00:00Z,-70.08,-45.71,13.0,6.0,belle,iceberg\AntarcticIcebergs_20220916.csv,csv
D30A,2022-09-16T00:00:00Z,-71.79,-51.13,37.0,11.0,belle,iceberg\AntarcticIcebergs_20220916.csv,csv
D30B,2022-09-16T00:00:00Z,-72.0,-47.76,10.0,5.0,belle,iceberg\AntarcticIcebergs_20220916.csv,csv
D31,2022-09-16T00:00:00Z,-72.46,-41.62,10.0,2.0,belle,iceberg\AntarcticIcebergs_20220916.csv,csv
A23A,2022-09-23T00:00:00Z,-73.84,-41.84,40.0,34.0,belle,iceberg\AntarcticIcebergs_20220923.csv,csv
A64,2022-09-23T00:00:00Z,-64.7,-55.8,9.0,8.0,belle,iceberg\AntarcticIcebergs_20220923.csv,csv
A69A,2022-09-23T00:00:00Z,-64.34,-54.92,10.0,9.0,belle,iceberg\AntarcticIcebergs_20220923.csv,csv
A70,2022-09-23T00:00:00Z,-65.81,-60.08,8.0,5.0,belle,iceberg\AntarcticIcebergs_20220923.csv,csv
A76A,2022-09-23T00:00:00Z,-60.8,-52.08,73.0,14.0,belle,iceberg\AntarcticIcebergs_20220923.csv,csv
A76B,2022-09-23T00:00:00Z,-67.66,-59.53,20.0,7.0,belle,iceberg\AntarcticIcebergs_20220923.csv,csv
A76C,2022-09-23T00:00:00Z,-66.6,-59.16,16.0,7.0,belle,iceberg\AntarcticIcebergs_20220923.csv,csv
A78,2022-09-23T00:00:00Z,-70.35,-45.54,18.0,4.0,belle,iceberg\AntarcticIcebergs_20220923.csv,csv
B09B,2022-09-23T00:00:00Z,-66.2,143.4,24.0,8.0,wilke,iceberg\AntarcticIcebergs_20220923.csv,csv
B09G,2022-09-23T00:00:00Z,-68.16,41.84,11.0,7.0,amerw,iceberg\AntarcticIcebergs_20220923.csv,csv
B15AB,2022-09-23T00:00:00Z,-66.08,50.59,11.0,4.0,amerw,iceberg\AntarcticIcebergs_20220923.csv,csv
B22A,2022-09-23T00:00:00Z,-73.8,-109.49,38.0,24.0,amune (grounded),iceberg\AntarcticIcebergs_20220923.csv,csv
B28,2022-09-23T00:00:00Z,-74.24,-109.66,9.0,6.0,amune,iceberg\AntarcticIcebergs_20220923.csv,csv
B29,2022-09-23T00:00:00Z,-74.06,-110.15,11.0,5.0,amune,iceberg\AntarcticIcebergs_20220923.csv,csv
B42,2022-09-23T00:00:00Z,-62.78,-138.05,8.0,3.0,amunw,iceberg\AntarcticIcebergs_20220923.csv,csv
B45,2022-09-23T00:00:00Z,-74.44,-109.78,7.0,6.0,amune,iceberg\AntarcticIcebergs_20220923.csv,csv
B46,2022-09-23T00:00:00Z,-73.23,-156.82,10.0,4.0,rosse,iceberg\AntarcticIcebergs_20220923.csv,csv
B47,2022-09-23T00:00:00Z,-73.86,-134.21,12.0,5.0,amunw,iceberg\AntarcticIcebergs_20220923.csv,csv
C15,2022-09-23T00:00:00Z,-65.95,143.25,12.0,8.0,wilke,iceberg\AntarcticIcebergs_20220923.csv,csv
C18B,2022-09-23T00:00:00Z,-66.56,89.34,19.0,4.0,amere,iceberg\AntarcticIcebergs_20220923.csv,csv
C24,2022-09-23T00:00:00Z,-64.84,96.03,11.0,2.0,wilkw (grounded),iceberg\AntarcticIcebergs_20220923.csv,csv
C29,2022-09-23T00:00:00Z,-66.06,142.78,5.0,5.0,wilke,iceberg\AntarcticIcebergs_20220923.csv,csv
C30,2022-09-23T00:00:00Z,-64.78,96.29,9.0,3.0,wilkw (grounded),iceberg\AntarcticIcebergs_20220923.csv,csv
C31,2022-09-23T00:00:00Z,-64.68,96.51,9.0,3.0,wilkw (grounded),iceberg\AntarcticIcebergs_20220923.csv,csv
C33,2022-09-23T00:00:00Z,-65.32,126.55,8.0,4.0,wilke (grounded),iceberg\AntarcticIcebergs_20220923.csv,csv
C35,2022-09-23T00:00:00Z,-67.25,147.59,7.0,5.0,wilke,iceberg\AntarcticIcebergs_20220923.csv,csv
C36,2022-09-23T00:00:00Z,-67.93,147.48,22.0,15.0,wilke (grounded),iceberg\AntarcticIcebergs_20220923.csv,csv
C37,2022-09-23T00:00:00Z,-65.27,100.86,8.0,3.0,wilkw,iceberg\AntarcticIcebergs_20220923.csv,csv
C38A,2022-09-23T00:00:00Z,-65.22,101.37,10.0,8.0,wilkw,iceberg\AntarcticIcebergs_20220923.csv,csv
C38B,2022-09-23T00:00:00Z,-64.94,101.84,5.0,7.0,wilkw,iceberg\AntarcticIcebergs_20220923.csv,csv
C39,2022-09-23T00:00:00Z,-65.68,99.54,15.0,8.0,wilkw,iceberg\AntarcticIcebergs_20220923.csv,csv
D20A,2022-09-23T00:00:00Z,-74.62,-30.95,14.0,5.0,belle,iceberg\AntarcticIcebergs_20220923.csv,csv
D23,2022-09-23T00:00:00Z,-69.43,74.68,8.0,6.0,amere (grounded),iceberg\AntarcticIcebergs_20220923.csv,csv
D26,2022-09-23T00:00:00Z,-69.23,29.55,16.0,2.0,wedde (grounded),iceberg\AntarcticIcebergs_20220923.csv,csv
D27,2022-09-23T00:00:00Z,-69.28,-4.28,7.0,4.0,weddw,iceberg\AntarcticIcebergs_20220923.csv,csv
D28,2022-09-23T00:00:00Z,-72.18,-47.48,29.0,19.0,belle,iceberg\AntarcticIcebergs_20220923.csv,csv
D29A,2022-09-23T00:00:00Z,-68.61,-42.61,15.0,9.0,belle,iceberg\AntarcticIcebergs_20220923.csv,csv
D29B,2022-09-23T00:00:00Z,-72.42,-46.98,13.0,7.0,belle,iceberg\AntarcticIcebergs_20220923.csv,csv
D29C,2022-09-23T00:00:00Z,-69.86,-45.56,13.0,6.0,belle,iceberg\AntarcticIcebergs_20220923.csv,csv
D30A,2022-09-23T00:00:00Z,-71.43,-51.71,37.0,11.0,belle,iceberg\AntarcticIcebergs_20220923.csv,csv
D30B,2022-09-23T00:00:00Z,-71.74,-47.81,10.0,5.0,belle,iceberg\AntarcticIcebergs_20220923.csv,csv
D31,2022-09-23T00:00:00Z,-72.17,-41.85,10.0,2.0,belle,iceberg\AntarcticIcebergs_20220923.csv,csv
A23A,2022-10-28T00:00:00Z,-73.42,-43.37,40.0,34.0,belle,iceberg\AntarcticIcebergs_20221028.csv,csv
A64,2022-10-28T00:00:00Z,-63.84,-53.27,9.0,8.0,belle,iceberg\AntarcticIcebergs_20221028.csv,csv
A69A,2022-10-28T00:00:00Z,-63.71,-52.75,9.0,8.0,belle,iceberg\AntarcticIcebergs_20221028.csv,csv
A70,2022-10-28T00:00:00Z,-65.81,-60.41,8.0,5.0,belle,iceberg\AntarcticIcebergs_20221028.csv,csv
A76A,2022-10-28T00:00:00Z,-58.73,-50.19,73.0,14.0,belle,iceberg\AntarcticIcebergs_20221028.csv,csv
A76B,2022-10-28T00:00:00Z,-67.41,-59.75,20.0,7.0,belle,iceberg\AntarcticIcebergs_20221028.csv,csv
A76C,2022-10-28T00:00:00Z,-66.45,-59.21,16.0,7.0,belle,iceberg\AntarcticIcebergs_20221028.csv,csv
A78,2022-10-28T00:00:00Z,-69.47,-45.9,18.0,4.0,belle,iceberg\AntarcticIcebergs_20221028.csv,csv
B09B,2022-10-28T00:00:00Z,-66.2,143.4,24.0,8.0,wilke,iceberg\AntarcticIcebergs_20221028.csv,csv
B09G,2022-10-28T00:00:00Z,-68.16,41.84,11.0,7.0,amerw,iceberg\AntarcticIcebergs_20221028.csv,csv
B15AB,2022-10-28T00:00:00Z,-66.08,50.59,11.0,4.0,amerw,iceberg\AntarcticIcebergs_20221028.csv,csv
B22A,2022-10-28T00:00:00Z,-73.8,-109.49,38.0,24.0,amune (grounded),iceberg\AntarcticIcebergs_20221028.csv,csv
B28,2022-10-28T00:00:00Z,-74.24,-109.66,9.0,6.0,amune,iceberg\AntarcticIcebergs_20221028.csv,csv
B29,2022-10-28T00:00:00Z,-74.05,-110.15,11.0,5.0,amune,iceberg\AntarcticIcebergs_20221028.csv,csv
B45,2022-10-28T00:00:00Z,-74.44,-109.77,7.0,6.0,amune,iceberg\AntarcticIcebergs_20221028.csv,csv
B46,2022-10-28T00:00:00Z,-71.62,-158.44,10.0,4.0,rosse,iceberg\AntarcticIcebergs_20221028.csv,csv
B47,2022-10-28T00:00:00Z,-73.86,-134.23,12.0,5.0,amunw,iceberg\AntarcticIcebergs_20221028.csv,csv
C15,2022-10-28T00:00:00Z,-65.95,143.25,12.0,8.0,wilke,iceberg\AntarcticIcebergs_20221028.csv,csv
C18B,2022-10-28T00:00:00Z,-66.56,89.34,19.0,4.0,amere,iceberg\AntarcticIcebergs_20221028.csv,csv
C24,2022-10-28T00:00:00Z,-64.84,96.03,11.0,2.0,wilkw (grounded),iceberg\AntarcticIcebergs_20221028.csv,csv
C29,2022-10-28T00:00:00Z,-66.06,142.78,5.0,5.0,wilke,iceberg\AntarcticIcebergs_20221028.csv,csv
C30,2022-10-28T00:00:00Z,-64.78,96.29,9.0,3.0,wilkw (grounded),iceberg\AntarcticIcebergs_20221028.csv,csv
C31,2022-10-28T00:00:00Z,-64.68,96.51,9.0,3.0,wilkw (grounded),iceberg\AntarcticIcebergs_20221028.csv,csv
C33,2022-10-28T00:00:00Z,-65.32,126.55,8.0,4.0,wilke (grounded),iceberg\AntarcticIcebergs_20221028.csv,csv
C35,2022-10-28T00:00:00Z,-67.27,147.65,7.0,5.0,wilke,iceberg\AntarcticIcebergs_20221028.csv,csv
C36,2022-10-28T00:00:00Z,-67.93,147.48,22.0,15.0,wilke (grounded),iceberg\AntarcticIcebergs_20221028.csv,csv
C37,2022-10-28T00:00:00Z,-65.44,99.8,8.0,3.0,wilkw,iceberg\AntarcticIcebergs_20221028.csv,csv
C38A,2022-10-28T00:00:00Z,-65.22,101.37,10.0,8.0,wilkw (grounded),iceberg\AntarcticIcebergs_20221028.csv,csv
C38B,2022-10-28T00:00:00Z,-64.94,101.84,5.0,7.0,wilkw (grounded),iceberg\AntarcticIcebergs_20221028.csv,csv
C39,2022-10-28T00:00:00Z,-65.69,99.53,15.0,7.0,wilkw (grounded),iceberg\AntarcticIcebergs_20221028.csv,csv
D20A,2022-10-28T00:00:00Z,-74.37,-35.77,14.0,5.0,belle,iceberg\AntarcticIcebergs_20221028.csv,csv
D23,2022-10-28T00:00:00Z,-69.43,74.68,8.0,6.0,amere (grounded),iceberg\AntarcticIcebergs_20221028.csv,csv
D26,2022-10-28T00:00:00Z,-69.23,29.55,16.0,2.0,wedde (grounded),iceberg\AntarcticIcebergs_20221028.csv,csv
D27,2022-10-28T00:00:00Z,-71.55,-14.94,7.0,4.0,weddw,iceberg\AntarcticIcebergs_20221028.csv,csv
D28,2022-10-28T00:00:00Z,-71.86,-50.61,29.0,19.0,belle,iceberg\AntarcticIcebergs_20221028.csv,csv
D29A,2022-10-28T00:00:00Z,-66.88,-43.51,15.0,9.0,belle,iceberg\AntarcticIcebergs_20221028.csv,csv
D29B,2022-10-28T00:00:00Z,-71.92,-49.95,13.0,7.0,belle,iceberg\AntarcticIcebergs_20221028.csv,csv
D29C,2022-10-28T00:00:00Z,-68.95,-45.76,13.0,6.0,belle,iceberg\AntarcticIcebergs_20221028.csv,csv
D30A,2022-10-28T00:00:00Z,-70.47,-53.73,37.0,11.0,belle,iceberg\AntarcticIcebergs_20221028.csv,csv
D30B,2022-10-28T00:00:00Z,-70.85,-49.76,10.0,5.0,belle,iceberg\AntarcticIcebergs_20221028.csv,csv
D31,2022-10-28T00:00:00Z,-71.45,-45.09,10.0,2.0,belle,iceberg\AntarcticIcebergs_20221028.csv,csv
D32,2022-10-28T00:00:00Z,-68.14,70.74,10.0,9.0,amere,iceberg\AntarcticIcebergs_20221028.csv,csv
A23A,2022-11-04T00:00:00Z,-73.26,-43.85,40.0,34.0,belle,iceberg\AntarcticIcebergs_20221104.csv,csv
A64,2022-11-04T00:00:00Z,-63.45,-53.75,9.0,8.0,belle,iceberg\AntarcticIcebergs_20221104.csv,csv
A69A,2022-11-04T00:00:00Z,-63.44,-53.34,9.0,8.0,belle,iceberg\AntarcticIcebergs_20221104.csv,csv
A70,2022-11-04T00:00:00Z,-65.8,-60.79,8.0,5.0,belle,iceberg\AntarcticIcebergs_20221104.csv,csv
A76A,2022-11-04T00:00:00Z,-58.62,-50.15,73.0,14.0,belle,iceberg\AntarcticIcebergs_20221104.csv,csv
A76B,2022-11-04T00:00:00Z,-67.28,-59.88,20.0,7.0,belle,iceberg\AntarcticIcebergs_20221104.csv,csv
A76C,2022-11-04T00:00:00Z,-66.27,-59.83,16.0,7.0,belle,iceberg\AntarcticIcebergs_20221104.csv,csv
A78,2022-11-04T00:00:00Z,-69.47,-47.57,18.0,4.0,belle,iceberg\AntarcticIcebergs_20221104.csv,csv
B09B,2022-11-04T00:00:00Z,-66.2,143.4,24.0,8.0,wilke,iceberg\AntarcticIcebergs_20221104.csv,csv
B09G,2022-11-04T00:00:00Z,-68.16,41.84,11.0,7.0,amerw,iceberg\AntarcticIcebergs_20221104.csv,csv
B15AB,2022-11-04T00:00:00Z,-66.08,50.59,11.0,4.0,amerw,iceberg\AntarcticIcebergs_20221104.csv,csv
B22A,2022-11-04T00:00:00Z,-73.79,-109.47,38.0,24.0,amune (grounded),iceberg\AntarcticIcebergs_20221104.csv,csv
B28,2022-11-04T00:00:00Z,-74.24,-109.66,9.0,6.0,amune,iceberg\AntarcticIcebergs_20221104.csv,csv
B29,2022-11-04T00:00:00Z,-74.05,-110.15,11.0,5.0,amune,iceberg\AntarcticIcebergs_20221104.csv,csv
B45,2022-11-04T00:00:00Z,-74.44,-109.77,7.0,6.0,amune,iceberg\AntarcticIcebergs_20221104.csv,csv
B46,2022-11-04T00:00:00Z,-71.5,-159.45,10.0,4.0,rosse,iceberg\AntarcticIcebergs_20221104.csv,csv
B47,2022-11-04T00:00:00Z,-73.86,-134.14,12.0,5.0,amunw,iceberg\AntarcticIcebergs_20221104.csv,csv
C15,2022-11-04T00:00:00Z,-65.95,143.25,12.0,8.0,wilke,iceberg\AntarcticIcebergs_20221104.csv,csv
C18B,2022-11-04T00:00:00Z,-66.56,89.37,19.0,4.0,amere,iceberg\AntarcticIcebergs_20221104.csv,csv
C24,2022-11-04T00:00:00Z,-64.84,96.03,11.0,2.0,wilkw (grounded),iceberg\AntarcticIcebergs_20221104.csv,csv
C29,2022-11-04T00:00:00Z,-66.06,142.78,5.0,5.0,wilke,iceberg\AntarcticIcebergs_20221104.csv,csv
C30,2022-11-04T00:00:00Z,-64.78,96.29,9.0,3.0,wilkw (grounded),iceberg\AntarcticIcebergs_20221104.csv,csv
C31,2022-11-04T00:00:00Z,-64.68,96.51,9.0,3.0,wilkw (grounded),iceberg\AntarcticIcebergs_20221104.csv,csv
C33,2022-11-04T00:00:00Z,-65.33,126.62,8.0,4.0,wilke (grounded),iceberg\AntarcticIcebergs_20221104.csv,csv
C35,2022-11-04T00:00:00Z,-67.29,147.6,7.0,5.0,wilke,iceberg\AntarcticIcebergs_20221104.csv,csv
C36,2022-11-04T00:00:00Z,-67.93,147.48,22.0,15.0,wilke (grounded),iceberg\AntarcticIcebergs_20221104.csv,csv
C37,2022-11-04T00:00:00Z,-65.64,99.88,8.0,3.0,wilkw,iceberg\AntarcticIcebergs_20221104.csv,csv
C38A,2022-11-04T00:00:00Z,-65.22,101.35,10.0,8.0,wilkw (grounded),iceberg\AntarcticIcebergs_20221104.csv,csv
C38B,2022-11-04T00:00:00Z,-64.94,101.83,5.0,7.0,wilkw (grounded),iceberg\AntarcticIcebergs_20221104.csv,csv
C39,2022-11-04T00:00:00Z,-65.69,99.53,15.0,7.0,wilkw (grounded),iceberg\AntarcticIcebergs_20221104.csv,csv
D20A,2022-11-04T00:00:00Z,-74.14,-36.67,14.0,5.0,belle,iceberg\AntarcticIcebergs_20221104.csv,csv
D23,2022-11-04T00:00:00Z,-69.43,74.68,8.0,6.0,amere (grounded),iceberg\AntarcticIcebergs_20221104.csv,csv
D26,2022-11-04T00:00:00Z,-69.23,29.55,16.0,2.0,wedde (grounded),iceberg\AntarcticIcebergs_20221104.csv,csv
D27,2022-11-04T00:00:00Z,-72.24,-16.8,7.0,4.0,weddw,iceberg\AntarcticIcebergs_20221104.csv,csv
D28,2022-11-04T00:00:00Z,-71.86,-51.73,29.0,19.0,belle,iceberg\AntarcticIcebergs_20221104.csv,csv
D29A,2022-11-04T00:00:00Z,-66.92,-44.78,15.0,9.0,belle,iceberg\AntarcticIcebergs_20221104.csv,csv
D29B,2022-11-04T00:00:00Z,-71.94,-51.08,13.0,7.0,belle,iceberg\AntarcticIcebergs_20221104.csv,csv
D29C,2022-11-04T00:00:00Z,-69.22,-47.35,13.0,6.0,belle,iceberg\AntarcticIcebergs_20221104.csv,csv
D30A,2022-11-04T00:00:00Z,-70.3,-54.78,37.0,11.0,belle,iceberg\AntarcticIcebergs_20221104.csv,csv
D30B,2022-11-04T00:00:00Z,-70.73,-51.24,10.0,5.0,belle,iceberg\AntarcticIcebergs_20221104.csv,csv
D31,2022-11-04T00:00:00Z,-71.27,-46.69,10.0,2.0,belle,iceberg\AntarcticIcebergs_20221104.csv,csv
D32,2022-11-04T00:00:00Z,-67.94,70.88,10.0,9.0,amere,iceberg\AntarcticIcebergs_20221104.csv,csv
A23A,2022-11-11T00:00:00Z,-73.1,-43.87,40.0,34.0,belle,iceberg\AntarcticIcebergs_20221111.csv,csv
A64,2022-11-11T00:00:00Z,-62.43,-53.46,9.0,8.0,belle,iceberg\AntarcticIcebergs_20221111.csv,csv
A69A,2022-11-11T00:00:00Z,-62.65,-53.5,9.0,8.0,belle,iceberg\AntarcticIcebergs_20221111.csv,csv
A70,2022-11-11T00:00:00Z,-65.84,-60.99,8.0,5.0,belle,iceberg\AntarcticIcebergs_20221111.csv,csv
A76A,2022-11-11T00:00:00Z,-59.17,-49.0,73.0,14.0,belle,iceberg\AntarcticIcebergs_20221111.csv,csv
A76B,2022-11-11T00:00:00Z,-67.2,-59.8,20.0,7.0,belle,iceberg\AntarcticIcebergs_20221111.csv,csv
A76C,2022-11-11T00:00:00Z,-66.24,-59.76,16.0,7.0,belle,iceberg\AntarcticIcebergs_20221111.csv,csv
A78,2022-11-11T00:00:00Z,-69.31,-47.73,18.0,4.0,belle,iceberg\AntarcticIcebergs_20221111.csv,csv
B09B,2022-11-11T00:00:00Z,-66.2,143.4,24.0,8.0,wilke,iceberg\AntarcticIcebergs_20221111.csv,csv
B09G,2022-11-11T00:00:00Z,-68.16,41.84,11.0,7.0,amerw,iceberg\AntarcticIcebergs_20221111.csv,csv
B15AB,2022-11-11T00:00:00Z,-66.08,50.59,11.0,4.0,amerw,iceberg\AntarcticIcebergs_20221111.csv,csv
B22A,2022-11-11T00:00:00Z,-73.77,-109.42,38.0,24.0,amune (grounded),iceberg\AntarcticIcebergs_20221111.csv,csv
B28,2022-11-11T00:00:00Z,-74.17,-109.76,9.0,6.0,amune,iceberg\AntarcticIcebergs_20221111.csv,csv
B29,2022-11-11T00:00:00Z,-74.04,-110.12,11.0,5.0,amune,iceberg\AntarcticIcebergs_20221111.csv,csv
B45,2022-11-11T00:00:00Z,-74.44,-109.77,7.0,6.0,amune,iceberg\AntarcticIcebergs_20221111.csv,csv
B46,2022-11-11T00:00:00Z,-71.4,-160.4,10.0,4.0,rosse,iceberg\AntarcticIcebergs_20221111.csv,csv
B47,2022-11-11T00:00:00Z,-73.86,-134.1,12.0,5.0,amunw,iceberg\AntarcticIcebergs_20221111.csv,csv
C15,2022-11-11T00:00:00Z,-65.95,143.25,12.0,8.0,wilke,iceberg\AntarcticIcebergs_20221111.csv,csv
C18B,2022-11-11T00:00:00Z,-66.56,89.37,19.0,4.0,amere,iceberg\AntarcticIcebergs_20221111.csv,csv
C24,2022-11-11T00:00:00Z,-64.84,96.03,11.0,2.0,wilkw (grounded),iceberg\AntarcticIcebergs_20221111.csv,csv
C29,2022-11-11T00:00:00Z,-66.06,142.78,5.0,5.0,wilke,iceberg\AntarcticIcebergs_20221111.csv,csv
C30,2022-11-11T00:00:00Z,-64.78,96.29,9.0,3.0,wilkw (grounded),iceberg\AntarcticIcebergs_20221111.csv,csv
C31,2022-11-11T00:00:00Z,-64.68,96.51,9.0,3.0,wilkw (grounded),iceberg\AntarcticIcebergs_20221111.csv,csv
C33,2022-11-11T00:00:00Z,-65.32,126.54,8.0,4.0,wilke (grounded),iceberg\AntarcticIcebergs_20221111.csv,csv
C35,2022-11-11T00:00:00Z,-67.31,147.46,7.0,5.0,wilke,iceberg\AntarcticIcebergs_20221111.csv,csv
C36,2022-11-11T00:00:00Z,-67.93,147.48,22.0,15.0,wilke (grounded),iceberg\AntarcticIcebergs_20221111.csv,csv
C37,2022-11-11T00:00:00Z,-65.66,99.98,8.0,3.0,wilkw,iceberg\AntarcticIcebergs_20221111.csv,csv
C38A,2022-11-11T00:00:00Z,-65.22,101.35,10.0,8.0,wilkw (grounded),iceberg\AntarcticIcebergs_20221111.csv,csv
C38B,2022-11-11T00:00:00Z,-64.94,101.83,5.0,7.0,wilkw (grounded),iceberg\AntarcticIcebergs_20221111.csv,csv
C39,2022-11-11T00:00:00Z,-65.69,99.53,15.0,7.0,wilkw (grounded),iceberg\AntarcticIcebergs_20221111.csv,csv
D20A,2022-11-11T00:00:00Z,-74.19,-36.89,14.0,5.0,belle,iceberg\AntarcticIcebergs_20221111.csv,csv
D23,2022-11-11T00:00:00Z,-69.43,74.68,8.0,6.0,amere (grounded),iceberg\AntarcticIcebergs_20221111.csv,csv
D26,2022-11-11T00:00:00Z,-69.23,29.55,16.0,2.0,wedde (grounded),iceberg\AntarcticIcebergs_20221111.csv,csv
D27,2022-11-11T00:00:00Z,-72.5,-18.24,7.0,4.0,weddw,iceberg\AntarcticIcebergs_20221111.csv,csv
D28,2022-11-11T00:00:00Z,-71.72,-52.41,29.0,19.0,belle,iceberg\AntarcticIcebergs_20221111.csv,csv
D29A,2022-11-11T00:00:00Z,-66.48,-45.62,15.0,9.0,belle,iceberg\AntarcticIcebergs_20221111.csv,csv
D29B,2022-11-11T00:00:00Z,-71.72,-51.71,13.0,7.0,belle,iceberg\AntarcticIcebergs_20221111.csv,csv
D29C,2022-11-11T00:00:00Z,-69.12,-47.97,13.0,6.0,belle,iceberg\AntarcticIcebergs_20221111.csv,csv
D30A,2022-11-11T00:00:00Z,-70.03,-54.91,37.0,11.0,belle,iceberg\AntarcticIcebergs_20221111.csv,csv
D30B,2022-11-11T00:00:00Z,-70.48,-51.58,10.0,5.0,belle,iceberg\AntarcticIcebergs_20221111.csv,csv
D31,2022-11-11T00:00:00Z,-71.24,-47.11,10.0,2.0,belle,iceberg\AntarcticIcebergs_20221111.csv,csv
D32,2022-11-11T00:00:00Z,-67.87,70.97,10.0,9.0,amere,iceberg\AntarcticIcebergs_20221111.csv,csv
A23A,2022-11-18T00:00:00Z,-73.02,-43.92,40.0,34.0,belle,iceberg\AntarcticIcebergs_20221118.csv,csv
A64,2022-11-18T00:00:00Z,-61.78,-52.15,9.0,8.0,belle,iceberg\AntarcticIcebergs_20221118.csv,csv
A69A,2022-11-18T00:00:00Z,-62.03,-52.95,9.0,8.0,belle,iceberg\AntarcticIcebergs_20221118.csv,csv
A70,2022-11-18T00:00:00Z,-65.62,-61.2,8.0,5.0,belle,iceberg\AntarcticIcebergs_20221118.csv,csv
A76A,2022-11-18T00:00:00Z,-59.27,-49.12,73.0,14.0,belle,iceberg\AntarcticIcebergs_20221118.csv,csv
A76B,2022-11-18T00:00:00Z,-67.16,-59.68,20.0,7.0,belle,iceberg\AntarcticIcebergs_20221118.csv,csv
A76C,2022-11-18T00:00:00Z,-66.3,-59.57,16.0,7.0,belle,iceberg\AntarcticIcebergs_20221118.csv,csv
A78,2022-11-18T00:00:00Z,-69.17,-47.2,18.0,4.0,belle,iceberg\AntarcticIcebergs_20221118.csv,csv
B09B,2022-11-18T00:00:00Z,-66.2,143.4,24.0,8.0,wilke,iceberg\AntarcticIcebergs_20221118.csv,csv
B09G,2022-11-18T00:00:00Z,-68.16,41.84,11.0,7.0,amerw,iceberg\AntarcticIcebergs_20221118.csv,csv
B15AB,2022-11-18T00:00:00Z,-66.08,50.59,11.0,4.0,amerw,iceberg\AntarcticIcebergs_20221118.csv,csv
B22A,2022-11-18T00:00:00Z,-73.74,-109.33,38.0,24.0,amune (grounded),iceberg\AntarcticIcebergs_20221118.csv,csv
B28,2022-11-18T00:00:00Z,-74.06,-109.95,8.0,5.0,amune,iceberg\AntarcticIcebergs_20221118.csv,csv
B29,2022-11-18T00:00:00Z,-74.0,-110.15,10.0,4.0,amune,iceberg\AntarcticIcebergs_20221118.csv,csv
B45,2022-11-18T00:00:00Z,-74.43,-109.76,7.0,6.0,amune,iceberg\AntarcticIcebergs_20221118.csv,csv
B46,2022-11-18T00:00:00Z,-71.12,-160.27,10.0,4.0,rosse,iceberg\AntarcticIcebergs_20221118.csv,csv
B47,2022-11-18T00:00:00Z,-73.86,-134.05,12.0,5.0,amunw,iceberg\AntarcticIcebergs_20221118.csv,csv
C15,2022-11-18T00:00:00Z,-65.95,143.25,12.0,8.0,wilke,iceberg\AntarcticIcebergs_20221118.csv,csv
C18B,2022-11-18T00:00:00Z,-66.56,89.37,19.0,4.0,amere,iceberg\AntarcticIcebergs_20221118.csv,csv
C24,2022-11-18T00:00:00Z,-64.84,96.03,11.0,2.0,wilkw (grounded),iceberg\AntarcticIcebergs_20221118.csv,csv
C29,2022-11-18T00:00:00Z,-66.06,142.78,5.0,5.0,wilke,iceberg\AntarcticIcebergs_20221118.csv,csv
C30,2022-11-18T00:00:00Z,-64.78,96.29,9.0,3.0,wilkw (grounded),iceberg\AntarcticIcebergs_20221118.csv,csv
C31,2022-11-18T00:00:00Z,-64.68,96.51,9.0,3.0,wilkw (grounded),iceberg\AntarcticIcebergs_20221118.csv,csv
C33,2022-11-18T00:00:00Z,-65.32,126.54,8.0,4.0,wilke (grounded),iceberg\AntarcticIcebergs_20221118.csv,csv
C35,2022-11-18T00:00:00Z,-67.26,147.41,7.0,5.0,wilke,iceberg\AntarcticIcebergs_20221118.csv,csv
C36,2022-11-18T00:00:00Z,-67.93,147.48,22.0,15.0,wilke (grounded),iceberg\AntarcticIcebergs_20221118.csv,csv
C37,2022-11-18T00:00:00Z,-65.61,100.05,8.0,3.0,wilkw,iceberg\AntarcticIcebergs_20221118.csv,csv
C38A,2022-11-18T00:00:00Z,-65.22,101.35,10.0,8.0,wilkw (grounded),iceberg\AntarcticIcebergs_20221118.csv,csv
C38B,2022-11-18T00:00:00Z,-64.94,101.83,5.0,7.0,wilkw (grounded),iceberg\AntarcticIcebergs_20221118.csv,csv
C39,2022-11-18T00:00:00Z,-65.69,99.53,15.0,7.0,wilkw (grounded),iceberg\AntarcticIcebergs_20221118.csv,csv
D20A,2022-11-18T00:00:00Z,-73.92,-37.26,14.0,5.0,belle,iceberg\AntarcticIcebergs_20221118.csv,csv
D23,2022-11-18T00:00:00Z,-69.43,74.68,8.0,6.0,amere (grounded),iceberg\AntarcticIcebergs_20221118.csv,csv
D26,2022-11-18T00:00:00Z,-69.23,29.55,16.0,2.0,wedde (grounded),iceberg\AntarcticIcebergs_20221118.csv,csv
D27,2022-11-18T00:00:00Z,-73.2,-20.76,7.0,4.0,weddw,iceberg\AntarcticIcebergs_20221118.csv,csv
D28,2022-11-18T00:00:00Z,-71.71,-52.73,29.0,19.0,belle,iceberg\AntarcticIcebergs_20221118.csv,csv
D29A,2022-11-18T00:00:00Z,-66.17,-45.86,15.0,9.0,belle,iceberg\AntarcticIcebergs_20221118.csv,csv
D29B,2022-11-18T00:00:00Z,-71.71,-51.96,13.0,7.0,belle,iceberg\AntarcticIcebergs_20221118.csv,csv
D29C,2022-11-18T00:00:00Z,-69.0,-47.55,13.0,6.0,belle,iceberg\AntarcticIcebergs_20221118.csv,csv
D30A,2022-11-18T00:00:00Z,-69.91,-54.5,37.0,11.0,belle,iceberg\AntarcticIcebergs_20221118.csv,csv
D30B,2022-11-18T00:00:00Z,-70.62,-51.29,10.0,5.0,belle,iceberg\AntarcticIcebergs_20221118.csv,csv
D31,2022-11-18T00:00:00Z,-71.24,-47.12,10.0,2.0,belle,iceberg\AntarcticIcebergs_20221118.csv,csv
D32,2022-11-18T00:00:00Z,-67.62,71.12,10.0,9.0,amere,iceberg\AntarcticIcebergs_20221118.csv,csv
A23A,2022-11-25T00:00:00Z,-72.95,-44.51,40.0,34.0,belle,iceberg\AntarcticIcebergs_20221125.csv,csv
A64,2022-11-25T00:00:00Z,-61.24,-50.74,9.0,8.0,belle,iceberg\AntarcticIcebergs_20221125.csv,csv
A69A,2022-11-25T00:00:00Z,-61.65,-51.48,9.0,8.0,belle,iceberg\AntarcticIcebergs_20221125.csv,csv
A70,2022-11-25T00:00:00Z,-65.49,-61.58,8.0,5.0,belle,iceberg\AntarcticIcebergs_20221125.csv,csv
A76A,2022-11-25T00:00:00Z,-59.04,-48.74,73.0,14.0,belle,iceberg\AntarcticIcebergs_20221125.csv,csv
A76B,2022-11-25T00:00:00Z,-67.13,-59.82,20.0,7.0,belle,iceberg\AntarcticIcebergs_20221125.csv,csv
A76C,2022-11-25T00:00:00Z,-66.36,-59.5,16.0,7.0,belle,iceberg\AntarcticIcebergs_20221125.csv,csv
A78,2022-11-25T00:00:00Z,-68.84,-46.57,18.0,4.0,belle,iceberg\AntarcticIcebergs_20221125.csv,csv
B09B,2022-11-25T00:00:00Z,-66.2,143.4,24.0,8.0,wilke,iceberg\AntarcticIcebergs_20221125.csv,csv
B09G,2022-11-25T00:00:00Z,-68.16,41.84,11.0,7.0,amerw,iceberg\AntarcticIcebergs_20221125.csv,csv
B15AB,2022-11-25T00:00:00Z,-66.08,50.59,11.0,4.0,amerw,iceberg\AntarcticIcebergs_20221125.csv,csv
B22A,2022-11-25T00:00:00Z,-73.74,-109.35,38.0,24.0,amune (grounded),iceberg\AntarcticIcebergs_20221125.csv,csv
B28,2022-11-25T00:00:00Z,-74.06,-109.98,8.0,5.0,amune,iceberg\AntarcticIcebergs_20221125.csv,csv
B29,2022-11-25T00:00:00Z,-74.0,-110.16,10.0,4.0,amune,iceberg\AntarcticIcebergs_20221125.csv,csv
B45,2022-11-25T00:00:00Z,-74.43,-109.77,7.0,6.0,amune,iceberg\AntarcticIcebergs_20221125.csv,csv
B46,2022-11-25T00:00:00Z,-70.74,-159.2,10.0,4.0,rosse,iceberg\AntarcticIcebergs_20221125.csv,csv
B47,2022-11-25T00:00:00Z,-73.86,-134.04,12.0,5.0,amunw,iceberg\AntarcticIcebergs_20221125.csv,csv
C15,2022-11-25T00:00:00Z,-65.95,143.25,12.0,8.0,wilke,iceberg\AntarcticIcebergs_20221125.csv,csv
C18B,2022-11-25T00:00:00Z,-66.56,89.34,19.0,4.0,amere,iceberg\AntarcticIcebergs_20221125.csv,csv
C24,2022-11-25T00:00:00Z,-64.84,96.03,11.0,2.0,wilkw (grounded),iceberg\AntarcticIcebergs_20221125.csv,csv
C29,2022-11-25T00:00:00Z,-66.06,142.78,5.0,5.0,wilke,iceberg\AntarcticIcebergs_20221125.csv,csv
C30,2022-11-25T00:00:00Z,-64.78,96.29,9.0,3.0,wilkw (grounded),iceberg\AntarcticIcebergs_20221125.csv,csv
C31,2022-11-25T00:00:00Z,-64.68,96.51,9.0,3.0,wilkw (grounded),iceberg\AntarcticIcebergs_20221125.csv,csv
C33,2022-11-25T00:00:00Z,-65.33,126.61,8.0,4.0,wilke (grounded),iceberg\AntarcticIcebergs_20221125.csv,csv
C35,2022-11-25T00:00:00Z,-67.27,147.43,7.0,5.0,wilke,iceberg\AntarcticIcebergs_20221125.csv,csv
C36,2022-11-25T00:00:00Z,-67.93,147.48,22.0,15.0,wilke (grounded),iceberg\AntarcticIcebergs_20221125.csv,csv
C37,2022-11-25T00:00:00Z,-65.44,100.02,8.0,3.0,wilkw,iceberg\AntarcticIcebergs_20221125.csv,csv
C38A,2022-11-25T00:00:00Z,-65.22,101.35,10.0,8.0,wilkw (grounded),iceberg\AntarcticIcebergs_20221125.csv,csv
C38B,2022-11-25T00:00:00Z,-64.94,101.83,5.0,7.0,wilkw (grounded),iceberg\AntarcticIcebergs_20221125.csv,csv
C39,2022-11-25T00:00:00Z,-65.68,99.53,15.0,7.0,wilkw (grounded),iceberg\AntarcticIcebergs_20221125.csv,csv
D20A,2022-11-25T00:00:00Z,-74.02,-38.0,14.0,5.0,belle,iceberg\AntarcticIcebergs_20221125.csv,csv
D23,2022-11-25T00:00:00Z,-69.43,74.68,8.0,6.0,amere (grounded),iceberg\AntarcticIcebergs_20221125.csv,csv
D26,2022-11-25T00:00:00Z,-69.23,29.55,16.0,2.0,wedde (grounded),iceberg\AntarcticIcebergs_20221125.csv,csv
D27,2022-11-25T00:00:00Z,-73.46,-21.67,7.0,4.0,weddw,iceberg\AntarcticIcebergs_20221125.csv,csv
D28,2022-11-25T00:00:00Z,-71.55,-53.69,29.0,19.0,belle,iceberg\AntarcticIcebergs_20221125.csv,csv
D29A,2022-11-25T00:00:00Z,-65.87,-46.01,15.0,9.0,belle,iceberg\AntarcticIcebergs_20221125.csv,csv
D29B,2022-11-25T00:00:00Z,-71.58,-52.98,13.0,7.0,belle,iceberg\AntarcticIcebergs_20221125.csv,csv
D29C,2022-11-25T00:00:00Z,-68.82,-47.64,13.0,6.0,belle,iceberg\AntarcticIcebergs_20221125.csv,csv
D30A,2022-11-25T00:00:00Z,-69.65,-54.67,37.0,11.0,belle,iceberg\AntarcticIcebergs_20221125.csv,csv
D30B,2022-11-25T00:00:00Z,-70.34,-52.03,10.0,5.0,belle,iceberg\AntarcticIcebergs_20221125.csv,csv
D31,2022-11-25T00:00:00Z,-71.02,-47.89,10.0,2.0,belle,iceberg\AntarcticIcebergs_20221125.csv,csv
D32,2022-11-25T00:00:00Z,-67.55,71.21,10.0,9.0,amere,iceberg\AntarcticIcebergs_20221125.csv,csv
A23A,2022-12-02T00:00:00Z,-72.85,-44.88,40.0,34.0,belle (grounded),iceberg\AntarcticIcebergs_20221202.csv,csv
A64,2022-12-02T00:00:00Z,-60.53,-49.56,6.0,3.0,belle,iceberg\AntarcticIcebergs_20221202.csv,csv
A69A,2022-12-02T00:00:00Z,-60.87,-50.07,9.0,8.0,belle,iceberg\AntarcticIcebergs_20221202.csv,csv
A70,2022-12-02T00:00:00Z,-65.33,-61.8,8.0,5.0,belle,iceberg\AntarcticIcebergs_20221202.csv,csv
A76A,2022-12-02T00:00:00Z,-59.11,-49.41,73.0,14.0,belle,iceberg\AntarcticIcebergs_20221202.csv,csv
A76B,2022-12-02T00:00:00Z,-67.03,-59.53,20.0,7.0,belle,iceberg\AntarcticIcebergs_20221202.csv,csv
A76C,2022-12-02T00:00:00Z,-66.31,-59.51,16.0,7.0,belle,iceberg\AntarcticIcebergs_20221202.csv,csv
A78,2022-12-02T00:00:00Z,-68.69,-46.39,18.0,4.0,belle,iceberg\AntarcticIcebergs_20221202.csv,csv
A80A,2022-12-02T00:00:00Z,-71.77,-60.27,19.0,9.0,belle,iceberg\AntarcticIcebergs_20221202.csv,csv
A80B,2022-12-02T00:00:00Z,-71.43,-60.33,13.0,5.0,belle,iceberg\AntarcticIcebergs_20221202.csv,csv
A80C,2022-12-02T00:00:00Z,-71.53,-60.51,10.0,2.0,belle,iceberg\AntarcticIcebergs_20221202.csv,csv
B09B,2022-12-02T00:00:00Z,-66.2,143.4,24.0,8.0,wilke,iceberg\AntarcticIcebergs_20221202.csv,csv
B09G,2022-12-02T00:00:00Z,-68.16,41.84,11.0,7.0,amerw,iceberg\AntarcticIcebergs_20221202.csv,csv
B15AB,2022-12-02T00:00:00Z,-66.08,50.59,11.0,4.0,amerw (grounded),iceberg\AntarcticIcebergs_20221202.csv,csv
B22A,2022-12-02T00:00:00Z,-73.72,-109.34,38.0,24.0,amune (grounded),iceberg\AntarcticIcebergs_20221202.csv,csv
B28,2022-12-02T00:00:00Z,-74.06,-110.02,8.0,5.0,amune (grounded),iceberg\AntarcticIcebergs_20221202.csv,csv
B29,2022-12-02T00:00:00Z,-73.98,-110.14,10.0,4.0,amune (grounded),iceberg\AntarcticIcebergs_20221202.csv,csv
B45,2022-12-02T00:00:00Z,-74.43,-109.77,7.0,6.0,amune (grounded),iceberg\AntarcticIcebergs_20221202.csv,csv
B46,2022-12-02T00:00:00Z,-70.39,-157.88,10.0,4.0,rosse,iceberg\AntarcticIcebergs_20221202.csv,csv
B47,2022-12-02T00:00:00Z,-73.86,-134.08,12.0,5.0,amunw,iceberg\AntarcticIcebergs_20221202.csv,csv
C15,2022-12-02T00:00:00Z,-65.95,143.25,12.0,8.0,wilke,iceberg\AntarcticIcebergs_20221202.csv,csv
C18B,2022-12-02T00:00:00Z,-66.56,89.36,19.0,4.0,amere (fasted),iceberg\AntarcticIcebergs_20221202.csv,csv
C24,2022-12-02T00:00:00Z,-64.84,96.03,11.0,2.0,wilkw (grounded),iceberg\AntarcticIcebergs_20221202.csv,csv
C29,2022-12-02T00:00:00Z,-66.07,142.77,5.0,5.0,wilke (grounded),iceberg\AntarcticIcebergs_20221202.csv,csv
C30,2022-12-02T00:00:00Z,-64.78,96.29,9.0,3.0,wilkw (grounded),iceberg\AntarcticIcebergs_20221202.csv,csv
C31,2022-12-02T00:00:00Z,-64.68,96.51,9.0,3.0,wilkw (grounded),iceberg\AntarcticIcebergs_20221202.csv,csv
C33,2022-12-02T00:00:00Z,-65.32,126.55,8.0,4.0,wilke (grounded),iceberg\AntarcticIcebergs_20221202.csv,csv
C35,2022-12-02T00:00:00Z,-67.27,147.19,7.0,5.0,wilke,iceberg\AntarcticIcebergs_20221202.csv,csv
C36,2022-12-02T00:00:00Z,-67.93,147.48,22.0,15.0,wilke (grounded),iceberg\AntarcticIcebergs_20221202.csv,csv
C37,2022-12-02T00:00:00Z,-65.42,100.1,8.0,3.0,wilkw,iceberg\AntarcticIcebergs_20221202.csv,csv
C38A,2022-12-02T00:00:00Z,-65.21,101.37,10.0,8.0,wilkw (grounded),iceberg\AntarcticIcebergs_20221202.csv,csv
C38B,2022-12-02T00:00:00Z,-64.94,101.83,5.0,7.0,wilkw (grounded),iceberg\AntarcticIcebergs_20221202.csv,csv
C39,2022-12-02T00:00:00Z,-65.68,99.53,15.0,7.0,wilkw (grounded),iceberg\AntarcticIcebergs_20221202.csv,csv
D20A,2022-12-02T00:00:00Z,-73.99,-38.91,14.0,5.0,belle,iceberg\AntarcticIcebergs_20221202.csv,csv
D23,2022-12-02T00:00:00Z,-69.43,74.68,8.0,6.0,amere (grounded),iceberg\AntarcticIcebergs_20221202.csv,csv
D26,2022-12-02T00:00:00Z,-69.23,29.55,16.0,2.0,wedde (grounded),iceberg\AntarcticIcebergs_20221202.csv,csv
D27,2022-12-02T00:00:00Z,-73.68,-22.85,7.0,4.0,weddw (grounded),iceberg\AntarcticIcebergs_20221202.csv,csv
D28,2022-12-02T00:00:00Z,-71.39,-54.09,29.0,19.0,belle,iceberg\AntarcticIcebergs_20221202.csv,csv
D29A,2022-12-02T00:00:00Z,-65.67,-45.49,15.0,9.0,belle,iceberg\AntarcticIcebergs_20221202.csv,csv
D29B,2022-12-02T00:00:00Z,-71.48,-53.28,13.0,7.0,belle,iceberg\AntarcticIcebergs_20221202.csv,csv
D29C,2022-12-02T00:00:00Z,-68.76,-47.51,13.0,6.0,belle,iceberg\AntarcticIcebergs_20221202.csv,csv
D30A,2022-12-02T00:00:00Z,-69.46,-54.54,37.0,11.0,belle,iceberg\AntarcticIcebergs_20221202.csv,csv
D30B,2022-12-02T00:00:00Z,-70.32,-51.85,10.0,5.0,belle,iceberg\AntarcticIcebergs_20221202.csv,csv
D31,2022-12-02T00:00:00Z,-70.8,-48.3,10.0,2.0,belle,iceberg\AntarcticIcebergs_20221202.csv,csv
D32,2022-12-02T00:00:00Z,-67.61,71.48,10.0,9.0,amere,iceberg\AntarcticIcebergs_20221202.csv,csv
A23A,2022-12-09T00:00:00Z,-72.78,-45.33,40.0,34.0,belle (grounded),iceberg\AntarcticIcebergs_20221209.csv,csv
A64,2022-12-09T00:00:00Z,-60.53,-49.56,6.0,3.0,belle,iceberg\AntarcticIcebergs_20221209.csv,csv
A69A,2022-12-09T00:00:00Z,-60.74,-49.94,7.0,5.0,belle,iceberg\AntarcticIcebergs_20221209.csv,csv
A70,2022-12-09T00:00:00Z,-65.35,-61.63,8.0,5.0,belle,iceberg\AntarcticIcebergs_20221209.csv,csv
A76A,2022-12-09T00:00:00Z,-59.05,-49.32,73.0,14.0,belle,iceberg\AntarcticIcebergs_20221209.csv,csv
A76B,2022-12-09T00:00:00Z,-66.96,-59.35,20.0,7.0,belle,iceberg\AntarcticIcebergs_20221209.csv,csv
A76C,2022-12-09T00:00:00Z,-66.23,-59.35,16.0,7.0,belle,iceberg\AntarcticIcebergs_20221209.csv,csv
A80C,2022-12-09T00:00:00Z,-71.61,-60.56,8.0,2.0,belle,iceberg\AntarcticIcebergs_20221209.csv,csv
B09B,2022-12-09T00:00:00Z,-66.2,143.4,24.0,8.0,wilke,iceberg\AntarcticIcebergs_20221209.csv,csv
B09G,2022-12-09T00:00:00Z,-68.16,41.84,11.0,7.0,amerw (grounded),iceberg\AntarcticIcebergs_20221209.csv,csv
B15AB,2022-12-09T00:00:00Z,-66.08,50.59,11.0,4.0,X,iceberg\AntarcticIcebergs_20221209.csv,csv
B22A,2022-12-09T00:00:00Z,-73.71,-109.24,38.0,24.0,amune (grounded),iceberg\AntarcticIcebergs_20221209.csv,csv
B28,2022-12-09T00:00:00Z,-74.05,-110.12,8.0,5.0,amune (grounded),iceberg\AntarcticIcebergs_20221209.csv,csv
B29,2022-12-09T00:00:00Z,-73.97,-110.09,7.0,4.0,amune (grounded),iceberg\AntarcticIcebergs_20221209.csv,csv
B45,2022-12-09T00:00:00Z,-74.43,-109.77,7.0,6.0,amune (grounded),iceberg\AntarcticIcebergs_20221209.csv,csv
B46,2022-12-09T00:00:00Z,-70.23,-157.44,10.0,4.0,rosse,iceberg\AntarcticIcebergs_20221209.csv,csv
B47,2022-12-09T00:00:00Z,-73.86,-134.16,12.0,5.0,amunw,iceberg\AntarcticIcebergs_20221209.csv,csv
C15,2022-12-09T00:00:00Z,-65.95,143.25,12.0,8.0,wilke,iceberg\AntarcticIcebergs_20221209.csv,csv
C18B,2022-12-09T00:00:00Z,-66.56,89.34,19.0,4.0,amere (fasted),iceberg\AntarcticIcebergs_20221209.csv,csv
C24,2022-12-09T00:00:00Z,-64.84,96.03,11.0,2.0,wilkw (grounded),iceberg\AntarcticIcebergs_20221209.csv,csv
C29,2022-12-09T00:00:00Z,-66.07,142.77,5.0,5.0,wilke (grounded),iceberg\AntarcticIcebergs_20221209.csv,csv
C30,2022-12-09T00:00:00Z,-64.78,96.29,9.0,3.0,wilkw (grounded),iceberg\AntarcticIcebergs_20221209.csv,csv
C31,2022-12-09T00:00:00Z,-64.68,96.51,9.0,3.0,wilkw (grounded),iceberg\AntarcticIcebergs_20221209.csv,csv
C33,2022-12-09T00:00:00Z,-65.33,126.61,8.0,4.0,wilke (grounded),iceberg\AntarcticIcebergs_20221209.csv,csv
C35,2022-12-09T00:00:00Z,-67.26,147.17,7.0,5.0,wilke,iceberg\AntarcticIcebergs_20221209.csv,csv
C36,2022-12-09T00:00:00Z,-67.93,147.48,22.0,15.0,wilke (grounded),iceberg\AntarcticIcebergs_20221209.csv,csv
C37,2022-12-09T00:00:00Z,-65.48,100.08,8.0,3.0,wilkw,iceberg\AntarcticIcebergs_20221209.csv,csv
C38A,2022-12-09T00:00:00Z,-65.21,101.37,10.0,8.0,wilkw (grounded),iceberg\AntarcticIcebergs_20221209.csv,csv
C38B,2022-12-09T00:00:00Z,-64.94,101.83,5.0,7.0,wilkw (grounded),iceberg\AntarcticIcebergs_20221209.csv,csv
C39,2022-12-09T00:00:00Z,-65.68,99.53,15.0,7.0,wilkw (grounded),iceberg\AntarcticIcebergs_20221209.csv,csv
D20A,2022-12-09T00:00:00Z,-74.04,-40.09,14.0,5.0,belle,iceberg\AntarcticIcebergs_20221209.csv,csv
D23,2022-12-09T00:00:00Z,-69.43,74.68,8.0,6.0,amere (grounded),iceberg\AntarcticIcebergs_20221209.csv,csv
D26,2022-12-09T00:00:00Z,-69.23,29.55,16.0,2.0,wedde (grounded),iceberg\AntarcticIcebergs_20221209.csv,csv
D27,2022-12-09T00:00:00Z,-73.69,-23.28,7.0,4.0,weddw (grounded),iceberg\AntarcticIcebergs_20221209.csv,csv
D28,2022-12-09T00:00:00Z,-71.1,-54.89,29.0,19.0,belle,iceberg\AntarcticIcebergs_20221209.csv,csv
D29A,2022-12-09T00:00:00Z,-65.47,-45.64,15.0,9.0,belle,iceberg\AntarcticIcebergs_20221209.csv,csv
D29B,2022-12-09T00:00:00Z,-71.15,-54.09,13.0,7.0,belle,iceberg\AntarcticIcebergs_20221209.csv,csv
D29C,2022-12-09T00:00:00Z,-68.59,-47.32,13.0,6.0,belle,iceberg\AntarcticIcebergs_20221209.csv,csv
D30A,2022-12-09T00:00:00Z,-69.09,-54.94,37.0,11.0,belle,iceberg\AntarcticIcebergs_20221209.csv,csv
D30B,2022-12-09T00:00:00Z,-70.05,-52.24,10.0,5.0,belle,iceberg\AntarcticIcebergs_20221209.csv,csv
D31,2022-12-09T00:00:00Z,-70.81,-48.62,10.0,2.0,belle,iceberg\AntarcticIcebergs_20221209.csv,csv
D32,2022-12-09T00:00:00Z,-67.47,71.4,10.0,9.0,amere,iceberg\AntarcticIcebergs_20221209.csv,csv
A23A,2023-01-13T00:00:00Z,-72.15,-46.97,40.0,34.0,belle,iceberg\AntarcticIcebergs_20230113.csv,csv
A70,2023-01-13T00:00:00Z,-65.23,-60.41,8.0,5.0,belle,iceberg\AntarcticIcebergs_20230113.csv,csv
A76A,2023-01-13T00:00:00Z,-58.75,-48.62,73.0,14.0,belle,iceberg\AntarcticIcebergs_20230113.csv,csv
A76B,2023-01-13T00:00:00Z,-66.85,-59.03,20.0,7.0,belle,iceberg\AntarcticIcebergs_20230113.csv,csv
A76C,2023-01-23T00:00:00Z,-66.31,-59.42,16.0,7.0,belle,iceberg\AntarcticIcebergs_20230113.csv,csv
A78,2023-01-13T00:00:00Z,-68.08,-46.37,18.0,4.0,belle,iceberg\AntarcticIcebergs_20230113.csv,csv
A80A,2023-01-13T00:00:00Z,-71.99,-59.74,19.0,9.0,belle,iceberg\AntarcticIcebergs_20230113.csv,csv
B09B,2023-01-13T00:00:00Z,-66.19,143.42,24.0,8.0,wilke,iceberg\AntarcticIcebergs_20230113.csv,csv
B09G,2023-01-13T00:00:00Z,-68.16,41.84,11.0,7.0,amerw (grounded),iceberg\AntarcticIcebergs_20230113.csv,csv
B15AB,2023-01-13T00:00:00Z,-66.08,50.59,11.0,4.0,amerw (grounded),iceberg\AntarcticIcebergs_20230113.csv,csv
B22A,2023-01-13T00:00:00Z,-73.59,-109.07,38.0,24.0,amune,iceberg\AntarcticIcebergs_20230113.csv,csv
B29,2023-01-13T00:00:00Z,-73.77,-110.55,7.0,4.0,amune (grounded),iceberg\AntarcticIcebergs_20230113.csv,csv
B45,2023-01-13T00:00:00Z,-74.43,-109.77,7.0,6.0,amune (grounded),iceberg\AntarcticIcebergs_20230113.csv,csv
B46,2023-01-13T00:00:00Z,-69.38,-157.8,10.0,4.0,rosse,iceberg\AntarcticIcebergs_20230113.csv,csv
B47,2023-01-13T00:00:00Z,-73.87,-134.22,12.0,5.0,amunw,iceberg\AntarcticIcebergs_20230113.csv,csv
C15,2023-01-13T00:00:00Z,-65.94,143.22,12.0,8.0,wilke (grounded),iceberg\AntarcticIcebergs_20230113.csv,csv
C18B,2023-01-13T00:00:00Z,-66.56,89.34,19.0,4.0,amere (fasted),iceberg\AntarcticIcebergs_20230113.csv,csv
C24,2023-01-13T00:00:00Z,-64.84,96.03,11.0,2.0,wilkw (grounded),iceberg\AntarcticIcebergs_20230113.csv,csv
C29,2023-01-13T00:00:00Z,-66.07,142.77,5.0,5.0,wilke (grounded),iceberg\AntarcticIcebergs_20230113.csv,csv
C30,2023-01-13T00:00:00Z,-64.78,96.29,9.0,3.0,wilkw (grounded),iceberg\AntarcticIcebergs_20230113.csv,csv
C31,2023-01-13T00:00:00Z,-64.68,96.51,9.0,3.0,wilkw (grounded),iceberg\AntarcticIcebergs_20230113.csv,csv
C33,2023-01-13T00:00:00Z,-65.37,126.2,8.0,4.0,wilke,iceberg\AntarcticIcebergs_20230113.csv,csv
C35,2023-01-13T00:00:00Z,-66.51,143.96,7.0,5.0,wilke,iceberg\AntarcticIcebergs_20230113.csv,csv
C36,2023-01-13T00:00:00Z,-67.93,147.48,22.0,15.0,wilke (grounded),iceberg\AntarcticIcebergs_20230113.csv,csv
C37,2023-01-13T00:00:00Z,-65.45,99.56,8.0,3.0,wilkw,iceberg\AntarcticIcebergs_20230113.csv,csv
C38A,2023-01-13T00:00:00Z,-65.21,101.37,10.0,8.0,wilkw (grounded),iceberg\AntarcticIcebergs_20230113.csv,csv
C38B,2023-01-13T00:00:00Z,-64.91,102.12,5.0,7.0,wilkw (grounded),iceberg\AntarcticIcebergs_20230113.csv,csv
C39,2023-01-13T00:00:00Z,-65.63,99.61,15.0,7.0,wilkw (grounded),iceberg\AntarcticIcebergs_20230113.csv,csv
D20A,2023-01-13T00:00:00Z,-73.2,-42.6,14.0,5.0,belle,iceberg\AntarcticIcebergs_20230113.csv,csv
D23,2023-01-13T00:00:00Z,-69.43,74.68,8.0,6.0,amere (grounded),iceberg\AntarcticIcebergs_20230113.csv,csv
D26,2023-01-13T00:00:00Z,-69.23,29.55,16.0,2.0,wedde (grounded),iceberg\AntarcticIcebergs_20230113.csv,csv
D27,2023-01-13T00:00:00Z,-73.39,-27.47,7.0,4.0,weddw,iceberg\AntarcticIcebergs_20230113.csv,csv
D28,2023-01-13T00:00:00Z,-69.96,-55.91,29.0,19.0,belle,iceberg\AntarcticIcebergs_20230113.csv,csv
D29A,2023-01-13T00:00:00Z,-64.4,-46.49,15.0,9.0,belle,iceberg\AntarcticIcebergs_20230113.csv,csv
D29B,2023-01-13T00:00:00Z,-70.31,-55.75,13.0,7.0,belle,iceberg\AntarcticIcebergs_20230113.csv,csv
D29C,2023-01-13T00:00:00Z,-68.5,-47.82,13.0,6.0,belle,iceberg\AntarcticIcebergs_20230113.csv,csv
D30A,2023-01-13T00:00:00Z,-67.92,-55.05,37.0,11.0,belle,iceberg\AntarcticIcebergs_20230113.csv,csv
D30B,2023-01-13T00:00:00Z,-69.26,-52.76,10.0,5.0,belle,iceberg\AntarcticIcebergs_20230113.csv,csv
D31,2023-01-13T00:00:00Z,-70.23,-50.67,10.0,2.0,belle,iceberg\AntarcticIcebergs_20230113.csv,csv
D32,2023-01-13T00:00:00Z,-66.97,69.09,10.0,9.0,amere,iceberg\AntarcticIcebergs_20230113.csv,csv
A23A,2023-01-20T00:00:00Z,-72.08,-47.19,40.0,34.0,belle,iceberg\AntarcticIcebergs_20230120.csv,csv
A70,2023-01-20T00:00:00Z,-65.18,-60.19,8.0,5.0,belle,iceberg\AntarcticIcebergs_20230120.csv,csv
A76A,2023-01-20T00:00:00Z,-59.01,-48.89,73.0,14.0,belle,iceberg\AntarcticIcebergs_20230120.csv,csv
A76B,2023-01-20T00:00:00Z,-66.83,-58.98,20.0,7.0,belle,iceberg\AntarcticIcebergs_20230120.csv,csv
A76C,2023-01-20T00:00:00Z,-66.33,-59.17,16.0,7.0,belle,iceberg\AntarcticIcebergs_20230120.csv,csv
A78,2023-01-20T00:00:00Z,-68.24,-46.53,18.0,4.0,belle,iceberg\AntarcticIcebergs_20230120.csv,csv
A80A,2023-01-20T00:00:00Z,-71.97,-59.77,19.0,9.0,belle,iceberg\AntarcticIcebergs_20230120.csv,csv
B09B,2023-01-20T00:00:00Z,-66.18,143.42,24.0,8.0,wilke,iceberg\AntarcticIcebergs_20230120.csv,csv
B09G,2023-01-20T00:00:00Z,-68.16,41.81,11.0,7.0,amerw (grounded),iceberg\AntarcticIcebergs_20230120.csv,csv
B15AB,2023-01-20T00:00:00Z,-66.08,50.59,11.0,4.0,amerw (grounded),iceberg\AntarcticIcebergs_20230120.csv,csv
B22A,2023-01-20T00:00:00Z,-73.53,-108.97,38.0,24.0,amune,iceberg\AntarcticIcebergs_20230120.csv,csv
B29,2023-01-20T00:00:00Z,-73.77,-110.55,7.0,4.0,amune (grounded),iceberg\AntarcticIcebergs_20230120.csv,csv
B45,2023-01-20T00:00:00Z,-74.43,-109.77,7.0,6.0,amune (grounded),iceberg\AntarcticIcebergs_20230120.csv,csv
B46,2023-01-20T00:00:00Z,-69.37,-158.06,10.0,4.0,rosse,iceberg\AntarcticIcebergs_20230120.csv,csv
B47,2023-01-20T00:00:00Z,-73.87,-134.22,12.0,5.0,amunw,iceberg\AntarcticIcebergs_20230120.csv,csv
C15,2023-01-20T00:00:00Z,-65.94,143.22,12.0,8.0,wilke (grounded),iceberg\AntarcticIcebergs_20230120.csv,csv
C18B,2023-01-20T00:00:00Z,-66.56,89.34,19.0,4.0,amere (fasted),iceberg\AntarcticIcebergs_20230120.csv,csv
C24,2023-01-20T00:00:00Z,-64.84,96.02,11.0,2.0,wilkw (grounded),iceberg\AntarcticIcebergs_20230120.csv,csv
C29,2023-01-20T00:00:00Z,-66.06,142.77,5.0,5.0,wilke (grounded),iceberg\AntarcticIcebergs_20230120.csv,csv
C30,2023-01-20T00:00:00Z,-64.78,96.29,9.0,3.0,wilkw (grounded),iceberg\AntarcticIcebergs_20230120.csv,csv
C31,2023-01-20T00:00:00Z,-64.68,96.51,9.0,3.0,wilkw (grounded),iceberg\AntarcticIcebergs_20230120.csv,csv
C33,2023-01-20T00:00:00Z,-65.34,126.34,8.0,4.0,wilke,iceberg\AntarcticIcebergs_20230120.csv,csv
C35,2023-01-20T00:00:00Z,-66.59,143.11,7.0,5.0,wilke,iceberg\AntarcticIcebergs_20230120.csv,csv
C36,2023-01-20T00:00:00Z,-67.93,147.48,22.0,15.0,wilke (grounded),iceberg\AntarcticIcebergs_20230120.csv,csv
C37,2023-01-20T00:00:00Z,-65.41,99.41,8.0,3.0,wilkw,iceberg\AntarcticIcebergs_20230120.csv,csv
C38A,2023-01-20T00:00:00Z,-65.21,101.37,10.0,8.0,wilkw (grounded),iceberg\AntarcticIcebergs_20230120.csv,csv
C38B,2023-01-20T00:00:00Z,-64.97,102.09,5.0,7.0,wilkw (grounded),iceberg\AntarcticIcebergs_20230120.csv,csv
C39,2023-01-20T00:00:00Z,-65.53,99.41,15.0,7.0,wilkw (grounded),iceberg\AntarcticIcebergs_20230120.csv,csv
D20A,2023-01-20T00:00:00Z,-73.14,-42.87,14.0,5.0,belle,iceberg\AntarcticIcebergs_20230120.csv,csv
D23,2023-01-20T00:00:00Z,-69.43,74.68,8.0,6.0,amere (grounded),iceberg\AntarcticIcebergs_20230120.csv,csv
D26,2023-01-20T00:00:00Z,-69.23,29.55,16.0,2.0,wedde (grounded),iceberg\AntarcticIcebergs_20230120.csv,csv
D27,2023-01-20T00:00:00Z,-73.68,-28.38,7.0,4.0,weddw,iceberg\AntarcticIcebergs_20230120.csv,csv
D28,2023-01-20T00:00:00Z,-69.66,-55.69,29.0,19.0,belle,iceberg\AntarcticIcebergs_20230120.csv,csv
D29A,2023-01-20T00:00:00Z,-64.21,-46.29,15.0,9.0,belle,iceberg\AntarcticIcebergs_20230120.csv,csv
D29B,2023-01-20T00:00:00Z,-70.13,-55.74,13.0,7.0,belle,iceberg\AntarcticIcebergs_20230120.csv,csv
D29C,2023-01-20T00:00:00Z,-68.42,-48.05,13.0,6.0,belle,iceberg\AntarcticIcebergs_20230120.csv,csv
D30A,2023-01-20T00:00:00Z,-67.79,-55.12,37.0,11.0,belle,iceberg\AntarcticIcebergs_20230120.csv,csv
D30B,2023-01-20T00:00:00Z,-69.2,-52.77,10.0,5.0,belle,iceberg\AntarcticIcebergs_20230120.csv,csv
D31,2023-01-20T00:00:00Z,-70.12,-50.99,10.0,2.0,belle,iceberg\AntarcticIcebergs_20230120.csv,csv
D32,2023-01-20T00:00:00Z,-67.02,68.02,10.0,9.0,amere,iceberg\AntarcticIcebergs_20230120.csv,csv
A23A,2023-01-27T00:00:00Z,-72.04,-47.27,40.0,34.0,belle,iceberg\AntarcticIcebergs_20230127.csv,csv
A70,2023-01-27T00:00:00Z,-65.22,-60.51,8.0,5.0,belle,iceberg\AntarcticIcebergs_20230127.csv,csv
A76A,2023-01-27T00:00:00Z,-58.73,-49.26,73.0,14.0,belle,iceberg\AntarcticIcebergs_20230127.csv,csv
A76B,2023-01-27T00:00:00Z,-66.8,-59.02,20.0,7.0,belle,iceberg\AntarcticIcebergs_20230127.csv,csv
A76C,2023-01-27T00:00:00Z,-66.39,-58.86,16.0,7.0,belle,iceberg\AntarcticIcebergs_20230127.csv,csv
A78,2023-01-27T00:00:00Z,-68.18,-46.47,18.0,4.0,belle,iceberg\AntarcticIcebergs_20230127.csv,csv
A80A,2023-01-27T00:00:00Z,-71.97,-59.58,19.0,9.0,belle,iceberg\AntarcticIcebergs_20230127.csv,csv
B09B,2023-01-27T00:00:00Z,-66.2,143.47,24.0,8.0,wilke,iceberg\AntarcticIcebergs_20230127.csv,csv
B09G,2023-01-27T00:00:00Z,-68.15,41.84,11.0,7.0,amerw (grounded),iceberg\AntarcticIcebergs_20230127.csv,csv
B15AB,2023-01-27T00:00:00Z,-66.07,50.6,11.0,4.0,amerw (grounded),iceberg\AntarcticIcebergs_20230127.csv,csv
B22A,2023-01-27T00:00:00Z,-73.39,-108.78,38.0,24.0,amune,iceberg\AntarcticIcebergs_20230127.csv,csv
B29,2023-01-27T00:00:00Z,-73.77,-110.57,7.0,4.0,amune (grounded),iceberg\AntarcticIcebergs_20230127.csv,csv
B45,2023-01-27T00:00:00Z,-74.43,-109.77,7.0,6.0,amune (grounded),iceberg\AntarcticIcebergs_20230127.csv,csv
B46,2023-01-27T00:00:00Z,-69.4,-158.4,10.0,4.0,rosse,iceberg\AntarcticIcebergs_20230127.csv,csv
B47,2023-01-27T00:00:00Z,-73.87,-134.13,12.0,5.0,amunw,iceberg\AntarcticIcebergs_20230127.csv,csv
C15,2023-01-27T00:00:00Z,-65.95,143.24,12.0,8.0,wilke (grounded),iceberg\AntarcticIcebergs_20230127.csv,csv
C18B,2023-01-27T00:00:00Z,-66.56,89.34,19.0,4.0,amere (fasted),iceberg\AntarcticIcebergs_20230127.csv,csv
C24,2023-01-27T00:00:00Z,-64.84,96.02,11.0,2.0,wilkw (grounded),iceberg\AntarcticIcebergs_20230127.csv,csv
C29,2023-01-27T00:00:00Z,-66.06,142.77,5.0,5.0,wilke (grounded),iceberg\AntarcticIcebergs_20230127.csv,csv
C30,2023-01-27T00:00:00Z,-64.78,96.29,9.0,3.0,wilkw (grounded),iceberg\AntarcticIcebergs_20230127.csv,csv
C31,2023-01-27T00:00:00Z,-64.68,96.51,9.0,3.0,wilkw (grounded),iceberg\AntarcticIcebergs_20230127.csv,csv
C33,2023-01-27T00:00:00Z,-65.31,126.3,8.0,4.0,wilke,iceberg\AntarcticIcebergs_20230127.csv,csv
C35,2023-01-27T00:00:00Z,-66.32,143.29,7.0,5.0,wilke,iceberg\AntarcticIcebergs_20230127.csv,csv
C36,2023-01-27T00:00:00Z,-67.93,147.48,22.0,15.0,wilke (grounded),iceberg\AntarcticIcebergs_20230127.csv,csv
C37,2023-01-27T00:00:00Z,-65.02,99.15,8.0,3.0,wilkw,iceberg\AntarcticIcebergs_20230127.csv,csv
C38A,2023-01-27T00:00:00Z,-65.18,101.36,6.0,3.0,wilkw (grounded),iceberg\AntarcticIcebergs_20230127.csv,csv
C38B,2023-01-27T00:00:00Z,-64.95,101.87,5.0,7.0,wilkw (grounded),iceberg\AntarcticIcebergs_20230127.csv,csv
C39,2023-01-27T00:00:00Z,-65.3,99.19,15.0,7.0,wilkw (grounded),iceberg\AntarcticIcebergs_20230127.csv,csv
D20A,2023-01-27T00:00:00Z,-73.1,-42.94,14.0,5.0,belle,iceberg\AntarcticIcebergs_20230127.csv,csv
D23,2023-01-27T00:00:00Z,-69.43,74.68,8.0,6.0,amere (grounded),iceberg\AntarcticIcebergs_20230127.csv,csv
D26,2023-01-27T00:00:00Z,-69.23,29.55,16.0,2.0,wedde (grounded),iceberg\AntarcticIcebergs_20230127.csv,csv
D27,2023-01-27T00:00:00Z,-73.99,-26.77,7.0,4.0,weddw,iceberg\AntarcticIcebergs_20230127.csv,csv
D28,2023-01-27T00:00:00Z,-69.54,-55.62,29.0,19.0,belle,iceberg\AntarcticIcebergs_20230127.csv,csv
D29A,2023-01-27T00:00:00Z,-63.89,-44.87,15.0,9.0,belle,iceberg\AntarcticIcebergs_20230127.csv,csv
D29B,2023-01-27T00:00:00Z,-69.95,-55.82,13.0,7.0,belle,iceberg\AntarcticIcebergs_20230127.csv,csv
D29C,2023-01-27T00:00:00Z,-68.53,-48.21,13.0,6.0,belle,iceberg\AntarcticIcebergs_20230127.csv,csv
D30A,2023-01-27T00:00:00Z,-67.55,-55.01,37.0,11.0,belle,iceberg\AntarcticIcebergs_20230127.csv,csv
D30B,2023-01-27T00:00:00Z,-69.25,-52.94,10.0,5.0,belle,iceberg\AntarcticIcebergs_20230127.csv,csv
D31,2023-01-27T00:00:00Z,-70.18,-51.63,10.0,2.0,belle,iceberg\AntarcticIcebergs_20230127.csv,csv
D32,2023-01-27T00:00:00Z,-66.92,67.18,10.0,9.0,amere,iceberg\AntarcticIcebergs_20230127.csv,csv
A23A,2023-02-03T00:00:00Z,-72.04,-47.45,40.0,34.0,belle,iceberg\AntarcticIcebergs_20230203.csv,csv
A70,2023-02-03T00:00:00Z,-65.2,-60.37,8.0,5.0,belle,iceberg\AntarcticIcebergs_20230203.csv,csv
A76A,2023-02-03T00:00:00Z,-58.32,-48.17,73.0,14.0,belle,iceberg\AntarcticIcebergs_20230203.csv,csv
A76B,2023-02-03T00:00:00Z,-66.76,-59.17,20.0,7.0,belle,iceberg\AntarcticIcebergs_20230203.csv,csv
A76C,2023-02-03T00:00:00Z,-66.41,-58.61,16.0,7.0,belle,iceberg\AntarcticIcebergs_20230203.csv,csv
A78,2023-02-03T00:00:00Z,-68.14,-46.68,18.0,4.0,belle,iceberg\AntarcticIcebergs_20230203.csv,csv
A80A,2023-02-03T00:00:00Z,-71.92,-59.61,19.0,9.0,belle,iceberg\AntarcticIcebergs_20230203.csv,csv
B09B,2023-02-03T00:00:00Z,-66.17,143.43,24.0,8.0,wilke,iceberg\AntarcticIcebergs_20230203.csv,csv
B09G,2023-02-03T00:00:00Z,-68.16,41.8,11.0,7.0,amerw (grounded),iceberg\AntarcticIcebergs_20230203.csv,csv
B15AB,2023-02-03T00:00:00Z,-66.07,50.6,11.0,4.0,amerw (grounded),iceberg\AntarcticIcebergs_20230203.csv,csv
B22A,2023-02-03T00:00:00Z,-73.19,-108.51,38.0,24.0,amune,iceberg\AntarcticIcebergs_20230203.csv,csv
B29,2023-02-03T00:00:00Z,-73.77,-110.56,7.0,4.0,amune (grounded),iceberg\AntarcticIcebergs_20230203.csv,csv
B45,2023-02-03T00:00:00Z,-74.34,-109.82,7.0,6.0,amune (grounded),iceberg\AntarcticIcebergs_20230203.csv,csv
B46,2023-02-03T00:00:00Z,-69.43,-158.41,10.0,4.0,rosse,iceberg\AntarcticIcebergs_20230203.csv,csv
B47,2023-02-03T00:00:00Z,-73.87,-134.13,12.0,5.0,amunw,iceberg\AntarcticIcebergs_20230203.csv,csv
C15,2023-02-03T00:00:00Z,-65.95,143.24,12.0,8.0,wilke (grounded),iceberg\AntarcticIcebergs_20230203.csv,csv
C18B,2023-02-03T00:00:00Z,-66.56,89.34,19.0,4.0,amere (fasted),iceberg\AntarcticIcebergs_20230203.csv,csv
C24,2023-02-03T00:00:00Z,-64.84,96.02,11.0,2.0,wilkw (grounded),iceberg\AntarcticIcebergs_20230203.csv,csv
C29,2023-02-03T00:00:00Z,-66.06,142.77,5.0,5.0,wilke (grounded),iceberg\AntarcticIcebergs_20230203.csv,csv
C30,2023-02-03T00:00:00Z,-64.78,96.29,9.0,3.0,wilkw (grounded),iceberg\AntarcticIcebergs_20230203.csv,csv
C31,2023-02-03T00:00:00Z,-64.68,96.51,9.0,3.0,wilkw (grounded),iceberg\AntarcticIcebergs_20230203.csv,csv
C33,2023-02-03T00:00:00Z,-65.31,126.23,8.0,4.0,wilke,iceberg\AntarcticIcebergs_20230203.csv,csv
C35,2023-02-03T00:00:00Z,-66.23,143.1,7.0,5.0,wilke,iceberg\AntarcticIcebergs_20230203.csv,csv
C36,2023-02-03T00:00:00Z,-67.93,147.48,22.0,15.0,wilke (grounded),iceberg\AntarcticIcebergs_20230203.csv,csv
C37,2023-02-03T00:00:00Z,-64.77,99.46,8.0,3.0,wilkw,iceberg\AntarcticIcebergs_20230203.csv,csv
C38A,2023-02-03T00:00:00Z,-65.2,101.28,6.0,3.0,wilkw (grounded),iceberg\AntarcticIcebergs_20230203.csv,csv
C38B,2023-02-03T00:00:00Z,-64.93,101.85,5.0,7.0,wilkw (grounded),iceberg\AntarcticIcebergs_20230203.csv,csv
C39,2023-02-03T00:00:00Z,-65.16,99.15,15.0,7.0,wilkw (grounded),iceberg\AntarcticIcebergs_20230203.csv,csv
D20A,2023-02-03T00:00:00Z,-72.97,-43.35,14.0,5.0,belle,iceberg\AntarcticIcebergs_20230203.csv,csv
D23,2023-02-03T00:00:00Z,-69.43,74.68,8.0,6.0,amere (grounded),iceberg\AntarcticIcebergs_20230203.csv,csv
D26,2023-02-03T00:00:00Z,-69.23,29.55,16.0,2.0,wedde (grounded),iceberg\AntarcticIcebergs_20230203.csv,csv
D27,2023-02-03T00:00:00Z,-74.28,-25.89,7.0,4.0,weddw,iceberg\AntarcticIcebergs_20230203.csv,csv
D28,2023-02-03T00:00:00Z,-69.23,-55.74,29.0,19.0,belle,iceberg\AntarcticIcebergs_20230203.csv,csv
D29A,2023-02-03T00:00:00Z,-63.77,-43.78,15.0,9.0,belle,iceberg\AntarcticIcebergs_20230203.csv,csv
D29B,2023-02-03T00:00:00Z,-69.67,-55.88,13.0,7.0,belle,iceberg\AntarcticIcebergs_20230203.csv,csv
D29C,2023-02-03T00:00:00Z,-68.52,-48.14,13.0,6.0,belle,iceberg\AntarcticIcebergs_20230203.csv,csv
D30A,2023-02-03T00:00:00Z,-67.26,-54.92,37.0,11.0,belle,iceberg\AntarcticIcebergs_20230203.csv,csv
D30B,2023-02-03T00:00:00Z,-69.09,-52.8,10.0,5.0,belle,iceberg\AntarcticIcebergs_20230203.csv,csv
D31,2023-02-03T00:00:00Z,-70.01,-52.37,10.0,2.0,belle,iceberg\AntarcticIcebergs_20230203.csv,csv
D32,2023-02-03T00:00:00Z,-66.69,66.44,10.0,9.0,amere,iceberg\AntarcticIcebergs_20230203.csv,csv
A23A,2023-02-10T00:00:00Z,-72.01,-47.72,40.0,34.0,belle,iceberg\AntarcticIcebergs_20230210.csv,csv
A70,2023-02-10T00:00:00Z,-65.31,-60.22,8.0,5.0,belle,iceberg\AntarcticIcebergs_20230210.csv,csv
A76A,2023-02-10T00:00:00Z,-58.12,-48.01,73.0,14.0,belle,iceberg\AntarcticIcebergs_20230210.csv,csv
A76B,2023-02-10T00:00:00Z,-66.77,-59.13,20.0,7.0,belle,iceberg\AntarcticIcebergs_20230210.csv,csv
A76C,2023-02-10T00:00:00Z,-66.48,-58.56,16.0,7.0,belle,iceberg\AntarcticIcebergs_20230210.csv,csv
A78,2023-02-10T00:00:00Z,-68.16,-47.1,18.0,4.0,belle,iceberg\AntarcticIcebergs_20230210.csv,csv
A80A,2023-02-10T00:00:00Z,-72.02,-59.28,19.0,9.0,belle,iceberg\AntarcticIcebergs_20230210.csv,csv
B09B,2023-02-10T00:00:00Z,-66.18,143.42,24.0,8.0,wilke,iceberg\AntarcticIcebergs_20230210.csv,csv
B09G,2023-02-10T00:00:00Z,-68.16,41.93,11.0,7.0,amerw (grounded),iceberg\AntarcticIcebergs_20230210.csv,csv
B15AB,2023-02-10T00:00:00Z,-66.07,50.57,11.0,4.0,amerw (grounded),iceberg\AntarcticIcebergs_20230210.csv,csv
B22A,2023-02-10T00:00:00Z,-73.14,-108.5,38.0,24.0,amune,iceberg\AntarcticIcebergs_20230210.csv,csv
B29,2023-02-10T00:00:00Z,-73.75,-110.57,7.0,4.0,amune (grounded),iceberg\AntarcticIcebergs_20230210.csv,csv
B45,2023-02-10T00:00:00Z,-74.18,-109.52,7.0,6.0,amune (grounded),iceberg\AntarcticIcebergs_20230210.csv,csv
B46,2023-02-10T00:00:00Z,-69.48,-159.06,10.0,4.0,rosse,iceberg\AntarcticIcebergs_20230210.csv,csv
B47,2023-02-10T00:00:00Z,-73.88,-134.08,12.0,5.0,amunw,iceberg\AntarcticIcebergs_20230210.csv,csv
C15,2023-02-10T00:00:00Z,-65.95,143.24,12.0,8.0,wilke (grounded),iceberg\AntarcticIcebergs_20230210.csv,csv
C18B,2023-02-10T00:00:00Z,-66.56,89.34,19.0,4.0,amere (fasted),iceberg\AntarcticIcebergs_20230210.csv,csv
C24,2023-02-10T00:00:00Z,-64.84,96.02,11.0,2.0,wilkw (grounded),iceberg\AntarcticIcebergs_20230210.csv,csv
C29,2023-02-10T00:00:00Z,-66.06,142.77,5.0,5.0,wilke (grounded),iceberg\AntarcticIcebergs_20230210.csv,csv
C30,2023-02-10T00:00:00Z,-64.78,96.29,9.0,3.0,wilkw (grounded),iceberg\AntarcticIcebergs_20230210.csv,csv
C31,2023-02-10T00:00:00Z,-64.68,96.51,9.0,3.0,wilkw (grounded),iceberg\AntarcticIcebergs_20230210.csv,csv
C33,2023-02-10T00:00:00Z,-65.32,126.19,8.0,4.0,wilke,iceberg\AntarcticIcebergs_20230210.csv,csv
C35,2023-02-10T00:00:00Z,-66.23,142.98,7.0,5.0,wilke,iceberg\AntarcticIcebergs_20230210.csv,csv
C36,2023-02-10T00:00:00Z,-67.93,147.48,22.0,15.0,wilke (grounded),iceberg\AntarcticIcebergs_20230210.csv,csv
C37,2023-02-10T00:00:00Z,-64.5,100.24,8.0,3.0,wilkw,iceberg\AntarcticIcebergs_20230210.csv,csv
C38A,2023-02-10T00:00:00Z,-65.2,101.33,6.0,3.0,wilkw (grounded),iceberg\AntarcticIcebergs_20230210.csv,csv
C38B,2023-02-10T00:00:00Z,-64.87,102.1,5.0,7.0,wilkw (grounded),iceberg\AntarcticIcebergs_20230210.csv,csv
C39,2023-02-10T00:00:00Z,-65.16,99.41,15.0,7.0,wilkw (grounded),iceberg\AntarcticIcebergs_20230210.csv,csv
D20A,2023-02-10T00:00:00Z,-72.8,-43.51,14.0,5.0,belle,iceberg\AntarcticIcebergs_20230210.csv,csv
D23,2023-02-10T00:00:00Z,-69.43,74.68,8.0,6.0,amere (grounded),iceberg\AntarcticIcebergs_20230210.csv,csv
D26,2023-02-10T00:00:00Z,-69.23,29.55,16.0,2.0,wedde (grounded),iceberg\AntarcticIcebergs_20230210.csv,csv
D27,2023-02-10T00:00:00Z,-74.51,-26.72,7.0,4.0,weddw,iceberg\AntarcticIcebergs_20230210.csv,csv
D28,2023-02-10T00:00:00Z,-69.15,-55.55,29.0,19.0,belle,iceberg\AntarcticIcebergs_20230210.csv,csv
D29A,2023-02-10T00:00:00Z,-63.71,-43.0,15.0,9.0,belle,iceberg\AntarcticIcebergs_20230210.csv,csv
D29B,2023-02-10T00:00:00Z,-69.74,-55.61,13.0,7.0,belle,iceberg\AntarcticIcebergs_20230210.csv,csv
D29C,2023-02-10T00:00:00Z,-68.63,-48.4,13.0,6.0,belle,iceberg\AntarcticIcebergs_20230210.csv,csv
D30A,2023-02-10T00:00:00Z,-67.11,-54.75,37.0,11.0,belle,iceberg\AntarcticIcebergs_20230210.csv,csv
D30B,2023-02-10T00:00:00Z,-69.09,-52.65,10.0,5.0,belle,iceberg\AntarcticIcebergs_20230210.csv,csv
D31,2023-02-10T00:00:00Z,-70.22,-52.16,10.0,2.0,belle,iceberg\AntarcticIcebergs_20230210.csv,csv
D32,2023-02-10T00:00:00Z,-66.68,65.91,10.0,9.0,amere,iceberg\AntarcticIcebergs_20230210.csv,csv
A23A,2023-02-17T00:00:00Z,-72.0,-48.06,40.0,34.0,belle,iceberg\AntarcticIcebergs_20230217.csv,csv
A70,2023-02-17T00:00:00Z,-65.33,-59.74,8.0,5.0,belle,iceberg\AntarcticIcebergs_20230217.csv,csv
A76A,2023-02-17T00:00:00Z,-57.39,-47.78,73.0,14.0,belle,iceberg\AntarcticIcebergs_20230217.csv,csv
A76B,2023-02-17T00:00:00Z,-66.67,-59.1,20.0,7.0,belle,iceberg\AntarcticIcebergs_20230217.csv,csv
A76C,2023-02-17T00:00:00Z,-66.49,-58.58,16.0,7.0,belle,iceberg\AntarcticIcebergs_20230217.csv,csv
A78,2023-02-17T00:00:00Z,-68.14,-47.02,18.0,4.0,belle,iceberg\AntarcticIcebergs_20230217.csv,csv
A80A,2023-02-17T00:00:00Z,-72.11,-59.29,19.0,9.0,belle,iceberg\AntarcticIcebergs_20230217.csv,csv
B09B,2023-02-17T00:00:00Z,-66.18,143.42,24.0,8.0,wilke,iceberg\AntarcticIcebergs_20230217.csv,csv
B09G,2023-02-17T00:00:00Z,-68.18,41.89,11.0,7.0,amerw (grounded),iceberg\AntarcticIcebergs_20230217.csv,csv
B15AB,2023-02-17T00:00:00Z,-66.07,50.59,11.0,4.0,amerw (grounded),iceberg\AntarcticIcebergs_20230217.csv,csv
B22A,2023-02-17T00:00:00Z,-72.76,-108.24,38.0,24.0,amune,iceberg\AntarcticIcebergs_20230217.csv,csv
B29,2023-02-17T00:00:00Z,-73.75,-110.57,7.0,4.0,amune (grounded),iceberg\AntarcticIcebergs_20230217.csv,csv
B45,2023-02-17T00:00:00Z,-73.71,-108.63,7.0,6.0,amune (grounded),iceberg\AntarcticIcebergs_20230217.csv,csv
B46,2023-02-17T00:00:00Z,-69.65,-158.86,10.0,4.0,rosse,iceberg\AntarcticIcebergs_20230217.csv,csv
B47,2023-02-17T00:00:00Z,-73.87,-134.11,12.0,5.0,amunw,iceberg\AntarcticIcebergs_20230217.csv,csv
C15,2023-02-17T00:00:00Z,-65.95,143.24,12.0,8.0,wilke (grounded),iceberg\AntarcticIcebergs_20230217.csv,csv
C18B,2023-02-17T00:00:00Z,-66.56,89.34,19.0,4.0,amere (fasted),iceberg\AntarcticIcebergs_20230217.csv,csv
C24,2023-02-17T00:00:00Z,-64.84,96.02,11.0,2.0,wilkw (grounded),iceberg\AntarcticIcebergs_20230217.csv,csv
C29,2023-02-17T00:00:00Z,-66.06,142.77,5.0,5.0,wilke (grounded),iceberg\AntarcticIcebergs_20230217.csv,csv
C30,2023-02-17T00:00:00Z,-64.78,96.29,9.0,3.0,wilkw (grounded),iceberg\AntarcticIcebergs_20230217.csv,csv
C31,2023-02-17T00:00:00Z,-64.68,96.51,9.0,3.0,wilkw (grounded),iceberg\AntarcticIcebergs_20230217.csv,csv
C33,2023-02-17T00:00:00Z,-65.32,126.21,8.0,4.0,wilke,iceberg\AntarcticIcebergs_20230217.csv,csv
C35,2023-02-17T00:00:00Z,-66.23,142.98,7.0,5.0,wilke,iceberg\AntarcticIcebergs_20230217.csv,csv
C36,2023-02-17T00:00:00Z,-67.93,147.48,22.0,15.0,wilke (grounded),iceberg\AntarcticIcebergs_20230217.csv,csv
C38A,2023-02-17T00:00:00Z,-65.22,101.16,6.0,3.0,wilkw (grounded),iceberg\AntarcticIcebergs_20230217.csv,csv
C38B,2023-02-17T00:00:00Z,-64.88,101.99,5.0,7.0,wilkw (grounded),iceberg\AntarcticIcebergs_20230217.csv,csv
C39,2023-02-17T00:00:00Z,-65.04,99.47,15.0,7.0,wilkw (grounded),iceberg\AntarcticIcebergs_20230217.csv,csv
D20A,2023-02-17T00:00:00Z,-72.66,-43.86,14.0,5.0,belle,iceberg\AntarcticIcebergs_20230217.csv,csv
D23,2023-02-17T00:00:00Z,-69.43,74.68,8.0,6.0,amere (grounded),iceberg\AntarcticIcebergs_20230217.csv,csv
D26,2023-02-17T00:00:00Z,-69.23,29.55,16.0,2.0,wedde (grounded),iceberg\AntarcticIcebergs_20230217.csv,csv
D27,2023-02-17T00:00:00Z,-74.66,-27.52,7.0,4.0,weddw,iceberg\AntarcticIcebergs_20230217.csv,csv
D28,2023-02-17T00:00:00Z,-69.02,-55.62,29.0,19.0,belle,iceberg\AntarcticIcebergs_20230217.csv,csv
D29A,2023-02-17T00:00:00Z,-63.59,-42.18,15.0,9.0,belle,iceberg\AntarcticIcebergs_20230217.csv,csv
D29B,2023-02-17T00:00:00Z,-69.34,-55.4,13.0,7.0,belle,iceberg\AntarcticIcebergs_20230217.csv,csv
D29C,2023-02-17T00:00:00Z,-68.58,-48.49,13.0,6.0,belle,iceberg\AntarcticIcebergs_20230217.csv,csv
D30A,2023-02-17T00:00:00Z,-66.96,-54.7,37.0,11.0,belle,iceberg\AntarcticIcebergs_20230217.csv,csv
D30B,2023-02-17T00:00:00Z,-69.07,-52.99,10.0,5.0,belle,iceberg\AntarcticIcebergs_20230217.csv,csv
D31,2023-02-17T00:00:00Z,-70.17,-52.89,10.0,2.0,belle,iceberg\AntarcticIcebergs_20230217.csv,csv
D32,2023-02-17T00:00:00Z,-66.64,66.0,10.0,9.0,amere,iceberg\AntarcticIcebergs_20230217.csv,csv
A23A,2023-02-24T00:00:00Z,-71.97,-48.51,40.0,34.0,belle,iceberg\AntarcticIcebergs_20230224.csv,csv
A70,2023-02-24T00:00:00Z,-65.44,-59.55,8.0,5.0,belle,iceberg\AntarcticIcebergs_20230224.csv,csv
A76A,2023-02-24T00:00:00Z,-56.49,-47.24,73.0,14.0,belle,iceberg\AntarcticIcebergs_20230224.csv,csv
A76B,2023-02-24T00:00:00Z,-66.69,-59.04,20.0,7.0,belle,iceberg\AntarcticIcebergs_20230224.csv,csv
A76C,2023-02-24T00:00:00Z,-66.48,-58.74,16.0,7.0,belle,iceberg\AntarcticIcebergs_20230224.csv,csv
A78,2023-02-24T00:00:00Z,-68.19,-47.19,18.0,4.0,belle,iceberg\AntarcticIcebergs_20230224.csv,csv
A80A,2023-02-24T00:00:00Z,-72.03,-59.28,12.0,8.0,belle,iceberg\AntarcticIcebergs_20230224.csv,csv
A80D,2023-02-24T00:00:00Z,-72.19,-59.34,7.0,5.0,,iceberg\AntarcticIcebergs_20230224.csv,csv
B09B,2023-02-24T00:00:00Z,-66.18,143.44,24.0,8.0,wilke,iceberg\AntarcticIcebergs_20230224.csv,csv
B09G,2023-02-24T00:00:00Z,-68.14,41.86,11.0,7.0,amerw (grounded),iceberg\AntarcticIcebergs_20230224.csv,csv
B15AB,2023-02-24T00:00:00Z,-66.13,49.16,11.0,4.0,amerw ,iceberg\AntarcticIcebergs_20230224.csv,csv
B22A,2023-02-24T00:00:00Z,-72.58,-108.37,38.0,24.0,amune,iceberg\AntarcticIcebergs_20230224.csv,csv
B29,2023-02-24T00:00:00Z,-73.74,-110.57,7.0,4.0,amune (grounded),iceberg\AntarcticIcebergs_20230224.csv,csv
B45,2023-02-24T00:00:00Z,-73.33,-108.58,7.0,6.0,amune (grounded),iceberg\AntarcticIcebergs_20230224.csv,csv
B46,2023-02-24T00:00:00Z,-69.63,-158.4,10.0,4.0,rosse,iceberg\AntarcticIcebergs_20230224.csv,csv
B47,2023-02-24T00:00:00Z,-73.88,-134.12,12.0,5.0,amunw,iceberg\AntarcticIcebergs_20230224.csv,csv
C15,2023-02-24T00:00:00Z,-65.95,143.23,12.0,8.0,wilke (grounded),iceberg\AntarcticIcebergs_20230224.csv,csv
C18B,2023-02-24T00:00:00Z,-66.56,89.34,19.0,4.0,amere (fasted),iceberg\AntarcticIcebergs_20230224.csv,csv
C24,2023-02-24T00:00:00Z,-64.84,96.02,11.0,2.0,wilkw (grounded),iceberg\AntarcticIcebergs_20230224.csv,csv
C29,2023-02-24T00:00:00Z,-66.06,142.76,5.0,5.0,wilke (grounded),iceberg\AntarcticIcebergs_20230224.csv,csv
C30,2023-02-24T00:00:00Z,-64.78,96.29,9.0,3.0,wilkw (grounded),iceberg\AntarcticIcebergs_20230224.csv,csv
C31,2023-02-24T00:00:00Z,-64.68,96.51,9.0,3.0,wilkw (grounded),iceberg\AntarcticIcebergs_20230224.csv,csv
C33,2023-02-24T00:00:00Z,-65.32,126.21,8.0,4.0,wilke,iceberg\AntarcticIcebergs_20230224.csv,csv
C35,2023-02-24T00:00:00Z,-66.24,142.98,7.0,5.0,wilke,iceberg\AntarcticIcebergs_20230224.csv,csv
C36,2023-02-24T00:00:00Z,-67.93,147.48,22.0,15.0,wilke (grounded),iceberg\AntarcticIcebergs_20230224.csv,csv
C38B,2023-02-24T00:00:00Z,-64.86,101.92,5.0,7.0,wilkw,iceberg\AntarcticIcebergs_20230224.csv,csv
C39,2023-02-24T00:00:00Z,-64.83,99.45,15.0,7.0,wilkw (grounded),iceberg\AntarcticIcebergs_20230224.csv,csv
D20A,2023-02-24T00:00:00Z,-72.69,-44.05,14.0,5.0,belle,iceberg\AntarcticIcebergs_20230224.csv,csv
D23,2023-02-24T00:00:00Z,-69.43,74.68,8.0,6.0,amere (grounded),iceberg\AntarcticIcebergs_20230224.csv,csv
D26,2023-02-24T00:00:00Z,-69.23,29.55,16.0,2.0,wedde (grounded),iceberg\AntarcticIcebergs_20230224.csv,csv
D27,2023-02-24T00:00:00Z,-74.65,-28.25,7.0,4.0,weddw,iceberg\AntarcticIcebergs_20230224.csv,csv
D28,2023-02-24T00:00:00Z,-68.86,-55.61,29.0,19.0,belle,iceberg\AntarcticIcebergs_20230224.csv,csv
D29A,2023-02-24T00:00:00Z,-63.48,-41.4,15.0,9.0,belle,iceberg\AntarcticIcebergs_20230224.csv,csv
D29B,2023-02-24T00:00:00Z,-69.12,-55.66,13.0,7.0,belle,iceberg\AntarcticIcebergs_20230224.csv,csv
D29C,2023-02-24T00:00:00Z,-68.58,-48.79,13.0,6.0,belle,iceberg\AntarcticIcebergs_20230224.csv,csv
D30A,2023-02-24T00:00:00Z,-66.72,-54.73,37.0,11.0,belle,iceberg\AntarcticIcebergs_20230224.csv,csv
D30B,2023-02-24T00:00:00Z,-68.95,-53.1,10.0,5.0,belle,iceberg\AntarcticIcebergs_20230224.csv,csv
D31,2023-02-24T00:00:00Z,-69.97,-53.2,10.0,2.0,belle,iceberg\AntarcticIcebergs_20230224.csv,csv
D32,2023-02-24T00:00:00Z,-66.68,65.54,10.0,9.0,amere,iceberg\AntarcticIcebergs_20230224.csv,csv
A23A,2023-03-31T00:00:00Z,-71.88,-50.08,40.0,34.0,,iceberg\AntarcticIcebergs_20230331.csv,csv
A70,2023-03-31T00:00:00Z,-64.95,-56.36,8.0,5.0,,iceberg\AntarcticIcebergs_20230331.csv,csv
A76A,2023-03-31T00:00:00Z,-56.41,-44.13,73.0,14.0,,iceberg\AntarcticIcebergs_20230331.csv,csv
A76B,2023-03-31T00:00:00Z,-66.37,-59.82,20.0,7.0,,iceberg\AntarcticIcebergs_20230331.csv,csv
A76C,2023-03-31T00:00:00Z,-66.37,-58.92,16.0,7.0,,iceberg\AntarcticIcebergs_20230331.csv,csv
A78,2023-03-31T00:00:00Z,-68.32,-47.75,18.0,4.0,,iceberg\AntarcticIcebergs_20230331.csv,csv
A80A,2023-03-31T00:00:00Z,-71.46,-59.69,12.0,8.0,,iceberg\AntarcticIcebergs_20230331.csv,csv
A80D,2023-03-31T00:00:00Z,-71.62,-59.65,7.0,5.0,,iceberg\AntarcticIcebergs_20230331.csv,csv
B09B,2023-03-31T00:00:00Z,-66.17,143.43,24.0,8.0,grounded,iceberg\AntarcticIcebergs_20230331.csv,csv
B09G,2023-03-31T00:00:00Z,-68.17,41.75,11.0,7.0,,iceberg\AntarcticIcebergs_20230331.csv,csv
B15AB,2023-03-31T00:00:00Z,-67.03,44.44,11.0,4.0,,iceberg\AntarcticIcebergs_20230331.csv,csv
B22A,2023-03-31T00:00:00Z,-72.22,-109.16,38.0,24.0,,iceberg\AntarcticIcebergs_20230331.csv,csv
B29,2023-03-31T00:00:00Z,-73.73,-110.56,7.0,4.0,,iceberg\AntarcticIcebergs_20230331.csv,csv
B45,2023-03-31T00:00:00Z,-73.02,-109.67,7.0,6.0,,iceberg\AntarcticIcebergs_20230331.csv,csv
B46,2023-03-31T00:00:00Z,-69.03,-157.74,10.0,4.0,,iceberg\AntarcticIcebergs_20230331.csv,csv
B47,2023-03-31T00:00:00Z,-73.88,-134.06,12.0,5.0,,iceberg\AntarcticIcebergs_20230331.csv,csv
C15,2023-03-31T00:00:00Z,-65.95,143.23,12.0,8.0,grounded,iceberg\AntarcticIcebergs_20230331.csv,csv
C18B,2023-03-31T00:00:00Z,-66.25,88.91,19.0,4.0,,iceberg\AntarcticIcebergs_20230331.csv,csv
C24,2023-03-31T00:00:00Z,-64.84,96.02,11.0,2.0,grounded,iceberg\AntarcticIcebergs_20230331.csv,csv
C29,2023-03-31T00:00:00Z,-66.06,142.76,5.0,5.0,grounded,iceberg\AntarcticIcebergs_20230331.csv,csv
C30,2023-03-31T00:00:00Z,-64.78,96.29,9.0,3.0,grounded,iceberg\AntarcticIcebergs_20230331.csv,csv
C31,2023-03-31T00:00:00Z,-64.68,96.5,9.0,3.0,grounded,iceberg\AntarcticIcebergs_20230331.csv,csv
C33,2023-03-31T00:00:00Z,-65.33,126.18,8.0,4.0,,iceberg\AntarcticIcebergs_20230331.csv,csv
C35,2023-03-31T00:00:00Z,-66.25,142.97,7.0,5.0,,iceberg\AntarcticIcebergs_20230331.csv,csv
C36,2023-03-31T00:00:00Z,-67.92,147.49,22.0,15.0,grounded,iceberg\AntarcticIcebergs_20230331.csv,csv
C38B,2023-03-31T00:00:00Z,-65.27,102.09,5.0,7.0,,iceberg\AntarcticIcebergs_20230331.csv,csv
C39,2023-03-31T00:00:00Z,-65.0,99.22,15.0,7.0,,iceberg\AntarcticIcebergs_20230331.csv,csv
D20A,2023-03-31T00:00:00Z,-72.5,-45.39,14.0,5.0,,iceberg\AntarcticIcebergs_20230331.csv,csv
D23,2023-03-31T00:00:00Z,-69.43,74.68,8.0,6.0,,iceberg\AntarcticIcebergs_20230331.csv,csv
D26,2023-03-31T00:00:00Z,-69.23,29.55,16.0,2.0,grounded,iceberg\AntarcticIcebergs_20230331.csv,csv
D27,2023-03-31T00:00:00Z,-73.96,-29.83,7.0,4.0,,iceberg\AntarcticIcebergs_20230331.csv,csv
D28,2023-03-31T00:00:00Z,-68.29,-55.32,29.0,19.0,,iceberg\AntarcticIcebergs_20230331.csv,csv
D29A,2023-03-31T00:00:00Z,-63.12,-38.11,15.0,9.0,,iceberg\AntarcticIcebergs_20230331.csv,csv
D29B,2023-03-31T00:00:00Z,-68.57,-55.19,13.0,7.0,,iceberg\AntarcticIcebergs_20230331.csv,csv
D29C,2023-03-31T00:00:00Z,-68.25,-50.19,13.0,6.0,,iceberg\AntarcticIcebergs_20230331.csv,csv
D30A,2023-03-31T00:00:00Z,-65.6,-54.26,37.0,11.0,,iceberg\AntarcticIcebergs_20230331.csv,csv
D30B,2023-03-31T00:00:00Z,-68.56,-53.62,10.0,5.0,,iceberg\AntarcticIcebergs_20230331.csv,csv
D31,2023-03-31T00:00:00Z,-69.57,-53.93,10.0,2.0,,iceberg\AntarcticIcebergs_20230331.csv,csv
D32,2023-03-31T00:00:00Z,-66.55,64.88,10.0,9.0,,iceberg\AntarcticIcebergs_20230331.csv,csv
A23A,2023-04-07T00:00:00Z,-71.82,-50.55,40.0,34.0,,iceberg\AntarcticIcebergs_20230407.csv,csv
A70,2023-04-07T00:00:00Z,-64.82,-56.17,8.0,5.0,,iceberg\AntarcticIcebergs_20230407.csv,csv
A76A,2023-04-07T00:00:00Z,-56.15,-43.51,73.0,14.0,,iceberg\AntarcticIcebergs_20230407.csv,csv
A76B,2023-04-07T00:00:00Z,-66.36,-59.82,20.0,7.0,,iceberg\AntarcticIcebergs_20230407.csv,csv
A76C,2023-04-07T00:00:00Z,-66.33,-59.03,16.0,7.0,,iceberg\AntarcticIcebergs_20230407.csv,csv
A78,2023-04-07T00:00:00Z,-68.31,-47.82,18.0,4.0,,iceberg\AntarcticIcebergs_20230407.csv,csv
A80A,2023-04-07T00:00:00Z,-71.41,-59.66,12.0,8.0,,iceberg\AntarcticIcebergs_20230407.csv,csv
A80D,2023-04-07T00:00:00Z,-71.58,-59.6,7.0,5.0,,iceberg\AntarcticIcebergs_20230407.csv,csv
B09B,2023-04-07T00:00:00Z,-66.17,143.43,24.0,8.0,grounded,iceberg\AntarcticIcebergs_20230407.csv,csv
B09G,2023-04-07T00:00:00Z,-68.18,41.76,11.0,7.0,,iceberg\AntarcticIcebergs_20230407.csv,csv
B15AB,2023-04-07T00:00:00Z,-66.8,45.19,11.0,4.0,,iceberg\AntarcticIcebergs_20230407.csv,csv
B22A,2023-04-07T00:00:00Z,-72.18,-109.69,38.0,24.0,,iceberg\AntarcticIcebergs_20230407.csv,csv
B29,2023-04-07T00:00:00Z,-73.73,-110.57,7.0,4.0,,iceberg\AntarcticIcebergs_20230407.csv,csv
B45,2023-04-07T00:00:00Z,-72.96,-110.45,7.0,6.0,,iceberg\AntarcticIcebergs_20230407.csv,csv
B46,2023-04-07T00:00:00Z,-68.89,-157.46,10.0,4.0,,iceberg\AntarcticIcebergs_20230407.csv,csv
B47,2023-04-07T00:00:00Z,-73.88,-134.12,12.0,5.0,,iceberg\AntarcticIcebergs_20230407.csv,csv
C15,2023-04-07T00:00:00Z,-65.95,143.23,12.0,8.0,grounded,iceberg\AntarcticIcebergs_20230407.csv,csv
C18B,2023-04-07T00:00:00Z,-66.23,89.03,19.0,4.0,,iceberg\AntarcticIcebergs_20230407.csv,csv
C24,2023-04-07T00:00:00Z,-64.84,96.02,11.0,2.0,grounded,iceberg\AntarcticIcebergs_20230407.csv,csv
C29,2023-04-07T00:00:00Z,-66.06,142.76,5.0,5.0,grounded,iceberg\AntarcticIcebergs_20230407.csv,csv
C30,2023-04-07T00:00:00Z,-64.78,96.29,9.0,3.0,grounded,iceberg\AntarcticIcebergs_20230407.csv,csv
C31,2023-04-07T00:00:00Z,-64.68,96.5,9.0,3.0,grounded,iceberg\AntarcticIcebergs_20230407.csv,csv
C33,2023-04-07T00:00:00Z,-65.32,126.18,8.0,4.0,,iceberg\AntarcticIcebergs_20230407.csv,csv
C35,2023-04-07T00:00:00Z,-66.24,142.96,7.0,5.0,,iceberg\AntarcticIcebergs_20230407.csv,csv
C36,2023-04-07T00:00:00Z,-67.92,147.49,22.0,15.0,grounded,iceberg\AntarcticIcebergs_20230407.csv,csv
C38B,2023-04-07T00:00:00Z,-65.22,101.08,5.0,7.0,,iceberg\AntarcticIcebergs_20230407.csv,csv
C39,2023-04-07T00:00:00Z,-65.02,98.94,15.0,7.0,,iceberg\AntarcticIcebergs_20230407.csv,csv
D20A,2023-04-07T00:00:00Z,-72.4,-45.56,14.0,5.0,,iceberg\AntarcticIcebergs_20230407.csv,csv
D23,2023-04-07T00:00:00Z,-69.43,74.68,8.0,6.0,grounded,iceberg\AntarcticIcebergs_20230407.csv,csv
D26,2023-04-07T00:00:00Z,-69.23,29.55,16.0,2.0,grounded,iceberg\AntarcticIcebergs_20230407.csv,csv
D27,2023-04-07T00:00:00Z,-73.91,-29.59,7.0,4.0,,iceberg\AntarcticIcebergs_20230407.csv,csv
D28,2023-04-07T00:00:00Z,-68.05,-55.15,29.0,19.0,,iceberg\AntarcticIcebergs_20230407.csv,csv
D29A,2023-04-07T00:00:00Z,-63.14,-37.65,15.0,9.0,,iceberg\AntarcticIcebergs_20230407.csv,csv
D29B,2023-04-07T00:00:00Z,-68.34,-55.0,13.0,7.0,,iceberg\AntarcticIcebergs_20230407.csv,csv
D29C,2023-04-07T00:00:00Z,-68.11,-50.07,13.0,6.0,,iceberg\AntarcticIcebergs_20230407.csv,csv
D30A,2023-04-07T00:00:00Z,-65.4,-54.22,37.0,11.0,,iceberg\AntarcticIcebergs_20230407.csv,csv
D30B,2023-04-07T00:00:00Z,-68.54,-53.47,10.0,5.0,,iceberg\AntarcticIcebergs_20230407.csv,csv
D31,2023-04-07T00:00:00Z,-69.64,-53.69,10.0,2.0,,iceberg\AntarcticIcebergs_20230407.csv,csv
D32,2023-04-07T00:00:00Z,-66.57,63.87,10.0,9.0,,iceberg\AntarcticIcebergs_20230407.csv,csv
A23A,2023-04-14T00:00:00Z,-71.76,-51.32,40.0,34.0,,iceberg\AntarcticIcebergs_20230414.csv,csv
A70,2023-04-14T00:00:00Z,-64.84,-56.0,8.0,5.0,,iceberg\AntarcticIcebergs_20230414.csv,csv
A76A,2023-04-14T00:00:00Z,-55.55,-44.3,73.0,14.0,,iceberg\AntarcticIcebergs_20230414.csv,csv
A76B,2023-04-14T00:00:00Z,-66.39,-59.97,20.0,7.0,,iceberg\AntarcticIcebergs_20230414.csv,csv
A76C,2023-04-14T00:00:00Z,-66.08,-59.75,16.0,7.0,,iceberg\AntarcticIcebergs_20230414.csv,csv
A78,2023-04-14T00:00:00Z,-68.25,-47.87,18.0,4.0,,iceberg\AntarcticIcebergs_20230414.csv,csv
A80A,2023-04-14T00:00:00Z,-70.94,-59.7,12.0,8.0,,iceberg\AntarcticIcebergs_20230414.csv,csv
A80D,2023-04-14T00:00:00Z,-71.11,-59.75,7.0,5.0,,iceberg\AntarcticIcebergs_20230414.csv,csv
B09B,2023-04-14T00:00:00Z,-66.17,143.44,24.0,8.0,grounded,iceberg\AntarcticIcebergs_20230414.csv,csv
B09G,2023-04-14T00:00:00Z,-68.17,41.77,11.0,7.0,,iceberg\AntarcticIcebergs_20230414.csv,csv
B15AB,2023-04-14T00:00:00Z,-67.54,42.52,11.0,4.0,,iceberg\AntarcticIcebergs_20230414.csv,csv
B22A,2023-04-14T00:00:00Z,-72.21,-110.06,38.0,24.0,,iceberg\AntarcticIcebergs_20230414.csv,csv
B29,2023-04-14T00:00:00Z,-73.73,-110.57,7.0,4.0,,iceberg\AntarcticIcebergs_20230414.csv,csv
B45,2023-04-14T00:00:00Z,-72.98,-110.77,7.0,6.0,,iceberg\AntarcticIcebergs_20230414.csv,csv
B46,2023-04-14T00:00:00Z,-68.72,-157.63,10.0,4.0,,iceberg\AntarcticIcebergs_20230414.csv,csv
B47,2023-04-14T00:00:00Z,-73.88,-134.13,12.0,5.0,,iceberg\AntarcticIcebergs_20230414.csv,csv
C15,2023-04-14T00:00:00Z,-65.95,143.23,12.0,8.0,grounded,iceberg\AntarcticIcebergs_20230414.csv,csv
C18B,2023-04-14T00:00:00Z,-65.96,88.04,19.0,4.0,,iceberg\AntarcticIcebergs_20230414.csv,csv
C24,2023-04-14T00:00:00Z,-64.84,96.02,11.0,2.0,grounded,iceberg\AntarcticIcebergs_20230414.csv,csv
C29,2023-04-14T00:00:00Z,-66.06,142.76,5.0,5.0,grounded,iceberg\AntarcticIcebergs_20230414.csv,csv
C30,2023-04-14T00:00:00Z,-64.78,96.29,9.0,3.0,grounded,iceberg\AntarcticIcebergs_20230414.csv,csv
C31,2023-04-14T00:00:00Z,-64.68,96.5,9.0,3.0,grounded,iceberg\AntarcticIcebergs_20230414.csv,csv
C33,2023-04-14T00:00:00Z,-65.32,126.18,8.0,4.0,,iceberg\AntarcticIcebergs_20230414.csv,csv
C35,2023-04-14T00:00:00Z,-66.24,142.97,7.0,5.0,,iceberg\AntarcticIcebergs_20230414.csv,csv
C36,2023-04-14T00:00:00Z,-67.92,147.49,22.0,15.0,grounded,iceberg\AntarcticIcebergs_20230414.csv,csv
C38B,2023-04-14T00:00:00Z,-65.22,101.08,5.0,7.0,,iceberg\AntarcticIcebergs_20230414.csv,csv
C39,2023-04-14T00:00:00Z,-65.12,98.55,15.0,7.0,,iceberg\AntarcticIcebergs_20230414.csv,csv
D20A,2023-04-14T00:00:00Z,-72.32,-47.21,14.0,5.0,,iceberg\AntarcticIcebergs_20230414.csv,csv
D23,2023-04-14T00:00:00Z,-69.43,74.68,8.0,6.0,grounded,iceberg\AntarcticIcebergs_20230414.csv,csv
D26,2023-04-14T00:00:00Z,-69.2,29.45,16.0,2.0,,iceberg\AntarcticIcebergs_20230414.csv,csv
D27,2023-04-14T00:00:00Z,-73.98,-29.01,7.0,4.0,,iceberg\AntarcticIcebergs_20230414.csv,csv
D28,2023-04-14T00:00:00Z,-67.65,-55.28,29.0,19.0,,iceberg\AntarcticIcebergs_20230414.csv,csv
D29A,2023-04-14T00:00:00Z,-63.18,-37.22,15.0,9.0,,iceberg\AntarcticIcebergs_20230414.csv,csv
D29B,2023-04-14T00:00:00Z,-67.95,-54.99,13.0,7.0,,iceberg\AntarcticIcebergs_20230414.csv,csv
D29C,2023-04-14T00:00:00Z,-67.79,-50.37,13.0,6.0,,iceberg\AntarcticIcebergs_20230414.csv,csv
D30A,2023-04-14T00:00:00Z,-65.08,-54.22,37.0,11.0,,iceberg\AntarcticIcebergs_20230414.csv,csv
D30B,2023-04-14T00:00:00Z,-67.87,-53.8,10.0,5.0,,iceberg\AntarcticIcebergs_20230414.csv,csv
D31,2023-04-14T00:00:00Z,-68.95,-53.93,10.0,2.0,,iceberg\AntarcticIcebergs_20230414.csv,csv
D32,2023-04-14T00:00:00Z,-66.79,61.47,10.0,9.0,,iceberg\AntarcticIcebergs_20230414.csv,csv
A23A,2023-04-21T00:00:00Z,-71.68,-51.9,40.0,34.0,,iceberg\AntarcticIcebergs_20230421.csv,csv
A70,2023-04-21T00:00:00Z,-64.78,-55.58,8.0,5.0,,iceberg\AntarcticIcebergs_20230421.csv,csv
A76B,2023-04-21T00:00:00Z,-66.39,-60.1,20.0,7.0,,iceberg\AntarcticIcebergs_20230421.csv,csv
A76C,2023-04-21T00:00:00Z,-65.98,-59.91,16.0,7.0,,iceberg\AntarcticIcebergs_20230421.csv,csv
A78,2023-04-21T00:00:00Z,-68.19,-47.78,18.0,4.0,,iceberg\AntarcticIcebergs_20230421.csv,csv
A80A,2023-04-21T00:00:00Z,-70.79,-59.8,12.0,8.0,,iceberg\AntarcticIcebergs_20230421.csv,csv
A80D,2023-04-21T00:00:00Z,-70.96,-59.69,7.0,5.0,,iceberg\AntarcticIcebergs_20230421.csv,csv
B09B,2023-04-21T00:00:00Z,-66.17,143.44,24.0,8.0,grounded,iceberg\AntarcticIcebergs_20230421.csv,csv
B09G,2023-04-21T00:00:00Z,-68.16,41.8,11.0,7.0,,iceberg\AntarcticIcebergs_20230421.csv,csv
B15AB,2023-04-21T00:00:00Z,-68.33,36.62,11.0,4.0,,iceberg\AntarcticIcebergs_20230421.csv,csv
B22A,2023-04-21T00:00:00Z,-72.2,-111.09,38.0,24.0,,iceberg\AntarcticIcebergs_20230421.csv,csv
B29,2023-04-21T00:00:00Z,-73.73,-110.57,7.0,4.0,,iceberg\AntarcticIcebergs_20230421.csv,csv
B45,2023-04-21T00:00:00Z,-72.97,-110.78,7.0,6.0,,iceberg\AntarcticIcebergs_20230421.csv,csv
B46,2023-04-21T00:00:00Z,-68.63,-157.91,10.0,4.0,,iceberg\AntarcticIcebergs_20230421.csv,csv
B47,2023-04-21T00:00:00Z,-73.87,-134.2,12.0,5.0,,iceberg\AntarcticIcebergs_20230421.csv,csv
C15,2023-04-21T00:00:00Z,-65.95,143.23,12.0,8.0,grounded,iceberg\AntarcticIcebergs_20230421.csv,csv
C18B,2023-04-21T00:00:00Z,-65.85,85.85,19.0,4.0,,iceberg\AntarcticIcebergs_20230421.csv,csv
C24,2023-04-21T00:00:00Z,-64.84,96.02,11.0,2.0,grounded,iceberg\AntarcticIcebergs_20230421.csv,csv
C29,2023-04-21T00:00:00Z,-66.06,142.76,5.0,5.0,grounded,iceberg\AntarcticIcebergs_20230421.csv,csv
C30,2023-04-21T00:00:00Z,-64.78,96.29,9.0,3.0,grounded,iceberg\AntarcticIcebergs_20230421.csv,csv
C31,2023-04-21T00:00:00Z,-64.68,96.5,9.0,3.0,grounded,iceberg\AntarcticIcebergs_20230421.csv,csv
C33,2023-04-21T00:00:00Z,-65.3,126.17,8.0,4.0,,iceberg\AntarcticIcebergs_20230421.csv,csv
C35,2023-04-21T00:00:00Z,-66.24,142.97,7.0,5.0,,iceberg\AntarcticIcebergs_20230421.csv,csv
C36,2023-04-21T00:00:00Z,-67.92,147.49,22.0,15.0,grounded,iceberg\AntarcticIcebergs_20230421.csv,csv
C38B,2023-04-21T00:00:00Z,-65.21,101.07,5.0,7.0,,iceberg\AntarcticIcebergs_20230421.csv,csv
C39,2023-04-21T00:00:00Z,-65.13,98.48,15.0,7.0,,iceberg\AntarcticIcebergs_20230421.csv,csv
D20A,2023-04-21T00:00:00Z,-72.3,-47.98,14.0,5.0,,iceberg\AntarcticIcebergs_20230421.csv,csv
D23,2023-04-21T00:00:00Z,-69.43,74.68,8.0,6.0,grounded,iceberg\AntarcticIcebergs_20230421.csv,csv
D26,2023-04-21T00:00:00Z,-69.2,29.45,16.0,2.0,,iceberg\AntarcticIcebergs_20230421.csv,csv
D27,2023-04-21T00:00:00Z,-73.82,-29.38,7.0,4.0,,iceberg\AntarcticIcebergs_20230421.csv,csv
D28,2023-04-21T00:00:00Z,-67.39,-55.29,29.0,19.0,,iceberg\AntarcticIcebergs_20230421.csv,csv
D29A,2023-04-21T00:00:00Z,-63.24,-37.12,15.0,9.0,,iceberg\AntarcticIcebergs_20230421.csv,csv
D29B,2023-04-21T00:00:00Z,-67.63,-54.97,13.0,7.0,,iceberg\AntarcticIcebergs_20230421.csv,csv
D29C,2023-04-21T00:00:00Z,-67.66,-50.44,13.0,6.0,,iceberg\AntarcticIcebergs_20230421.csv,csv
D30A,2023-04-21T00:00:00Z,-64.71,-54.05,37.0,11.0,,iceberg\AntarcticIcebergs_20230421.csv,csv
D30B,2023-04-21T00:00:00Z,-67.59,-53.74,10.0,5.0,,iceberg\AntarcticIcebergs_20230421.csv,csv
D31,2023-04-21T00:00:00Z,-68.68,-54.0,10.0,2.0,,iceberg\AntarcticIcebergs_20230421.csv,csv
D32,2023-04-21T00:00:00Z,-66.63,59.41,10.0,9.0,,iceberg\AntarcticIcebergs_20230421.csv,csv
A23A,2023-04-28T00:00:00Z,-71.54,-52.02,40.0,34.0,,iceberg\AntarcticIcebergs_20230428.csv,csv
A70,2023-04-28T00:00:00Z,-64.38,-54.78,8.0,5.0,,iceberg\AntarcticIcebergs_20230428.csv,csv
A76B,2023-04-28T00:00:00Z,-66.37,-60.01,20.0,7.0,,iceberg\AntarcticIcebergs_20230428.csv,csv
A76C,2023-04-28T00:00:00Z,-65.81,-60.14,16.0,7.0,,iceberg\AntarcticIcebergs_20230428.csv,csv
A78,2023-04-28T00:00:00Z,-68.06,-47.71,18.0,4.0,,iceberg\AntarcticIcebergs_20230428.csv,csv
A80A,2023-04-28T00:00:00Z,-70.36,-59.8,12.0,8.0,,iceberg\AntarcticIcebergs_20230428.csv,csv
A80D,2023-04-28T00:00:00Z,-70.53,-59.64,7.0,5.0,,iceberg\AntarcticIcebergs_20230428.csv,csv
B09B,2023-04-28T00:00:00Z,-66.17,143.44,24.0,8.0,grounded,iceberg\AntarcticIcebergs_20230428.csv,csv
B09G,2023-04-28T00:00:00Z,-68.17,41.76,11.0,7.0,,iceberg\AntarcticIcebergs_20230428.csv,csv
B15AB,2023-04-28T00:00:00Z,-68.02,34.09,11.0,4.0,,iceberg\AntarcticIcebergs_20230428.csv,csv
B22A,2023-04-28T00:00:00Z,-72.2,-111.42,38.0,24.0,,iceberg\AntarcticIcebergs_20230428.csv,csv
B29,2023-04-28T00:00:00Z,-73.73,-110.57,7.0,4.0,,iceberg\AntarcticIcebergs_20230428.csv,csv
B45,2023-04-28T00:00:00Z,-72.97,-110.78,7.0,6.0,,iceberg\AntarcticIcebergs_20230428.csv,csv
B46,2023-04-28T00:00:00Z,-68.59,-158.86,10.0,4.0,,iceberg\AntarcticIcebergs_20230428.csv,csv
B47,2023-04-28T00:00:00Z,-73.88,-134.21,12.0,5.0,,iceberg\AntarcticIcebergs_20230428.csv,csv
C15,2023-04-28T00:00:00Z,-65.95,143.23,12.0,8.0,grounded,iceberg\AntarcticIcebergs_20230428.csv,csv
C18B,2023-04-28T00:00:00Z,-66.12,84.3,19.0,4.0,,iceberg\AntarcticIcebergs_20230428.csv,csv
C24,2023-04-28T00:00:00Z,-64.84,96.02,11.0,2.0,grounded,iceberg\AntarcticIcebergs_20230428.csv,csv
C29,2023-04-28T00:00:00Z,-66.06,142.76,5.0,5.0,grounded,iceberg\AntarcticIcebergs_20230428.csv,csv
C30,2023-04-28T00:00:00Z,-64.78,96.29,9.0,3.0,grounded,iceberg\AntarcticIcebergs_20230428.csv,csv
C31,2023-04-28T00:00:00Z,-64.68,96.5,9.0,3.0,grounded,iceberg\AntarcticIcebergs_20230428.csv,csv
C33,2023-04-28T00:00:00Z,-65.3,126.11,8.0,4.0,,iceberg\AntarcticIcebergs_20230428.csv,csv
C35,2023-04-28T00:00:00Z,-66.25,142.95,7.0,5.0,,iceberg\AntarcticIcebergs_20230428.csv,csv
C36,2023-04-28T00:00:00Z,-67.92,147.49,22.0,15.0,grounded,iceberg\AntarcticIcebergs_20230428.csv,csv
C38B,2023-04-28T00:00:00Z,-65.22,101.08,5.0,7.0,,iceberg\AntarcticIcebergs_20230428.csv,csv
C39,2023-04-28T00:00:00Z,-65.11,98.56,15.0,7.0,,iceberg\AntarcticIcebergs_20230428.csv,csv
C40,2023-04-28T00:00:00Z,-66.55,110.21,7.0,4.0,,iceberg\AntarcticIcebergs_20230428.csv,csv
D20A,2023-04-28T00:00:00Z,-72.17,-48.44,14.0,5.0,,iceberg\AntarcticIcebergs_20230428.csv,csv
D23,2023-04-28T00:00:00Z,-69.43,74.68,8.0,6.0,grounded,iceberg\AntarcticIcebergs_20230428.csv,csv
D26,2023-04-28T00:00:00Z,-69.19,29.44,16.0,2.0,,iceberg\AntarcticIcebergs_20230428.csv,csv
D27,2023-04-28T00:00:00Z,-74.27,-29.57,7.0,4.0,,iceberg\AntarcticIcebergs_20230428.csv,csv
D28,2023-04-28T00:00:00Z,-66.86,-55.1,29.0,19.0,,iceberg\AntarcticIcebergs_20230428.csv,csv
D29A,2023-04-28T00:00:00Z,-63.32,-36.94,15.0,9.0,,iceberg\AntarcticIcebergs_20230428.csv,csv
D29B,2023-04-28T00:00:00Z,-67.16,-54.92,13.0,7.0,,iceberg\AntarcticIcebergs_20230428.csv,csv
D29C,2023-04-28T00:00:00Z,-67.27,-50.21,13.0,6.0,,iceberg\AntarcticIcebergs_20230428.csv,csv
D30A,2023-04-28T00:00:00Z,-64.15,-53.85,37.0,11.0,,iceberg\AntarcticIcebergs_20230428.csv,csv
D30B,2023-04-28T00:00:00Z,-67.13,-53.64,10.0,5.0,,iceberg\AntarcticIcebergs_20230428.csv,csv
D31,2023-04-28T00:00:00Z,-68.13,-53.77,10.0,2.0,,iceberg\AntarcticIcebergs_20230428.csv,csv
D32,2023-04-28T00:00:00Z,-65.95,57.37,10.0,9.0,,iceberg\AntarcticIcebergs_20230428.csv,csv
A23A,2023-05-05T00:00:00Z,-71.35,-52.77,40.0,34.0,,iceberg\AntarcticIcebergs_20230505.csv,csv
A70,2023-05-05T00:00:00Z,-63.83,-53.99,8.0,5.0,,iceberg\AntarcticIcebergs_20230505.csv,csv
A76B,2023-05-05T00:00:00Z,-66.34,-59.88,20.0,7.0,,iceberg\AntarcticIcebergs_20230505.csv,csv
A76C,2023-05-05T00:00:00Z,-65.75,-60.02,16.0,7.0,,iceberg\AntarcticIcebergs_20230505.csv,csv
A78,2023-05-05T00:00:00Z,-68.06,-47.08,18.0,4.0,,iceberg\AntarcticIcebergs_20230505.csv,csv
A80A,2023-05-05T00:00:00Z,-70.14,-59.91,12.0,8.0,,iceberg\AntarcticIcebergs_20230505.csv,csv
A80D,2023-05-05T00:00:00Z,-70.31,-59.72,7.0,5.0,,iceberg\AntarcticIcebergs_20230505.csv,csv
B09B,2023-05-05T00:00:00Z,-66.17,143.44,24.0,8.0,grounded,iceberg\AntarcticIcebergs_20230505.csv,csv
B09G,2023-05-05T00:00:00Z,-68.17,41.75,11.0,7.0,,iceberg\AntarcticIcebergs_20230505.csv,csv
B15AB,2023-05-05T00:00:00Z,-68.53,31.9,11.0,4.0,,iceberg\AntarcticIcebergs_20230505.csv,csv
B22A,2023-05-05T00:00:00Z,-72.21,-111.88,38.0,24.0,,iceberg\AntarcticIcebergs_20230505.csv,csv
B29,2023-05-05T00:00:00Z,-73.73,-110.57,7.0,4.0,,iceberg\AntarcticIcebergs_20230505.csv,csv
B45,2023-05-05T00:00:00Z,-72.95,-110.71,7.0,6.0,,iceberg\AntarcticIcebergs_20230505.csv,csv
B46,2023-05-05T00:00:00Z,-68.61,-158.74,10.0,4.0,,iceberg\AntarcticIcebergs_20230505.csv,csv
B47,2023-05-05T00:00:00Z,-73.89,-133.93,12.0,5.0,,iceberg\AntarcticIcebergs_20230505.csv,csv
C15,2023-05-05T00:00:00Z,-65.95,143.23,12.0,8.0,grounded,iceberg\AntarcticIcebergs_20230505.csv,csv
C18B,2023-05-05T00:00:00Z,-66.22,84.16,19.0,4.0,,iceberg\AntarcticIcebergs_20230505.csv,csv
C24,2023-05-05T00:00:00Z,-64.84,96.02,11.0,2.0,grounded,iceberg\AntarcticIcebergs_20230505.csv,csv
C29,2023-05-05T00:00:00Z,-66.06,142.76,5.0,5.0,grounded,iceberg\AntarcticIcebergs_20230505.csv,csv
C30,2023-05-05T00:00:00Z,-64.78,96.29,9.0,3.0,grounded,iceberg\AntarcticIcebergs_20230505.csv,csv
C31,2023-05-05T00:00:00Z,-64.68,96.5,9.0,3.0,grounded,iceberg\AntarcticIcebergs_20230505.csv,csv
C33,2023-05-05T00:00:00Z,-65.31,126.11,8.0,4.0,,iceberg\AntarcticIcebergs_20230505.csv,csv
C35,2023-05-05T00:00:00Z,-66.25,142.95,7.0,5.0,,iceberg\AntarcticIcebergs_20230505.csv,csv
C36,2023-05-05T00:00:00Z,-67.92,147.49,22.0,15.0,grounded,iceberg\AntarcticIcebergs_20230505.csv,csv
C38B,2023-05-05T00:00:00Z,-65.22,101.08,5.0,7.0,,iceberg\AntarcticIcebergs_20230505.csv,csv
C39,2023-05-05T00:00:00Z,-65.12,98.49,15.0,7.0,,iceberg\AntarcticIcebergs_20230505.csv,csv
C40,2023-05-05T00:00:00Z,-66.51,110.28,7.0,4.0,,iceberg\AntarcticIcebergs_20230505.csv,csv
D20A,2023-05-05T00:00:00Z,-72.11,-49.49,14.0,5.0,,iceberg\AntarcticIcebergs_20230505.csv,csv
D23,2023-05-05T00:00:00Z,-69.43,74.68,8.0,6.0,grounded,iceberg\AntarcticIcebergs_20230505.csv,csv
D26,2023-05-05T00:00:00Z,-69.19,29.44,16.0,2.0,,iceberg\AntarcticIcebergs_20230505.csv,csv
D27,2023-05-05T00:00:00Z,-74.35,-29.67,7.0,4.0,,iceberg\AntarcticIcebergs_20230505.csv,csv
D28,2023-05-05T00:00:00Z,-66.68,-54.9,29.0,19.0,,iceberg\AntarcticIcebergs_20230505.csv,csv
D29A,2023-05-05T00:00:00Z,-63.4,-36.62,15.0,9.0,,iceberg\AntarcticIcebergs_20230505.csv,csv
D29B,2023-05-05T00:00:00Z,-67.04,-54.77,13.0,7.0,,iceberg\AntarcticIcebergs_20230505.csv,csv
D29C,2023-05-05T00:00:00Z,-67.29,-50.07,13.0,6.0,,iceberg\AntarcticIcebergs_20230505.csv,csv
D30A,2023-05-05T00:00:00Z,-63.97,-53.3,37.0,11.0,,iceberg\AntarcticIcebergs_20230505.csv,csv
D30B,2023-05-05T00:00:00Z,-67.11,-53.51,10.0,5.0,,iceberg\AntarcticIcebergs_20230505.csv,csv
D31,2023-05-05T00:00:00Z,-68.11,-53.75,10.0,2.0,,iceberg\AntarcticIcebergs_20230505.csv,csv
D32,2023-05-05T00:00:00Z,-65.65,55.56,10.0,9.0,,iceberg\AntarcticIcebergs_20230505.csv,csv
A23A,2023-05-12T00:00:00Z,-71.02,-54.13,40.0,34.0,,iceberg\AntarcticIcebergs_20230512.csv,csv
A70,2023-05-12T00:00:00Z,-62.99,-53.86,7.0,4.0,,iceberg\AntarcticIcebergs_20230512.csv,csv
A76B,2023-05-12T00:00:00Z,-66.17,-60.09,20.0,7.0,,iceberg\AntarcticIcebergs_20230512.csv,csv
A76C,2023-05-12T00:00:00Z,-65.64,-60.2,16.0,7.0,,iceberg\AntarcticIcebergs_20230512.csv,csv
A78,2023-05-12T00:00:00Z,-67.85,-47.23,18.0,4.0,,iceberg\AntarcticIcebergs_20230512.csv,csv
A80A,2023-05-12T00:00:00Z,-69.17,-59.83,12.0,8.0,,iceberg\AntarcticIcebergs_20230512.csv,csv
A80D,2023-05-12T00:00:00Z,-69.34,-59.71,7.0,5.0,,iceberg\AntarcticIcebergs_20230512.csv,csv
B09B,2023-05-12T00:00:00Z,-66.17,143.44,24.0,8.0,grounded,iceberg\AntarcticIcebergs_20230512.csv,csv
B09G,2023-05-12T00:00:00Z,-68.19,41.73,11.0,7.0,,iceberg\AntarcticIcebergs_20230512.csv,csv
B15AB,2023-05-12T00:00:00Z,-69.43,28.01,11.0,4.0,,iceberg\AntarcticIcebergs_20230512.csv,csv
B22A,2023-05-12T00:00:00Z,-72.19,-112.56,38.0,24.0,,iceberg\AntarcticIcebergs_20230512.csv,csv
B29,2023-05-12T00:00:00Z,-73.73,-110.57,7.0,4.0,,iceberg\AntarcticIcebergs_20230512.csv,csv
B45,2023-05-12T00:00:00Z,-72.94,-110.85,7.0,6.0,,iceberg\AntarcticIcebergs_20230512.csv,csv
B46,2023-05-12T00:00:00Z,-68.51,-159.21,10.0,4.0,,iceberg\AntarcticIcebergs_20230512.csv,csv
B47,2023-05-12T00:00:00Z,-73.92,-134.07,12.0,5.0,,iceberg\AntarcticIcebergs_20230512.csv,csv
C15,2023-05-12T00:00:00Z,-65.95,143.23,12.0,8.0,grounded,iceberg\AntarcticIcebergs_20230512.csv,csv
C18B,2023-05-12T00:00:00Z,-66.21,83.91,19.0,4.0,,iceberg\AntarcticIcebergs_20230512.csv,csv
C24,2023-05-12T00:00:00Z,-64.84,96.02,11.0,2.0,grounded,iceberg\AntarcticIcebergs_20230512.csv,csv
C29,2023-05-12T00:00:00Z,-66.06,142.76,5.0,5.0,grounded,iceberg\AntarcticIcebergs_20230512.csv,csv
C30,2023-05-12T00:00:00Z,-64.78,96.29,9.0,3.0,grounded,iceberg\AntarcticIcebergs_20230512.csv,csv
C31,2023-05-12T00:00:00Z,-64.68,96.5,9.0,3.0,grounded,iceberg\AntarcticIcebergs_20230512.csv,csv
C33,2023-05-12T00:00:00Z,-65.28,126.1,8.0,4.0,,iceberg\AntarcticIcebergs_20230512.csv,csv
C35,2023-05-12T00:00:00Z,-66.25,142.95,7.0,5.0,,iceberg\AntarcticIcebergs_20230512.csv,csv
C36,2023-05-12T00:00:00Z,-67.92,147.49,22.0,15.0,grounded,iceberg\AntarcticIcebergs_20230512.csv,csv
C38B,2023-05-12T00:00:00Z,-65.22,101.08,5.0,7.0,,iceberg\AntarcticIcebergs_20230512.csv,csv
C39,2023-05-12T00:00:00Z,-65.12,98.51,15.0,7.0,,iceberg\AntarcticIcebergs_20230512.csv,csv
C40,2023-05-12T00:00:00Z,-66.52,110.29,7.0,4.0,,iceberg\AntarcticIcebergs_20230512.csv,csv
D20A,2023-05-12T00:00:00Z,-71.71,-50.78,14.0,5.0,,iceberg\AntarcticIcebergs_20230512.csv,csv
D23,2023-05-12T00:00:00Z,-69.43,74.68,8.0,6.0,grounded,iceberg\AntarcticIcebergs_20230512.csv,csv
D26,2023-05-12T00:00:00Z,-69.19,29.44,16.0,2.0,,iceberg\AntarcticIcebergs_20230512.csv,csv
D27,2023-05-12T00:00:00Z,-74.65,-30.6,7.0,4.0,,iceberg\AntarcticIcebergs_20230512.csv,csv
D28,2023-05-12T00:00:00Z,-65.94,-54.52,29.0,19.0,,iceberg\AntarcticIcebergs_20230512.csv,csv
D29A,2023-05-12T00:00:00Z,-63.4,-36.44,15.0,9.0,,iceberg\AntarcticIcebergs_20230512.csv,csv
D29B,2023-05-12T00:00:00Z,-66.18,-54.2,13.0,7.0,,iceberg\AntarcticIcebergs_20230512.csv,csv
D29C,2023-05-12T00:00:00Z,-66.76,-50.18,13.0,6.0,,iceberg\AntarcticIcebergs_20230512.csv,csv
D30A,2023-05-12T00:00:00Z,-63.6,-52.3,37.0,11.0,,iceberg\AntarcticIcebergs_20230512.csv,csv
D30B,2023-05-12T00:00:00Z,-66.18,-53.19,10.0,5.0,,iceberg\AntarcticIcebergs_20230512.csv,csv
D31,2023-05-12T00:00:00Z,-66.96,-53.24,10.0,2.0,,iceberg\AntarcticIcebergs_20230512.csv,csv
D32,2023-05-12T00:00:00Z,-65.65,55.56,10.0,9.0,,iceberg\AntarcticIcebergs_20230512.csv,csv
A23A,2023-06-15T00:00:00Z,-69.44,-56.07,40.0,32.0,,iceberg\AntarcticIcebergs_20230615.csv,csv
A70,2023-06-15T00:00:00Z,-61.68,-52.34,7.0,4.0,Calved from Larsen-D in Nov 2020,iceberg\AntarcticIcebergs_20230615.csv,csv
A74B,2023-06-15T00:00:00Z,-74.57,-53.7,8.0,4.0,Calved from A74,iceberg\AntarcticIcebergs_20230615.csv,csv
A76A,2023-06-15T00:00:00Z,-55.8,-35.36,31.0,4.0,,iceberg\AntarcticIcebergs_20230615.csv,csv
A76B,2023-06-15T00:00:00Z,-65.77,-59.98,20.0,7.0,,iceberg\AntarcticIcebergs_20230615.csv,csv
A76C,2023-06-15T00:00:00Z,-65.57,-60.1,16.0,7.0,,iceberg\AntarcticIcebergs_20230615.csv,csv
A76F,2023-06-15T00:00:00Z,-55.81,-35.04,48.0,5.0,,iceberg\AntarcticIcebergs_20230615.csv,csv
A76H,2023-06-15T00:00:00Z,-55.52,-36.34,28.0,3.0,,iceberg\AntarcticIcebergs_20230615.csv,csv
A76L,2023-06-15T00:00:00Z,-56.02,-35.1,17.0,2.0,Calved from A76A,iceberg\AntarcticIcebergs_20230615.csv,csv
A76M,2023-06-15T00:00:00Z,-55.78,-35.68,35.0,4.0,,iceberg\AntarcticIcebergs_20230615.csv,csv
A78,2023-06-15T00:00:00Z,-66.78,-47.36,18.0,4.0,,iceberg\AntarcticIcebergs_20230615.csv,csv
A80A,2023-06-15T00:00:00Z,-68.04,-59.5,11.0,9.0,,iceberg\AntarcticIcebergs_20230615.csv,csv
A80D,2023-06-15T00:00:00Z,-68.2,-59.32,6.0,5.0,,iceberg\AntarcticIcebergs_20230615.csv,csv
B09B,2023-06-15T00:00:00Z,-66.17,143.44,27.0,10.0,Grounded,iceberg\AntarcticIcebergs_20230615.csv,csv
B09G,2023-06-15T00:00:00Z,-68.18,41.74,12.0,7.0,,iceberg\AntarcticIcebergs_20230615.csv,csv
B15AB,2023-06-15T00:00:00Z,-69.81,7.57,11.0,4.0,Result of B15T calving,iceberg\AntarcticIcebergs_20230615.csv,csv
B22A,2023-06-15T00:00:00Z,-71.94,-114.1,44.0,24.0,,iceberg\AntarcticIcebergs_20230615.csv,csv
B29,2023-06-15T00:00:00Z,-73.73,-110.59,11.0,5.0,,iceberg\AntarcticIcebergs_20230615.csv,csv
B45,2023-06-15T00:00:00Z,-72.96,-110.92,8.0,6.0,Calved from Crosson ice shelf,iceberg\AntarcticIcebergs_20230615.csv,csv
B46,2023-06-15T00:00:00Z,-67.42,-157.76,18.0,5.0,Calved from PIG,iceberg\AntarcticIcebergs_20230615.csv,csv
B47,2023-06-15T00:00:00Z,-73.88,-134.16,19.0,5.0,Calved from the Getz Ice Shelf,iceberg\AntarcticIcebergs_20230615.csv,csv
C15,2023-06-15T00:00:00Z,-65.93,143.19,14.0,10.0,,iceberg\AntarcticIcebergs_20230615.csv,csv
C18B,2023-06-15T00:00:00Z,-65.75,81.92,20.0,4.0,,iceberg\AntarcticIcebergs_20230615.csv,csv
C24,2023-06-15T00:00:00Z,-64.84,96.02,11.0,3.0,Fasted,iceberg\AntarcticIcebergs_20230615.csv,csv
C29,2023-06-15T00:00:00Z,-66.06,142.76,7.0,5.0,Grounded,iceberg\AntarcticIcebergs_20230615.csv,csv
C30,2023-06-15T00:00:00Z,-64.78,96.29,9.0,3.0,Fasted,iceberg\AntarcticIcebergs_20230615.csv,csv
C31,2023-06-15T00:00:00Z,-64.68,96.5,9.0,3.0,Fasted,iceberg\AntarcticIcebergs_20230615.csv,csv
C33,2023-06-15T00:00:00Z,-65.32,126.1,11.0,4.0,Calved off Nansen Ice Shelf,iceberg\AntarcticIcebergs_20230615.csv,csv
C35,2023-06-15T00:00:00Z,-66.25,142.96,8.0,5.0,Calved from Ninnis Ice Shelf,iceberg\AntarcticIcebergs_20230615.csv,csv
C36,2023-06-15T00:00:00Z,-67.92,147.49,23.0,16.0,Calved from Ninnis Ice Shelf,iceberg\AntarcticIcebergs_20230615.csv,csv
C38B,2023-06-15T00:00:00Z,-65.65,99.44,8.0,7.0,,iceberg\AntarcticIcebergs_20230615.csv,csv
C39,2023-06-15T00:00:00Z,-65.1,98.36,15.0,8.0,,iceberg\AntarcticIcebergs_20230615.csv,csv
C40,2023-06-15T00:00:00Z,-66.39,110.1,7.0,4.0,Calved from Vanderford Ice Shelf 23 April 2023,iceberg\AntarcticIcebergs_20230615.csv,csv
D20A,2023-06-15T00:00:00Z,-70.28,-53.1,27.0,9.0,,iceberg\AntarcticIcebergs_20230615.csv,csv
D23,2023-06-15T00:00:00Z,-69.43,74.68,8.0,6.0,Fasted,iceberg\AntarcticIcebergs_20230615.csv,csv
D27,2023-06-15T00:00:00Z,-74.5,-32.41,8.0,5.0,,iceberg\AntarcticIcebergs_20230615.csv,csv
D28,2023-06-15T00:00:00Z,-64.13,-53.91,30.0,19.0,Calved from Amery Ice Shelf,iceberg\AntarcticIcebergs_20230615.csv,csv
D29A,2023-06-15T00:00:00Z,-63.43,-35.37,21.0,9.0,,iceberg\AntarcticIcebergs_20230615.csv,csv
D29B,2023-06-15T00:00:00Z,-64.84,-54.21,13.0,7.0,,iceberg\AntarcticIcebergs_20230615.csv,csv
D29C,2023-06-15T00:00:00Z,-65.63,-49.97,13.0,6.0,,iceberg\AntarcticIcebergs_20230615.csv,csv
D30A,2023-06-15T00:00:00Z,-62.23,-55.16,39.0,11.0,,iceberg\AntarcticIcebergs_20230615.csv,csv
D30B,2023-06-15T00:00:00Z,-64.31,-51.74,15.0,5.0,,iceberg\AntarcticIcebergs_20230615.csv,csv
D31,2023-06-15T00:00:00Z,-65.37,-52.47,16.0,2.0,,iceberg\AntarcticIcebergs_20230615.csv,csv
D32,2023-06-15T00:00:00Z,-65.66,55.56,10.0,9.0,Calved from Amery Ice Shelf,iceberg\AntarcticIcebergs_20230615.csv,csv
A23A,2023-06-23T00:00:00Z,-70.5,-55.05,40.0,34.0,,iceberg\AntarcticIcebergs_20230623.csv,csv
A70,2023-06-02T00:00:00Z,-61.82,-53.19,7.0,4.0,,iceberg\AntarcticIcebergs_20230623.csv,csv
A76A,2023-06-02T00:00:00Z,-55.15,-37.61,42.0,6.0,,iceberg\AntarcticIcebergs_20230623.csv,csv
A76B,2023-06-23T00:00:00Z,-65.9,-59.92,20.0,7.0,,iceberg\AntarcticIcebergs_20230623.csv,csv
A76C,2023-06-23T00:00:00Z,-65.62,-60.09,16.0,7.0,,iceberg\AntarcticIcebergs_20230623.csv,csv
A76F,2023-06-02T00:00:00Z,-55.44,-36.88,47.0,5.0,,iceberg\AntarcticIcebergs_20230623.csv,csv
A76H,2023-06-02T00:00:00Z,-55.29,-37.58,32.0,6.0,,iceberg\AntarcticIcebergs_20230623.csv,csv
A76L,2023-06-02T00:00:00Z,-55.14,-37.35,17.0,2.0,,iceberg\AntarcticIcebergs_20230623.csv,csv
A78,2023-06-23T00:00:00Z,-67.58,-46.3,18.0,4.0,,iceberg\AntarcticIcebergs_20230623.csv,csv
A80A,2023-06-23T00:00:00Z,-68.86,-59.63,12.0,8.0,,iceberg\AntarcticIcebergs_20230623.csv,csv
A80D,2023-06-23T00:00:00Z,-69.02,-59.44,7.0,5.0,,iceberg\AntarcticIcebergs_20230623.csv,csv
B09B,2023-06-23T00:00:00Z,-66.17,143.44,24.0,8.0,grounded,iceberg\AntarcticIcebergs_20230623.csv,csv
B09G,2023-06-23T00:00:00Z,-68.19,41.73,11.0,7.0,,iceberg\AntarcticIcebergs_20230623.csv,csv
B15AB,2023-06-23T00:00:00Z,-69.44,13.05,11.0,4.0,,iceberg\AntarcticIcebergs_20230623.csv,csv
B22A,2023-06-23T00:00:00Z,-72.13,-113.47,38.0,24.0,,iceberg\AntarcticIcebergs_20230623.csv,csv
B29,2023-06-23T00:00:00Z,-73.72,-110.68,7.0,4.0,,iceberg\AntarcticIcebergs_20230623.csv,csv
B45,2023-06-23T00:00:00Z,-72.91,-110.97,7.0,6.0,,iceberg\AntarcticIcebergs_20230623.csv,csv
B46,2023-06-23T00:00:00Z,-67.95,-158.29,10.0,4.0,,iceberg\AntarcticIcebergs_20230623.csv,csv
B47,2023-06-23T00:00:00Z,-73.88,-134.21,12.0,5.0,,iceberg\AntarcticIcebergs_20230623.csv,csv
C15,2023-06-23T00:00:00Z,-65.93,143.19,12.0,8.0,grounded,iceberg\AntarcticIcebergs_20230623.csv,csv
C18B,2023-06-23T00:00:00Z,-65.91,82.7,19.0,4.0,,iceberg\AntarcticIcebergs_20230623.csv,csv
C24,2023-06-23T00:00:00Z,-64.84,96.02,11.0,2.0,grounded,iceberg\AntarcticIcebergs_20230623.csv,csv
C29,2023-06-23T00:00:00Z,-66.06,142.76,5.0,5.0,grounded,iceberg\AntarcticIcebergs_20230623.csv,csv
C30,2023-06-23T00:00:00Z,-64.78,96.29,9.0,3.0,grounded,iceberg\AntarcticIcebergs_20230623.csv,csv
C31,2023-06-23T00:00:00Z,-64.68,96.5,9.0,3.0,grounded,iceberg\AntarcticIcebergs_20230623.csv,csv
C33,2023-06-23T00:00:00Z,-65.29,126.05,8.0,4.0,,iceberg\AntarcticIcebergs_20230623.csv,csv
C35,2023-06-23T00:00:00Z,-66.25,142.95,7.0,5.0,grounded,iceberg\AntarcticIcebergs_20230623.csv,csv
C36,2023-06-23T00:00:00Z,-67.92,147.49,22.0,15.0,grounded,iceberg\AntarcticIcebergs_20230623.csv,csv
C38B,2023-06-23T00:00:00Z,-65.65,99.93,5.0,7.0,,iceberg\AntarcticIcebergs_20230623.csv,csv
C39,2023-06-23T00:00:00Z,-65.09,98.43,15.0,7.0,,iceberg\AntarcticIcebergs_20230623.csv,csv
C40,2023-06-23T00:00:00Z,-66.48,110.32,7.0,4.0,,iceberg\AntarcticIcebergs_20230623.csv,csv
D20A,2023-06-23T00:00:00Z,-71.52,-51.65,14.0,5.0,,iceberg\AntarcticIcebergs_20230623.csv,csv
D23,2023-06-23T00:00:00Z,-69.43,74.68,8.0,6.0,grounded,iceberg\AntarcticIcebergs_20230623.csv,csv
D27,2023-06-23T00:00:00Z,-74.4,-30.2,7.0,4.0,,iceberg\AntarcticIcebergs_20230623.csv,csv
D28,2023-06-23T00:00:00Z,-65.0,-54.06,29.0,19.0,,iceberg\AntarcticIcebergs_20230623.csv,csv
D29A,2023-06-23T00:00:00Z,-63.45,-35.33,15.0,9.0,,iceberg\AntarcticIcebergs_20230623.csv,csv
D29B,2023-06-23T00:00:00Z,-65.49,-53.76,13.0,7.0,,iceberg\AntarcticIcebergs_20230623.csv,csv
D29C,2023-06-23T00:00:00Z,-66.63,-48.89,13.0,6.0,,iceberg\AntarcticIcebergs_20230623.csv,csv
D30A,2023-06-23T00:00:00Z,-62.95,-52.87,37.0,11.0,,iceberg\AntarcticIcebergs_20230623.csv,csv
D30B,2023-06-23T00:00:00Z,-65.65,-51.4,10.0,5.0,,iceberg\AntarcticIcebergs_20230623.csv,csv
D31,2023-06-23T00:00:00Z,-66.82,-52.27,10.0,2.0,,iceberg\AntarcticIcebergs_20230623.csv,csv
D32,2023-06-23T00:00:00Z,-65.66,55.57,10.0,9.0,,iceberg\AntarcticIcebergs_20230623.csv,csv
A23A,2023-06-24T00:00:00Z,-69.12,-56.06,40.0,32.0,,iceberg\AntarcticIcebergs_20230624.csv,csv
A70,2023-06-24T00:00:00Z,-61.68,-52.34,7.0,4.0,Calved from Larsen-D in Nov 2020,iceberg\AntarcticIcebergs_20230624.csv,csv
A74B,2023-06-24T00:00:00Z,-74.04,-54.49,8.0,4.0,Calved from A74,iceberg\AntarcticIcebergs_20230624.csv,csv
A76A,2023-06-24T00:00:00Z,-55.45,-34.41,31.0,4.0,,iceberg\AntarcticIcebergs_20230624.csv,csv
A76B,2023-06-24T00:00:00Z,-65.76,-60.08,20.0,7.0,,iceberg\AntarcticIcebergs_20230624.csv,csv
A76C,2023-06-24T00:00:00Z,-65.57,-60.16,16.0,7.0,,iceberg\AntarcticIcebergs_20230624.csv,csv
A76F,2023-06-24T00:00:00Z,-55.57,-34.62,48.0,5.0,,iceberg\AntarcticIcebergs_20230624.csv,csv
A76H,2023-06-24T00:00:00Z,-55.67,-35.95,28.0,3.0,,iceberg\AntarcticIcebergs_20230624.csv,csv
A76L,2023-06-24T00:00:00Z,-55.92,-34.24,17.0,2.0,Calved from A76A,iceberg\AntarcticIcebergs_20230624.csv,csv
A76M,2023-06-24T00:00:00Z,-55.63,-34.38,35.0,4.0,,iceberg\AntarcticIcebergs_20230624.csv,csv
A78,2023-06-24T00:00:00Z,-66.41,-47.19,18.0,4.0,,iceberg\AntarcticIcebergs_20230624.csv,csv
A80A,2023-06-24T00:00:00Z,-67.93,-59.52,11.0,9.0,,iceberg\AntarcticIcebergs_20230624.csv,csv
A80D,2023-06-24T00:00:00Z,-68.08,-59.33,6.0,5.0,,iceberg\AntarcticIcebergs_20230624.csv,csv
B09B,2023-06-24T00:00:00Z,-66.17,143.44,27.0,10.0,Grounded,iceberg\AntarcticIcebergs_20230624.csv,csv
B09G,2023-06-24T00:00:00Z,-68.18,41.74,12.0,7.0,,iceberg\AntarcticIcebergs_20230624.csv,csv
B15AB,2023-06-24T00:00:00Z,-69.84,1.51,11.0,4.0,Result of B15T calving,iceberg\AntarcticIcebergs_20230624.csv,csv
B22A,2023-06-24T00:00:00Z,-71.91,-114.6,44.0,24.0,,iceberg\AntarcticIcebergs_20230624.csv,csv
B29,2023-06-24T00:00:00Z,-73.73,-110.59,11.0,5.0,,iceberg\AntarcticIcebergs_20230624.csv,csv
B45,2023-06-24T00:00:00Z,-72.95,-110.9,8.0,6.0,Calved from Crosson ice shelf,iceberg\AntarcticIcebergs_20230624.csv,csv
B46,2023-06-24T00:00:00Z,-67.14,-157.34,18.0,5.0,Calved from PIG,iceberg\AntarcticIcebergs_20230624.csv,csv
B47,2023-06-24T00:00:00Z,-73.88,-134.16,19.0,5.0,Calved from the Getz Ice Shelf,iceberg\AntarcticIcebergs_20230624.csv,csv
C15,2023-06-24T00:00:00Z,-65.93,143.19,14.0,10.0,,iceberg\AntarcticIcebergs_20230624.csv,csv
C18B,2023-06-24T00:00:00Z,-65.85,81.72,20.0,4.0,,iceberg\AntarcticIcebergs_20230624.csv,csv
C24,2023-06-24T00:00:00Z,-64.84,96.02,11.0,3.0,Fasted,iceberg\AntarcticIcebergs_20230624.csv,csv
C29,2023-06-24T00:00:00Z,-66.06,142.76,7.0,5.0,Grounded,iceberg\AntarcticIcebergs_20230624.csv,csv
C30,2023-06-24T00:00:00Z,-64.78,96.29,9.0,3.0,Fasted,iceberg\AntarcticIcebergs_20230624.csv,csv
C31,2023-06-24T00:00:00Z,-64.68,96.5,9.0,3.0,Fasted,iceberg\AntarcticIcebergs_20230624.csv,csv
C33,2023-06-24T00:00:00Z,-65.32,126.1,11.0,4.0,Calved off Nansen Ice Shelf,iceberg\AntarcticIcebergs_20230624.csv,csv
C35,2023-06-24T00:00:00Z,-66.25,142.96,8.0,5.0,Calved from Ninnis Ice Shelf,iceberg\AntarcticIcebergs_20230624.csv,csv
C36,2023-06-24T00:00:00Z,-67.93,147.63,23.0,16.0,Calved from Ninnis Ice Shelf,iceberg\AntarcticIcebergs_20230624.csv,csv
C38B,2023-06-24T00:00:00Z,-65.6,99.5,8.0,7.0,,iceberg\AntarcticIcebergs_20230624.csv,csv
C39,2023-06-24T00:00:00Z,-65.08,98.43,15.0,8.0,,iceberg\AntarcticIcebergs_20230624.csv,csv
C40,2023-06-24T00:00:00Z,-66.39,110.1,7.0,4.0,Calved from Vanderford Ice Shelf 23 April 2023,iceberg\AntarcticIcebergs_20230624.csv,csv
D20A,2023-06-24T00:00:00Z,-69.92,-53.53,27.0,9.0,,iceberg\AntarcticIcebergs_20230624.csv,csv
D23,2023-06-24T00:00:00Z,-69.43,74.71,8.0,6.0,Fasted,iceberg\AntarcticIcebergs_20230624.csv,csv
D27,2023-06-24T00:00:00Z,-74.57,-34.94,8.0,5.0,,iceberg\AntarcticIcebergs_20230624.csv,csv
D28,2023-06-24T00:00:00Z,-63.41,-53.16,30.0,19.0,Calved from Amery Ice Shelf,iceberg\AntarcticIcebergs_20230624.csv,csv
D29A,2023-06-24T00:00:00Z,-63.46,-35.33,21.0,9.0,,iceberg\AntarcticIcebergs_20230624.csv,csv
D29B,2023-06-24T00:00:00Z,-63.61,-53.68,13.0,7.0,,iceberg\AntarcticIcebergs_20230624.csv,csv
D29C,2023-06-24T00:00:00Z,-65.31,-49.86,13.0,6.0,,iceberg\AntarcticIcebergs_20230624.csv,csv
D30A,2023-06-24T00:00:00Z,-62.2,-56.15,39.0,11.0,,iceberg\AntarcticIcebergs_20230624.csv,csv
D30B,2023-06-24T00:00:00Z,-63.99,-51.25,15.0,5.0,,iceberg\AntarcticIcebergs_20230624.csv,csv
D31,2023-06-24T00:00:00Z,-64.97,-52.47,16.0,2.0,,iceberg\AntarcticIcebergs_20230624.csv,csv
D32,2023-06-24T00:00:00Z,-65.64,55.59,10.0,9.0,Calved from Amery Ice Shelf,iceberg\AntarcticIcebergs_20230624.csv,csv
A23A,2023-06-30T00:00:00Z,-68.33,-55.95,40.0,32.0,,iceberg\AntarcticIcebergs_20230630.csv,csv
A74B,2023-06-30T00:00:00Z,-73.0,-54.3,8.0,4.0,Calved from A74,iceberg\AntarcticIcebergs_20230630.csv,csv
A76B,2023-06-30T00:00:00Z,-65.77,-60.07,20.0,7.0,,iceberg\AntarcticIcebergs_20230630.csv,csv
A76C,2023-06-30T00:00:00Z,-65.57,-60.15,16.0,7.0,,iceberg\AntarcticIcebergs_20230630.csv,csv
A76F,2023-06-30T00:00:00Z,-55.14,-34.34,48.0,5.0,,iceberg\AntarcticIcebergs_20230630.csv,csv
A76H,2023-06-30T00:00:00Z,-55.64,-34.82,28.0,3.0,,iceberg\AntarcticIcebergs_20230630.csv,csv
A76L,2023-06-30T00:00:00Z,-55.81,-34.1,17.0,2.0,Calved from A76A,iceberg\AntarcticIcebergs_20230630.csv,csv
A78,2023-06-30T00:00:00Z,-65.33,-47.04,18.0,4.0,,iceberg\AntarcticIcebergs_20230630.csv,csv
A80A,2023-06-30T00:00:00Z,-67.4,-59.3,11.0,9.0,,iceberg\AntarcticIcebergs_20230630.csv,csv
A80D,2023-06-30T00:00:00Z,-67.56,-59.09,6.0,5.0,,iceberg\AntarcticIcebergs_20230630.csv,csv
B09B,2023-06-30T00:00:00Z,-66.17,143.42,27.0,10.0,Grounded,iceberg\AntarcticIcebergs_20230630.csv,csv
B09G,2023-06-30T00:00:00Z,-68.19,41.72,12.0,7.0,,iceberg\AntarcticIcebergs_20230630.csv,csv
B15AB,2023-06-30T00:00:00Z,-69.94,-2.42,11.0,4.0,Result of B15T calving,iceberg\AntarcticIcebergs_20230630.csv,csv
B22A,2023-06-30T00:00:00Z,-72.02,-115.09,44.0,24.0,,iceberg\AntarcticIcebergs_20230630.csv,csv
B29,2023-06-30T00:00:00Z,-73.73,-110.57,11.0,5.0,,iceberg\AntarcticIcebergs_20230630.csv,csv
B45,2023-06-30T00:00:00Z,-72.95,-110.9,8.0,6.0,Calved from Crosson ice shelf,iceberg\AntarcticIcebergs_20230630.csv,csv
B46,2023-06-30T00:00:00Z,-66.79,-156.15,18.0,5.0,Calved from PIG,iceberg\AntarcticIcebergs_20230630.csv,csv
B47,2023-06-30T00:00:00Z,-73.88,-134.16,19.0,5.0,Calved from the Getz Ice Shelf,iceberg\AntarcticIcebergs_20230630.csv,csv
C15,2023-06-30T00:00:00Z,-65.94,143.2,14.0,10.0,,iceberg\AntarcticIcebergs_20230630.csv,csv
C18B,2023-06-30T00:00:00Z,-65.86,81.78,20.0,4.0,,iceberg\AntarcticIcebergs_20230630.csv,csv
C24,2023-06-30T00:00:00Z,-64.84,96.02,11.0,3.0,Fasted,iceberg\AntarcticIcebergs_20230630.csv,csv
C29,2023-06-30T00:00:00Z,-66.05,142.76,7.0,5.0,Grounded,iceberg\AntarcticIcebergs_20230630.csv,csv
C30,2023-06-30T00:00:00Z,-64.78,96.29,9.0,3.0,Fasted,iceberg\AntarcticIcebergs_20230630.csv,csv
C31,2023-06-30T00:00:00Z,-64.68,96.5,9.0,3.0,Fasted,iceberg\AntarcticIcebergs_20230630.csv,csv
C33,2023-06-30T00:00:00Z,-65.32,126.1,11.0,4.0,Calved off Nansen Ice Shelf,iceberg\AntarcticIcebergs_20230630.csv,csv
C35,2023-06-30T00:00:00Z,-66.24,142.96,8.0,5.0,Calved from Ninnis Ice Shelf,iceberg\AntarcticIcebergs_20230630.csv,csv
C36,2023-06-30T00:00:00Z,-67.92,147.5,23.0,16.0,Calved from Ninnis Ice Shelf,iceberg\AntarcticIcebergs_20230630.csv,csv
C38B,2023-06-30T00:00:00Z,-65.54,99.26,8.0,7.0,,iceberg\AntarcticIcebergs_20230630.csv,csv
C39,2023-06-30T00:00:00Z,-65.05,98.41,15.0,8.0,,iceberg\AntarcticIcebergs_20230630.csv,csv
D20A,2023-06-30T00:00:00Z,-68.79,-53.4,14.0,5.0,,iceberg\AntarcticIcebergs_20230630.csv,csv
D23,2023-06-30T00:00:00Z,-69.43,74.7,7.0,6.0,Fasted,iceberg\AntarcticIcebergs_20230630.csv,csv
D27,2023-06-30T00:00:00Z,-74.19,-36.92,8.0,5.0,,iceberg\AntarcticIcebergs_20230630.csv,csv
D28,2023-06-30T00:00:00Z,-62.68,-53.87,30.0,19.0,Calved from Amery Ice Shelf,iceberg\AntarcticIcebergs_20230630.csv,csv
D29A,2023-06-30T00:00:00Z,-63.01,-34.61,21.0,9.0,,iceberg\AntarcticIcebergs_20230630.csv,csv
D29B,2023-06-30T00:00:00Z,-63.09,-53.95,13.0,7.0,,iceberg\AntarcticIcebergs_20230630.csv,csv
D29C,2023-06-30T00:00:00Z,-64.24,-49.51,13.0,6.0,,iceberg\AntarcticIcebergs_20230630.csv,csv
D30A,2023-06-30T00:00:00Z,-62.28,-56.67,39.0,11.0,,iceberg\AntarcticIcebergs_20230630.csv,csv
D30B,2023-06-30T00:00:00Z,-63.19,-51.13,15.0,5.0,,iceberg\AntarcticIcebergs_20230630.csv,csv
D31,2023-06-30T00:00:00Z,-64.12,-52.02,16.0,2.0,,iceberg\AntarcticIcebergs_20230630.csv,csv
D32,2023-06-30T00:00:00Z,-65.64,55.59,10.0,9.0,Calved from Amery Ice Shelf,iceberg\AntarcticIcebergs_20230630.csv,csv
A23A,2023-07-07T00:00:00Z,-68.23,-55.68,40.0,32.0,,iceberg\AntarcticIcebergs_20230707.csv,csv
A74B,2023-07-07T00:00:00Z,-72.82,-53.94,8.0,4.0,Calved from A74,iceberg\AntarcticIcebergs_20230707.csv,csv
A76B,2023-07-07T00:00:00Z,-65.75,-60.05,20.0,7.0,,iceberg\AntarcticIcebergs_20230707.csv,csv
A76C,2023-07-07T00:00:00Z,-65.57,-60.17,16.0,7.0,,iceberg\AntarcticIcebergs_20230707.csv,csv
A76F,2023-07-07T00:00:00Z,-55.14,-34.34,48.0,5.0,,iceberg\AntarcticIcebergs_20230707.csv,csv
A76H,2023-07-07T00:00:00Z,-55.64,-34.82,28.0,3.0,,iceberg\AntarcticIcebergs_20230707.csv,csv
A76L,2023-07-07T00:00:00Z,-55.81,-34.1,17.0,2.0,Calved from A76A,iceberg\AntarcticIcebergs_20230707.csv,csv
A78,2023-07-07T00:00:00Z,-65.22,-46.22,18.0,4.0,,iceberg\AntarcticIcebergs_20230707.csv,csv
A80A,2023-07-07T00:00:00Z,-67.38,-59.31,11.0,9.0,,iceberg\AntarcticIcebergs_20230707.csv,csv
A80D,2023-07-07T00:00:00Z,-67.53,-59.14,6.0,5.0,,iceberg\AntarcticIcebergs_20230707.csv,csv
B09B,2023-07-07T00:00:00Z,-66.17,143.42,27.0,10.0,Grounded,iceberg\AntarcticIcebergs_20230707.csv,csv
B09G,2023-07-07T00:00:00Z,-68.19,41.72,12.0,7.0,,iceberg\AntarcticIcebergs_20230707.csv,csv
B15AB,2023-07-07T00:00:00Z,-70.15,-7.07,11.0,4.0,Result of B15T calving,iceberg\AntarcticIcebergs_20230707.csv,csv
B22A,2023-07-07T00:00:00Z,-71.91,-114.83,44.0,24.0,,iceberg\AntarcticIcebergs_20230707.csv,csv
B29,2023-07-07T00:00:00Z,-73.73,-110.57,11.0,5.0,,iceberg\AntarcticIcebergs_20230707.csv,csv
B39,2023-07-07T00:00:00Z,-74.93,-52.53,8.0,4.0,,iceberg\AntarcticIcebergs_20230707.csv,csv
B45,2023-07-07T00:00:00Z,-72.96,-110.76,8.0,6.0,Calved from Crosson ice shelf,iceberg\AntarcticIcebergs_20230707.csv,csv
B46,2023-07-07T00:00:00Z,-67.25,-155.47,18.0,5.0,Calved from PIG,iceberg\AntarcticIcebergs_20230707.csv,csv
B47,2023-07-07T00:00:00Z,-73.87,-133.89,19.0,5.0,Calved from the Getz Ice Shelf,iceberg\AntarcticIcebergs_20230707.csv,csv
C15,2023-07-07T00:00:00Z,-65.94,143.2,14.0,10.0,,iceberg\AntarcticIcebergs_20230707.csv,csv
C18B,2023-07-07T00:00:00Z,-65.85,81.73,20.0,4.0,,iceberg\AntarcticIcebergs_20230707.csv,csv
C24,2023-07-07T00:00:00Z,-64.84,96.02,11.0,3.0,Fasted,iceberg\AntarcticIcebergs_20230707.csv,csv
C29,2023-07-07T00:00:00Z,-66.05,142.76,7.0,5.0,Grounded,iceberg\AntarcticIcebergs_20230707.csv,csv
C30,2023-07-07T00:00:00Z,-64.78,96.29,9.0,3.0,Fasted,iceberg\AntarcticIcebergs_20230707.csv,csv
C31,2023-07-07T00:00:00Z,-64.68,96.5,9.0,3.0,Fasted,iceberg\AntarcticIcebergs_20230707.csv,csv
C33,2023-07-07T00:00:00Z,-65.32,126.12,11.0,4.0,Calved off Nansen Ice Shelf,iceberg\AntarcticIcebergs_20230707.csv,csv
C35,2023-07-07T00:00:00Z,-66.25,143.0,8.0,5.0,Calved from Ninnis Ice Shelf,iceberg\AntarcticIcebergs_20230707.csv,csv
C36,2023-07-07T00:00:00Z,-67.92,147.48,23.0,16.0,Calved from Ninnis Ice Shelf,iceberg\AntarcticIcebergs_20230707.csv,csv
C38B,2023-07-07T00:00:00Z,-65.33,99.11,8.0,7.0,,iceberg\AntarcticIcebergs_20230707.csv,csv
C39,2023-07-07T00:00:00Z,-64.96,98.41,15.0,8.0,,iceberg\AntarcticIcebergs_20230707.csv,csv
D20A,2023-07-07T00:00:00Z,-68.55,-53.25,14.0,5.0,,iceberg\AntarcticIcebergs_20230707.csv,csv
D23,2023-07-07T00:00:00Z,-69.43,74.7,7.0,6.0,Fasted,iceberg\AntarcticIcebergs_20230707.csv,csv
D27,2023-07-07T00:00:00Z,-74.01,-36.71,8.0,5.0,,iceberg\AntarcticIcebergs_20230707.csv,csv
D28,2023-07-07T00:00:00Z,-62.14,-53.88,30.0,19.0,Calved from Amery Ice Shelf,iceberg\AntarcticIcebergs_20230707.csv,csv
D29A,2023-07-07T00:00:00Z,-63.09,-33.85,21.0,9.0,,iceberg\AntarcticIcebergs_20230707.csv,csv
D29B,2023-07-07T00:00:00Z,-62.51,-54.34,13.0,7.0,,iceberg\AntarcticIcebergs_20230707.csv,csv
D29C,2023-07-07T00:00:00Z,-64.1,-48.37,13.0,6.0,,iceberg\AntarcticIcebergs_20230707.csv,csv
D30A,2023-07-07T00:00:00Z,-62.28,-56.56,39.0,11.0,,iceberg\AntarcticIcebergs_20230707.csv,csv
D30B,2023-07-07T00:00:00Z,-62.91,-51.41,15.0,5.0,,iceberg\AntarcticIcebergs_20230707.csv,csv
D31,2023-07-07T00:00:00Z,-64.02,-50.45,16.0,2.0,,iceberg\AntarcticIcebergs_20230707.csv,csv
D32,2023-07-07T00:00:00Z,-65.64,55.59,10.0,9.0,Calved from Amery Ice Shelf,iceberg\AntarcticIcebergs_20230707.csv,csv
A23A,2023-07-14T00:00:00Z,-67.81,-55.55,40.0,32.0,,iceberg\AntarcticIcebergs_20230714.csv,csv
A74A,2023-07-14T00:00:00Z,-74.8,-54.22,30.0,18.0,Calved from north Brunt,iceberg\AntarcticIcebergs_20230714.csv,csv
A74B,2023-07-14T00:00:00Z,-72.5,-53.73,8.0,4.0,Calved from A74,iceberg\AntarcticIcebergs_20230714.csv,csv
A76B,2023-07-14T00:00:00Z,-65.81,-60.07,20.0,7.0,,iceberg\AntarcticIcebergs_20230714.csv,csv
A76C,2023-07-14T00:00:00Z,-65.62,-60.19,16.0,7.0,,iceberg\AntarcticIcebergs_20230714.csv,csv
A78,2023-07-14T00:00:00Z,-64.48,-46.14,18.0,4.0,,iceberg\AntarcticIcebergs_20230714.csv,csv
A80A,2023-07-14T00:00:00Z,-67.36,-59.18,11.0,9.0,,iceberg\AntarcticIcebergs_20230714.csv,csv
A80D,2023-07-14T00:00:00Z,-67.52,-58.98,6.0,5.0,,iceberg\AntarcticIcebergs_20230714.csv,csv
B09B,2023-07-14T00:00:00Z,-66.17,143.42,27.0,10.0,Grounded,iceberg\AntarcticIcebergs_20230714.csv,csv
B09G,2023-07-14T00:00:00Z,-68.19,41.7,12.0,7.0,,iceberg\AntarcticIcebergs_20230714.csv,csv
B15AB,2023-07-14T00:00:00Z,-70.71,-10.71,11.0,4.0,Result of B15T calving,iceberg\AntarcticIcebergs_20230714.csv,csv
B22A,2023-07-14T00:00:00Z,-72.0,-114.9,44.0,24.0,,iceberg\AntarcticIcebergs_20230714.csv,csv
B29,2023-07-14T00:00:00Z,-73.73,-110.57,11.0,5.0,,iceberg\AntarcticIcebergs_20230714.csv,csv
B39,2023-07-14T00:00:00Z,-74.64,-52.51,8.0,4.0,,iceberg\AntarcticIcebergs_20230714.csv,csv
B45,2023-07-14T00:00:00Z,-72.93,-110.88,8.0,6.0,Calved from Crosson ice shelf,iceberg\AntarcticIcebergs_20230714.csv,csv
B46,2023-07-14T00:00:00Z,-66.83,-154.69,18.0,5.0,Calved from PIG,iceberg\AntarcticIcebergs_20230714.csv,csv
B47,2023-07-14T00:00:00Z,-73.89,-134.17,19.0,5.0,Calved from the Getz Ice Shelf,iceberg\AntarcticIcebergs_20230714.csv,csv
C15,2023-07-14T00:00:00Z,-65.94,143.2,14.0,10.0,,iceberg\AntarcticIcebergs_20230714.csv,csv
C18B,2023-07-14T00:00:00Z,-65.85,81.73,20.0,4.0,,iceberg\AntarcticIcebergs_20230714.csv,csv
C24,2023-07-14T00:00:00Z,-64.84,96.02,11.0,3.0,Fasted,iceberg\AntarcticIcebergs_20230714.csv,csv
C29,2023-07-14T00:00:00Z,-66.05,142.76,7.0,5.0,Grounded,iceberg\AntarcticIcebergs_20230714.csv,csv
C30,2023-07-14T00:00:00Z,-64.78,96.29,9.0,3.0,Fasted,iceberg\AntarcticIcebergs_20230714.csv,csv
C31,2023-07-14T00:00:00Z,-64.68,96.5,9.0,3.0,Fasted,iceberg\AntarcticIcebergs_20230714.csv,csv
C33,2023-07-14T00:00:00Z,-65.32,126.13,11.0,4.0,Calved off Nansen Ice Shelf,iceberg\AntarcticIcebergs_20230714.csv,csv
C35,2023-07-14T00:00:00Z,-66.25,143.0,8.0,5.0,Calved from Ninnis Ice Shelf,iceberg\AntarcticIcebergs_20230714.csv,csv
C36,2023-07-14T00:00:00Z,-67.92,147.48,23.0,16.0,Calved from Ninnis Ice Shelf,iceberg\AntarcticIcebergs_20230714.csv,csv
C38B,2023-07-14T00:00:00Z,-65.3,99.04,8.0,7.0,,iceberg\AntarcticIcebergs_20230714.csv,csv
C39,2023-07-14T00:00:00Z,-64.94,98.39,15.0,8.0,,iceberg\AntarcticIcebergs_20230714.csv,csv
D20A,2023-07-14T00:00:00Z,-68.13,-52.99,14.0,5.0,,iceberg\AntarcticIcebergs_20230714.csv,csv
D23,2023-07-14T00:00:00Z,-69.43,74.7,7.0,6.0,Fasted,iceberg\AntarcticIcebergs_20230714.csv,csv
D27,2023-07-14T00:00:00Z,-73.66,-37.11,8.0,5.0,,iceberg\AntarcticIcebergs_20230714.csv,csv
D28,2023-07-14T00:00:00Z,-61.81,-53.12,30.0,19.0,Calved from Amery Ice Shelf,iceberg\AntarcticIcebergs_20230714.csv,csv
D29A,2023-07-14T00:00:00Z,-62.97,-32.93,21.0,9.0,,iceberg\AntarcticIcebergs_20230714.csv,csv
D29B,2023-07-14T00:00:00Z,-62.0,-55.07,13.0,7.0,,iceberg\AntarcticIcebergs_20230714.csv,csv
D29C,2023-07-14T00:00:00Z,-63.37,-48.28,13.0,6.0,,iceberg\AntarcticIcebergs_20230714.csv,csv
D30A,2023-07-14T00:00:00Z,-62.26,-56.47,39.0,11.0,,iceberg\AntarcticIcebergs_20230714.csv,csv
D30B,2023-07-14T00:00:00Z,-62.36,-51.93,15.0,5.0,,iceberg\AntarcticIcebergs_20230714.csv,csv
D31,2023-07-14T00:00:00Z,-63.19,-50.17,16.0,2.0,,iceberg\AntarcticIcebergs_20230714.csv,csv
D32,2023-07-14T00:00:00Z,-65.64,55.56,10.0,9.0,Calved from Amery Ice Shelf,iceberg\AntarcticIcebergs_20230714.csv,csv
A23A,2023-07-21T00:00:00Z,-67.81,-55.55,40.0,32.0,,iceberg\AntarcticIcebergs_20230721.csv,csv
A74A,2023-07-21T00:00:00Z,-74.8,-54.22,30.0,18.0,Calved from north Brunt,iceberg\AntarcticIcebergs_20230721.csv,csv
A74B,2023-07-21T00:00:00Z,-72.5,-53.73,8.0,4.0,Calved from A74,iceberg\AntarcticIcebergs_20230721.csv,csv
A76B,2023-07-21T00:00:00Z,-65.81,-60.07,20.0,7.0,,iceberg\AntarcticIcebergs_20230721.csv,csv
A76C,2023-07-21T00:00:00Z,-65.62,-60.19,16.0,7.0,,iceberg\AntarcticIcebergs_20230721.csv,csv
A78,2023-07-21T00:00:00Z,-64.48,-46.14,18.0,4.0,,iceberg\AntarcticIcebergs_20230721.csv,csv
A80A,2023-07-21T00:00:00Z,-67.36,-59.18,11.0,9.0,,iceberg\AntarcticIcebergs_20230721.csv,csv
A80D,2023-07-21T00:00:00Z,-67.52,-58.98,6.0,5.0,,iceberg\AntarcticIcebergs_20230721.csv,csv
B09B,2023-07-21T00:00:00Z,-66.17,143.42,27.0,10.0,Grounded,iceberg\AntarcticIcebergs_20230721.csv,csv
B09G,2023-07-21T00:00:00Z,-68.19,41.7,12.0,7.0,,iceberg\AntarcticIcebergs_20230721.csv,csv
B15AB,2023-07-21T00:00:00Z,-70.71,-10.71,11.0,4.0,Result of B15T calving,iceberg\AntarcticIcebergs_20230721.csv,csv
B22A,2023-07-21T00:00:00Z,-72.0,-114.9,44.0,24.0,,iceberg\AntarcticIcebergs_20230721.csv,csv
B29,2023-07-21T00:00:00Z,-73.73,-110.57,11.0,5.0,,iceberg\AntarcticIcebergs_20230721.csv,csv
B39,2023-07-21T00:00:00Z,-74.64,-52.51,8.0,4.0,,iceberg\AntarcticIcebergs_20230721.csv,csv
B45,2023-07-21T00:00:00Z,-72.93,-110.88,8.0,6.0,Calved from Crosson ice shelf,iceberg\AntarcticIcebergs_20230721.csv,csv
B46,2023-07-21T00:00:00Z,-66.83,-154.69,18.0,5.0,Calved from PIG,iceberg\AntarcticIcebergs_20230721.csv,csv
B47,2023-07-21T00:00:00Z,-73.89,-134.17,19.0,5.0,Calved from the Getz Ice Shelf,iceberg\AntarcticIcebergs_20230721.csv,csv
C15,2023-07-21T00:00:00Z,-65.94,143.2,14.0,10.0,,iceberg\AntarcticIcebergs_20230721.csv,csv
C18B,2023-07-21T00:00:00Z,-65.85,81.73,20.0,4.0,,iceberg\AntarcticIcebergs_20230721.csv,csv
C24,2023-07-21T00:00:00Z,-64.84,96.02,11.0,3.0,Fasted,iceberg\AntarcticIcebergs_20230721.csv,csv
C29,2023-07-21T00:00:00Z,-66.05,142.76,7.0,5.0,Grounded,iceberg\AntarcticIcebergs_20230721.csv,csv
C30,2023-07-21T00:00:00Z,-64.78,96.29,9.0,3.0,Fasted,iceberg\AntarcticIcebergs_20230721.csv,csv
C31,2023-07-21T00:00:00Z,-64.68,96.5,9.0,3.0,Fasted,iceberg\AntarcticIcebergs_20230721.csv,csv
C33,2023-07-21T00:00:00Z,-65.32,126.13,11.0,4.0,Calved off Nansen Ice Shelf,iceberg\AntarcticIcebergs_20230721.csv,csv
C35,2023-07-21T00:00:00Z,-66.25,143.0,8.0,5.0,Calved from Ninnis Ice Shelf,iceberg\AntarcticIcebergs_20230721.csv,csv
C36,2023-07-21T00:00:00Z,-67.92,147.48,23.0,16.0,Calved from Ninnis Ice Shelf,iceberg\AntarcticIcebergs_20230721.csv,csv
C38B,2023-07-21T00:00:00Z,-65.3,99.04,8.0,7.0,,iceberg\AntarcticIcebergs_20230721.csv,csv
C39,2023-07-21T00:00:00Z,-64.94,98.39,15.0,8.0,,iceberg\AntarcticIcebergs_20230721.csv,csv
D20A,2023-07-21T00:00:00Z,-68.13,-52.99,14.0,5.0,,iceberg\AntarcticIcebergs_20230721.csv,csv
D23,2023-07-21T00:00:00Z,-69.43,74.7,7.0,6.0,Fasted,iceberg\AntarcticIcebergs_20230721.csv,csv
D27,2023-07-21T00:00:00Z,-73.66,-37.11,8.0,5.0,,iceberg\AntarcticIcebergs_20230721.csv,csv
D28,2023-07-21T00:00:00Z,-61.81,-53.12,30.0,19.0,Calved from Amery Ice Shelf,iceberg\AntarcticIcebergs_20230721.csv,csv
D29A,2023-07-21T00:00:00Z,-62.97,-32.93,21.0,9.0,,iceberg\AntarcticIcebergs_20230721.csv,csv
D29B,2023-07-21T00:00:00Z,-62.0,-55.07,13.0,7.0,,iceberg\AntarcticIcebergs_20230721.csv,csv
D29C,2023-07-21T00:00:00Z,-63.37,-48.28,13.0,6.0,,iceberg\AntarcticIcebergs_20230721.csv,csv
D30A,2023-07-21T00:00:00Z,-62.26,-56.47,39.0,11.0,,iceberg\AntarcticIcebergs_20230721.csv,csv
D30B,2023-07-21T00:00:00Z,-62.36,-51.93,15.0,5.0,,iceberg\AntarcticIcebergs_20230721.csv,csv
D31,2023-07-21T00:00:00Z,-63.19,-50.17,16.0,2.0,,iceberg\AntarcticIcebergs_20230721.csv,csv
D32,2023-07-21T00:00:00Z,-65.64,55.56,10.0,9.0,Calved from Amery Ice Shelf,iceberg\AntarcticIcebergs_20230721.csv,csv
A23A,2023-08-18T00:00:00Z,-66.0,-54.0,40.0,32.0,,iceberg\AntarcticIcebergs_20230818.csv,csv
A74A,2023-08-18T00:00:00Z,-73.43,-55.68,30.0,18.0,Calved from north Brunt,iceberg\AntarcticIcebergs_20230818.csv,csv
A74B,2023-08-18T00:00:00Z,-70.59,-55.14,8.0,4.0,Calved from A74,iceberg\AntarcticIcebergs_20230818.csv,csv
A76B,2023-08-18T00:00:00Z,-65.57,-59.41,20.0,7.0,,iceberg\AntarcticIcebergs_20230818.csv,csv
A76C,2023-08-18T00:00:00Z,-65.59,-59.96,16.0,7.0,,iceberg\AntarcticIcebergs_20230818.csv,csv
A77,2023-08-18T00:00:00Z,-74.77,-54.72,27.0,4.0,Calved from Ekstrom Ice shelf,iceberg\AntarcticIcebergs_20230818.csv,csv
A78,2023-08-18T00:00:00Z,-63.35,-39.05,18.0,4.0,,iceberg\AntarcticIcebergs_20230818.csv,csv
A80A,2023-08-18T00:00:00Z,-66.47,-58.36,11.0,9.0,,iceberg\AntarcticIcebergs_20230818.csv,csv
A80D,2023-08-18T00:00:00Z,-66.63,-58.11,6.0,5.0,,iceberg\AntarcticIcebergs_20230818.csv,csv
B09B,2023-08-18T00:00:00Z,-66.17,143.43,27.0,10.0,Grounded,iceberg\AntarcticIcebergs_20230818.csv,csv
B09G,2023-08-18T00:00:00Z,-68.19,41.72,12.0,7.0,,iceberg\AntarcticIcebergs_20230818.csv,csv
B15AB,2023-08-18T00:00:00Z,-71.65,-12.49,11.0,4.0,Result of B15T calving,iceberg\AntarcticIcebergs_20230818.csv,csv
B22A,2023-08-18T00:00:00Z,-71.72,-112.4,44.0,24.0,,iceberg\AntarcticIcebergs_20230818.csv,csv
B29,2023-08-18T00:00:00Z,-73.73,-110.57,11.0,5.0,,iceberg\AntarcticIcebergs_20230818.csv,csv
B39,2023-08-18T00:00:00Z,-73.46,-54.55,8.0,4.0,,iceberg\AntarcticIcebergs_20230818.csv,csv
B45,2023-08-18T00:00:00Z,-72.81,-111.0,8.0,6.0,Calved from Crosson ice shelf,iceberg\AntarcticIcebergs_20230818.csv,csv
B46,2023-08-18T00:00:00Z,-65.61,-151.26,18.0,5.0,Calved from PIG,iceberg\AntarcticIcebergs_20230818.csv,csv
B47,2023-08-18T00:00:00Z,-73.84,-133.94,19.0,5.0,Calved from the Getz Ice Shelf,iceberg\AntarcticIcebergs_20230818.csv,csv
C15,2023-08-18T00:00:00Z,-65.93,143.18,14.0,10.0,,iceberg\AntarcticIcebergs_20230818.csv,csv
C18B,2023-08-18T00:00:00Z,-65.87,81.75,20.0,4.0,,iceberg\AntarcticIcebergs_20230818.csv,csv
C24,2023-08-18T00:00:00Z,-64.84,96.02,11.0,3.0,Fasted,iceberg\AntarcticIcebergs_20230818.csv,csv
C29,2023-08-18T00:00:00Z,-66.06,142.75,7.0,5.0,Grounded,iceberg\AntarcticIcebergs_20230818.csv,csv
C30,2023-08-18T00:00:00Z,-64.78,96.29,9.0,3.0,Fasted,iceberg\AntarcticIcebergs_20230818.csv,csv
C31,2023-08-18T00:00:00Z,-64.68,96.5,9.0,3.0,Fasted,iceberg\AntarcticIcebergs_20230818.csv,csv
C33,2023-08-18T00:00:00Z,-65.33,126.07,11.0,4.0,Calved off Nansen Ice Shelf,iceberg\AntarcticIcebergs_20230818.csv,csv
C35,2023-08-18T00:00:00Z,-66.27,142.98,8.0,5.0,Calved from Ninnis Ice Shelf,iceberg\AntarcticIcebergs_20230818.csv,csv
C36,2023-08-18T00:00:00Z,-67.92,147.48,23.0,16.0,Calved from Ninnis Ice Shelf,iceberg\AntarcticIcebergs_20230818.csv,csv
C38B,2023-08-18T00:00:00Z,-65.06,98.66,8.0,7.0,,iceberg\AntarcticIcebergs_20230818.csv,csv
C39,2023-08-18T00:00:00Z,-64.76,98.39,15.0,8.0,,iceberg\AntarcticIcebergs_20230818.csv,csv
D20A,2023-08-18T00:00:00Z,-66.38,-52.15,14.0,5.0,,iceberg\AntarcticIcebergs_20230818.csv,csv
D23,2023-08-18T00:00:00Z,-69.43,74.7,7.0,6.0,Fasted,iceberg\AntarcticIcebergs_20230818.csv,csv
D27,2023-08-18T00:00:00Z,-73.35,-41.84,8.0,5.0,,iceberg\AntarcticIcebergs_20230818.csv,csv
D28,2023-08-18T00:00:00Z,-61.16,-53.31,30.0,19.0,Calved from Amery Ice Shelf,iceberg\AntarcticIcebergs_20230818.csv,csv
D29A,2023-08-18T00:00:00Z,-61.35,-29.92,21.0,9.0,,iceberg\AntarcticIcebergs_20230818.csv,csv
D29B,2023-08-18T00:00:00Z,-60.9,-54.8,13.0,7.0,,iceberg\AntarcticIcebergs_20230818.csv,csv
D29C,2023-08-18T00:00:00Z,-62.02,-42.0,13.0,6.0,,iceberg\AntarcticIcebergs_20230818.csv,csv
D30A,2023-08-18T00:00:00Z,-61.94,-54.56,39.0,11.0,,iceberg\AntarcticIcebergs_20230818.csv,csv
D30B,2023-08-18T00:00:00Z,-61.14,-47.53,15.0,5.0,,iceberg\AntarcticIcebergs_20230818.csv,csv
D31,2023-08-18T00:00:00Z,-62.45,-45.9,16.0,2.0,,iceberg\AntarcticIcebergs_20230818.csv,csv
D32,2023-08-18T00:00:00Z,-65.64,55.56,10.0,9.0,Calved from Amery Ice Shelf,iceberg\AntarcticIcebergs_20230818.csv,csv
A23A,2023-08-25T00:00:00Z,-66.0,-54.0,40.0,32.0,,iceberg\AntarcticIcebergs_20230825.csv,csv
A74A,2023-08-25T00:00:00Z,-73.43,-55.68,30.0,18.0,Calved from north Brunt,iceberg\AntarcticIcebergs_20230825.csv,csv
A74B,2023-08-25T00:00:00Z,-70.59,-55.14,8.0,4.0,Calved from A74,iceberg\AntarcticIcebergs_20230825.csv,csv
A76B,2023-08-25T00:00:00Z,-65.57,-59.41,20.0,7.0,,iceberg\AntarcticIcebergs_20230825.csv,csv
A76C,2023-08-25T00:00:00Z,-65.59,-59.96,16.0,7.0,,iceberg\AntarcticIcebergs_20230825.csv,csv
A77,2023-08-25T00:00:00Z,-74.77,-54.72,27.0,4.0,Calved from Ekstrom Ice shelf,iceberg\AntarcticIcebergs_20230825.csv,csv
A78,2023-08-25T00:00:00Z,-63.35,-39.05,18.0,4.0,,iceberg\AntarcticIcebergs_20230825.csv,csv
A80A,2023-08-25T00:00:00Z,-66.47,-58.36,11.0,9.0,,iceberg\AntarcticIcebergs_20230825.csv,csv
A80D,2023-08-25T00:00:00Z,-66.63,-58.11,6.0,5.0,,iceberg\AntarcticIcebergs_20230825.csv,csv
B09B,2023-08-25T00:00:00Z,-66.17,143.43,27.0,10.0,Grounded,iceberg\AntarcticIcebergs_20230825.csv,csv
B09G,2023-08-25T00:00:00Z,-68.19,41.72,12.0,7.0,,iceberg\AntarcticIcebergs_20230825.csv,csv
B15AB,2023-08-25T00:00:00Z,-71.65,-12.49,11.0,4.0,Result of B15T calving,iceberg\AntarcticIcebergs_20230825.csv,csv
B22A,2023-08-25T00:00:00Z,-71.72,-112.4,44.0,24.0,,iceberg\AntarcticIcebergs_20230825.csv,csv
B29,2023-08-25T00:00:00Z,-73.73,-110.57,11.0,5.0,,iceberg\AntarcticIcebergs_20230825.csv,csv
B39,2023-08-25T00:00:00Z,-73.46,-54.55,8.0,4.0,,iceberg\AntarcticIcebergs_20230825.csv,csv
B45,2023-08-25T00:00:00Z,-72.81,-111.0,8.0,6.0,Calved from Crosson ice shelf,iceberg\AntarcticIcebergs_20230825.csv,csv
B46,2023-08-25T00:00:00Z,-65.61,-151.26,18.0,5.0,Calved from PIG,iceberg\AntarcticIcebergs_20230825.csv,csv
B47,2023-08-25T00:00:00Z,-73.84,-133.94,19.0,5.0,Calved from the Getz Ice Shelf,iceberg\AntarcticIcebergs_20230825.csv,csv
C15,2023-08-25T00:00:00Z,-65.93,143.18,14.0,10.0,,iceberg\AntarcticIcebergs_20230825.csv,csv
C18B,2023-08-25T00:00:00Z,-65.87,81.75,20.0,4.0,,iceberg\AntarcticIcebergs_20230825.csv,csv
C24,2023-08-25T00:00:00Z,-64.84,96.02,11.0,3.0,Fasted,iceberg\AntarcticIcebergs_20230825.csv,csv
C29,2023-08-25T00:00:00Z,-66.06,142.75,7.0,5.0,Grounded,iceberg\AntarcticIcebergs_20230825.csv,csv
C30,2023-08-25T00:00:00Z,-64.78,96.29,9.0,3.0,Fasted,iceberg\AntarcticIcebergs_20230825.csv,csv
C31,2023-08-25T00:00:00Z,-64.68,96.5,9.0,3.0,Fasted,iceberg\AntarcticIcebergs_20230825.csv,csv
C33,2023-08-25T00:00:00Z,-65.33,126.07,11.0,4.0,Calved off Nansen Ice Shelf,iceberg\AntarcticIcebergs_20230825.csv,csv
C35,2023-08-25T00:00:00Z,-66.27,142.98,8.0,5.0,Calved from Ninnis Ice Shelf,iceberg\AntarcticIcebergs_20230825.csv,csv
C36,2023-08-25T00:00:00Z,-67.92,147.48,23.0,16.0,Calved from Ninnis Ice Shelf,iceberg\AntarcticIcebergs_20230825.csv,csv
C38B,2023-08-25T00:00:00Z,-65.06,98.66,8.0,7.0,,iceberg\AntarcticIcebergs_20230825.csv,csv
C39,2023-08-25T00:00:00Z,-64.76,98.39,15.0,8.0,,iceberg\AntarcticIcebergs_20230825.csv,csv
D20A,2023-08-25T00:00:00Z,-66.38,-52.15,14.0,5.0,,iceberg\AntarcticIcebergs_20230825.csv,csv
D23,2023-08-25T00:00:00Z,-69.43,74.7,7.0,6.0,Fasted,iceberg\AntarcticIcebergs_20230825.csv,csv
D27,2023-08-25T00:00:00Z,-73.35,-41.84,8.0,5.0,,iceberg\AntarcticIcebergs_20230825.csv,csv
D28,2023-08-25T00:00:00Z,-61.16,-53.31,30.0,19.0,Calved from Amery Ice Shelf,iceberg\AntarcticIcebergs_20230825.csv,csv
D29A,2023-08-25T00:00:00Z,-61.35,-29.92,21.0,9.0,,iceberg\AntarcticIcebergs_20230825.csv,csv
D29B,2023-08-25T00:00:00Z,-60.9,-54.8,13.0,7.0,,iceberg\AntarcticIcebergs_20230825.csv,csv
D29C,2023-08-25T00:00:00Z,-62.02,-42.0,13.0,6.0,,iceberg\AntarcticIcebergs_20230825.csv,csv
D30A,2023-08-25T00:00:00Z,-61.94,-54.56,39.0,11.0,,iceberg\AntarcticIcebergs_20230825.csv,csv
D30B,2023-08-25T00:00:00Z,-61.14,-47.53,15.0,5.0,,iceberg\AntarcticIcebergs_20230825.csv,csv
D31,2023-08-25T00:00:00Z,-62.45,-45.9,16.0,2.0,,iceberg\AntarcticIcebergs_20230825.csv,csv
D32,2023-08-25T00:00:00Z,-65.64,55.56,10.0,9.0,Calved from Amery Ice Shelf,iceberg\AntarcticIcebergs_20230825.csv,csv
A23A,2023-09-01T00:00:00Z,-65.72,-53.48,40.0,32.0,,iceberg\AntarcticIcebergs_20230901.csv,csv
A74A,2023-09-01T00:00:00Z,-73.65,-56.16,30.0,18.0,Calved from north Brunt,iceberg\AntarcticIcebergs_20230901.csv,csv
A74B,2023-09-01T00:00:00Z,-70.76,-55.73,8.0,4.0,Calved from A74,iceberg\AntarcticIcebergs_20230901.csv,csv
A76B,2023-09-01T00:00:00Z,-65.38,-58.72,20.0,7.0,,iceberg\AntarcticIcebergs_20230901.csv,csv
A76C,2023-09-01T00:00:00Z,-65.41,-59.64,16.0,7.0,,iceberg\AntarcticIcebergs_20230901.csv,csv
A77,2023-09-01T00:00:00Z,-74.94,-56.04,27.0,4.0,Calved from Ekstrom Ice shelf,iceberg\AntarcticIcebergs_20230901.csv,csv
A78,2023-09-01T00:00:00Z,-63.79,-37.95,18.0,4.0,,iceberg\AntarcticIcebergs_20230901.csv,csv
A80A,2023-09-01T00:00:00Z,-66.43,-57.72,11.0,9.0,,iceberg\AntarcticIcebergs_20230901.csv,csv
A80D,2023-09-01T00:00:00Z,-66.6,-57.34,6.0,5.0,,iceberg\AntarcticIcebergs_20230901.csv,csv
B09B,2023-09-01T00:00:00Z,-66.17,143.43,27.0,10.0,Grounded,iceberg\AntarcticIcebergs_20230901.csv,csv
B09G,2023-09-01T00:00:00Z,-68.19,41.7,12.0,7.0,,iceberg\AntarcticIcebergs_20230901.csv,csv
B15AB,2023-09-01T00:00:00Z,-71.67,-12.51,11.0,4.0,Result of B15T calving,iceberg\AntarcticIcebergs_20230901.csv,csv
B22A,2023-09-01T00:00:00Z,-71.58,-112.42,44.0,24.0,,iceberg\AntarcticIcebergs_20230901.csv,csv
B29,2023-09-01T00:00:00Z,-73.73,-110.57,11.0,5.0,,iceberg\AntarcticIcebergs_20230901.csv,csv
B39,2023-09-01T00:00:00Z,-73.74,-54.98,8.0,4.0,,iceberg\AntarcticIcebergs_20230901.csv,csv
B45,2023-09-01T00:00:00Z,-72.49,-111.44,8.0,6.0,Calved from Crosson ice shelf,iceberg\AntarcticIcebergs_20230901.csv,csv
B46,2023-09-01T00:00:00Z,-65.21,-150.45,18.0,5.0,Calved from PIG,iceberg\AntarcticIcebergs_20230901.csv,csv
B47,2023-09-01T00:00:00Z,-73.88,-133.94,19.0,5.0,Calved from the Getz Ice Shelf,iceberg\AntarcticIcebergs_20230901.csv,csv
C15,2023-09-01T00:00:00Z,-65.93,143.18,14.0,10.0,,iceberg\AntarcticIcebergs_20230901.csv,csv
C18B,2023-09-01T00:00:00Z,-65.89,81.81,20.0,4.0,,iceberg\AntarcticIcebergs_20230901.csv,csv
C24,2023-09-01T00:00:00Z,-64.84,96.02,11.0,3.0,Fasted,iceberg\AntarcticIcebergs_20230901.csv,csv
C29,2023-09-01T00:00:00Z,-66.06,142.75,7.0,5.0,Grounded,iceberg\AntarcticIcebergs_20230901.csv,csv
C30,2023-09-01T00:00:00Z,-64.78,96.29,9.0,3.0,Fasted,iceberg\AntarcticIcebergs_20230901.csv,csv
C31,2023-09-01T00:00:00Z,-64.68,96.5,9.0,3.0,Fasted,iceberg\AntarcticIcebergs_20230901.csv,csv
C33,2023-09-01T00:00:00Z,-65.28,125.96,11.0,4.0,Calved off Nansen Ice Shelf,iceberg\AntarcticIcebergs_20230901.csv,csv
C35,2023-09-01T00:00:00Z,-66.27,142.99,8.0,5.0,Calved from Ninnis Ice Shelf,iceberg\AntarcticIcebergs_20230901.csv,csv
C36,2023-09-01T00:00:00Z,-67.92,147.48,23.0,16.0,Calved from Ninnis Ice Shelf,iceberg\AntarcticIcebergs_20230901.csv,csv
C38B,2023-09-01T00:00:00Z,-65.06,98.58,8.0,7.0,,iceberg\AntarcticIcebergs_20230901.csv,csv
C39,2023-09-01T00:00:00Z,-64.74,98.36,15.0,8.0,,iceberg\AntarcticIcebergs_20230901.csv,csv
D20A,2023-09-01T00:00:00Z,-66.38,-50.44,14.0,5.0,,iceberg\AntarcticIcebergs_20230901.csv,csv
D23,2023-09-01T00:00:00Z,-69.43,74.7,7.0,6.0,Fasted,iceberg\AntarcticIcebergs_20230901.csv,csv
D27,2023-09-01T00:00:00Z,-73.9,-41.87,8.0,5.0,,iceberg\AntarcticIcebergs_20230901.csv,csv
D28,2023-09-01T00:00:00Z,-60.45,-52.25,30.0,19.0,Calved from Amery Ice Shelf,iceberg\AntarcticIcebergs_20230901.csv,csv
D29A,2023-09-01T00:00:00Z,-61.34,-29.01,21.0,9.0,,iceberg\AntarcticIcebergs_20230901.csv,csv
D29B,2023-09-01T00:00:00Z,-60.0,-54.14,13.0,7.0,,iceberg\AntarcticIcebergs_20230901.csv,csv
D29C,2023-09-01T00:00:00Z,-61.7,-40.91,13.0,6.0,,iceberg\AntarcticIcebergs_20230901.csv,csv
D30A,2023-09-01T00:00:00Z,-61.59,-53.66,39.0,11.0,,iceberg\AntarcticIcebergs_20230901.csv,csv
D30B,2023-09-01T00:00:00Z,-61.66,-46.4,15.0,5.0,,iceberg\AntarcticIcebergs_20230901.csv,csv
D31,2023-09-01T00:00:00Z,-62.83,-44.34,16.0,2.0,,iceberg\AntarcticIcebergs_20230901.csv,csv
D32,2023-09-01T00:00:00Z,-65.64,55.56,10.0,9.0,Calved from Amery Ice Shelf,iceberg\AntarcticIcebergs_20230901.csv,csv
A23A,2023-09-08T00:00:00Z,-65.46,-53.63,40.0,32.0,,iceberg\AntarcticIcebergs_20230908.csv,csv
A74A,2023-09-08T00:00:00Z,-73.28,-56.06,30.0,18.0,Calved from north Brunt,iceberg\AntarcticIcebergs_20230908.csv,csv
A74B,2023-09-08T00:00:00Z,-70.33,-56.15,8.0,4.0,Calved from A74,iceberg\AntarcticIcebergs_20230908.csv,csv
A76B,2023-09-08T00:00:00Z,-65.32,-58.54,20.0,7.0,,iceberg\AntarcticIcebergs_20230908.csv,csv
A76C,2023-09-08T00:00:00Z,-65.41,-59.51,16.0,7.0,,iceberg\AntarcticIcebergs_20230908.csv,csv
A77,2023-09-08T00:00:00Z,-74.59,-56.06,27.0,4.0,Calved from Ekstrom Ice shelf,iceberg\AntarcticIcebergs_20230908.csv,csv
A78,2023-09-08T00:00:00Z,-63.57,-37.5,18.0,4.0,,iceberg\AntarcticIcebergs_20230908.csv,csv
A80A,2023-09-08T00:00:00Z,-66.31,-58.11,11.0,9.0,,iceberg\AntarcticIcebergs_20230908.csv,csv
A80D,2023-09-08T00:00:00Z,-66.19,-57.84,6.0,5.0,,iceberg\AntarcticIcebergs_20230908.csv,csv
B09B,2023-09-08T00:00:00Z,-66.17,143.43,27.0,10.0,Grounded,iceberg\AntarcticIcebergs_20230908.csv,csv
B09G,2023-09-08T00:00:00Z,-68.19,41.73,12.0,7.0,,iceberg\AntarcticIcebergs_20230908.csv,csv
B15AB,2023-09-08T00:00:00Z,-71.79,-13.46,11.0,4.0,Result of B15T calving,iceberg\AntarcticIcebergs_20230908.csv,csv
B22A,2023-09-08T00:00:00Z,-71.61,-112.35,44.0,24.0,,iceberg\AntarcticIcebergs_20230908.csv,csv
B29,2023-09-08T00:00:00Z,-73.7,-110.72,11.0,5.0,,iceberg\AntarcticIcebergs_20230908.csv,csv
B39,2023-09-08T00:00:00Z,-73.33,-55.13,8.0,4.0,,iceberg\AntarcticIcebergs_20230908.csv,csv
B45,2023-09-08T00:00:00Z,-72.31,-111.34,8.0,6.0,Calved from Crosson ice shelf,iceberg\AntarcticIcebergs_20230908.csv,csv
B46,2023-09-08T00:00:00Z,-65.18,-150.41,18.0,5.0,Calved from PIG,iceberg\AntarcticIcebergs_20230908.csv,csv
B47,2023-09-08T00:00:00Z,-73.99,-134.06,19.0,5.0,Calved from the Getz Ice Shelf,iceberg\AntarcticIcebergs_20230908.csv,csv
C15,2023-09-08T00:00:00Z,-65.93,143.18,14.0,10.0,,iceberg\AntarcticIcebergs_20230908.csv,csv
C18B,2023-09-08T00:00:00Z,-65.89,81.81,20.0,4.0,,iceberg\AntarcticIcebergs_20230908.csv,csv
C24,2023-09-08T00:00:00Z,-64.84,96.02,11.0,3.0,Fasted,iceberg\AntarcticIcebergs_20230908.csv,csv
C29,2023-09-08T00:00:00Z,-66.06,142.75,7.0,5.0,Grounded,iceberg\AntarcticIcebergs_20230908.csv,csv
C30,2023-09-08T00:00:00Z,-64.78,96.29,9.0,3.0,Fasted,iceberg\AntarcticIcebergs_20230908.csv,csv
C31,2023-09-08T00:00:00Z,-64.68,96.5,9.0,3.0,Fasted,iceberg\AntarcticIcebergs_20230908.csv,csv
C33,2023-09-08T00:00:00Z,-65.38,126.93,11.0,4.0,Calved off Nansen Ice Shelf,iceberg\AntarcticIcebergs_20230908.csv,csv
C35,2023-09-08T00:00:00Z,-66.27,142.99,8.0,5.0,Calved from Ninnis Ice Shelf,iceberg\AntarcticIcebergs_20230908.csv,csv
C36,2023-09-08T00:00:00Z,-67.91,147.46,23.0,16.0,Calved from Ninnis Ice Shelf,iceberg\AntarcticIcebergs_20230908.csv,csv
C38B,2023-09-08T00:00:00Z,-64.91,98.77,8.0,7.0,,iceberg\AntarcticIcebergs_20230908.csv,csv
C39,2023-09-08T00:00:00Z,-64.7,98.37,15.0,8.0,,iceberg\AntarcticIcebergs_20230908.csv,csv
D20A,2023-09-08T00:00:00Z,-66.05,-50.71,14.0,5.0,,iceberg\AntarcticIcebergs_20230908.csv,csv
D23,2023-09-08T00:00:00Z,-69.43,74.7,7.0,6.0,Fasted,iceberg\AntarcticIcebergs_20230908.csv,csv
D27,2023-09-08T00:00:00Z,-73.69,-42.41,8.0,5.0,,iceberg\AntarcticIcebergs_20230908.csv,csv
D28,2023-09-08T00:00:00Z,-60.06,-51.7,30.0,19.0,Calved from Amery Ice Shelf,iceberg\AntarcticIcebergs_20230908.csv,csv
D29A,2023-09-08T00:00:00Z,-61.29,-28.51,21.0,9.0,,iceberg\AntarcticIcebergs_20230908.csv,csv
D29B,2023-09-08T00:00:00Z,-59.68,-52.88,13.0,7.0,,iceberg\AntarcticIcebergs_20230908.csv,csv
D29C,2023-09-08T00:00:00Z,-61.48,-40.37,13.0,6.0,,iceberg\AntarcticIcebergs_20230908.csv,csv
D30A,2023-09-08T00:00:00Z,-61.36,-53.96,39.0,11.0,,iceberg\AntarcticIcebergs_20230908.csv,csv
D30B,2023-09-08T00:00:00Z,-61.69,-45.97,15.0,5.0,,iceberg\AntarcticIcebergs_20230908.csv,csv
D31,2023-09-08T00:00:00Z,-62.62,-43.58,16.0,2.0,,iceberg\AntarcticIcebergs_20230908.csv,csv
D32,2023-09-08T00:00:00Z,-65.64,55.56,10.0,9.0,Calved from Amery Ice Shelf,iceberg\AntarcticIcebergs_20230908.csv,csv
D33A,2023-09-08T00:00:00Z,-69.38,17.14,34.0,10.0,,iceberg\AntarcticIcebergs_20230908.csv,csv
D33B,2023-09-08T00:00:00Z,-69.64,18.3,21.0,12.0,,iceberg\AntarcticIcebergs_20230908.csv,csv
A23A,2023-09-15T00:00:00Z,-65.08,-53.7,40.0,32.0,,iceberg\AntarcticIcebergs_20230915.csv,csv
A74A,2023-09-15T00:00:00Z,-72.83,-55.8,30.0,18.0,Calved from north Brunt,iceberg\AntarcticIcebergs_20230915.csv,csv
A74B,2023-09-15T00:00:00Z,-69.94,-56.2,8.0,4.0,Calved from A74,iceberg\AntarcticIcebergs_20230915.csv,csv
A76B,2023-09-15T00:00:00Z,-65.3,-58.61,20.0,7.0,,iceberg\AntarcticIcebergs_20230915.csv,csv
A76C,2023-09-15T00:00:00Z,-65.4,-59.53,16.0,7.0,,iceberg\AntarcticIcebergs_20230915.csv,csv
A77,2023-09-15T00:00:00Z,-73.97,-55.57,27.0,4.0,Calved from Ekstrom Ice shelf,iceberg\AntarcticIcebergs_20230915.csv,csv
A78,2023-09-15T00:00:00Z,-63.03,-38.44,18.0,4.0,,iceberg\AntarcticIcebergs_20230915.csv,csv
A80A,2023-09-15T00:00:00Z,-66.2,-58.09,11.0,9.0,,iceberg\AntarcticIcebergs_20230915.csv,csv
A80D,2023-09-15T00:00:00Z,-66.27,-57.69,6.0,5.0,,iceberg\AntarcticIcebergs_20230915.csv,csv
B09B,2023-09-15T00:00:00Z,-66.17,143.43,27.0,10.0,Grounded,iceberg\AntarcticIcebergs_20230915.csv,csv
B09G,2023-09-15T00:00:00Z,-68.19,41.73,12.0,7.0,,iceberg\AntarcticIcebergs_20230915.csv,csv
B15AB,2023-09-15T00:00:00Z,-71.78,-13.55,11.0,4.0,Result of B15T calving,iceberg\AntarcticIcebergs_20230915.csv,csv
B22A,2023-09-15T00:00:00Z,-71.77,-113.41,44.0,24.0,,iceberg\AntarcticIcebergs_20230915.csv,csv
B29,2023-09-15T00:00:00Z,-73.73,-110.58,11.0,5.0,,iceberg\AntarcticIcebergs_20230915.csv,csv
B39,2023-09-15T00:00:00Z,-72.89,-54.9,8.0,4.0,,iceberg\AntarcticIcebergs_20230915.csv,csv
B45,2023-09-15T00:00:00Z,-72.75,-111.55,8.0,6.0,Calved from Crosson ice shelf,iceberg\AntarcticIcebergs_20230915.csv,csv
B46,2023-09-15T00:00:00Z,-65.29,-150.5,18.0,5.0,Calved from PIG,iceberg\AntarcticIcebergs_20230915.csv,csv
B47,2023-09-15T00:00:00Z,-74.08,-129.72,19.0,5.0,Calved from the Getz Ice Shelf,iceberg\AntarcticIcebergs_20230915.csv,csv
C15,2023-09-15T00:00:00Z,-65.93,143.18,14.0,10.0,,iceberg\AntarcticIcebergs_20230915.csv,csv
C18B,2023-09-15T00:00:00Z,-65.86,81.72,20.0,4.0,,iceberg\AntarcticIcebergs_20230915.csv,csv
C24,2023-09-15T00:00:00Z,-64.84,96.02,11.0,3.0,Fasted,iceberg\AntarcticIcebergs_20230915.csv,csv
C29,2023-09-15T00:00:00Z,-66.06,142.75,7.0,5.0,Grounded,iceberg\AntarcticIcebergs_20230915.csv,csv
C30,2023-09-15T00:00:00Z,-64.78,96.29,9.0,3.0,Fasted,iceberg\AntarcticIcebergs_20230915.csv,csv
C31,2023-09-15T00:00:00Z,-64.68,96.5,9.0,3.0,Fasted,iceberg\AntarcticIcebergs_20230915.csv,csv
C33,2023-09-15T00:00:00Z,-65.32,125.27,11.0,4.0,Calved off Nansen Ice Shelf,iceberg\AntarcticIcebergs_20230915.csv,csv
C35,2023-09-15T00:00:00Z,-66.27,142.99,8.0,5.0,Calved from Ninnis Ice Shelf,iceberg\AntarcticIcebergs_20230915.csv,csv
C36,2023-09-15T00:00:00Z,-67.91,147.46,23.0,16.0,Calved from Ninnis Ice Shelf,iceberg\AntarcticIcebergs_20230915.csv,csv
C38B,2023-09-15T00:00:00Z,-64.91,98.46,8.0,7.0,,iceberg\AntarcticIcebergs_20230915.csv,csv
C39,2023-09-15T00:00:00Z,-64.69,98.31,15.0,8.0,,iceberg\AntarcticIcebergs_20230915.csv,csv
D20A,2023-09-15T00:00:00Z,-65.54,-50.66,14.0,5.0,,iceberg\AntarcticIcebergs_20230915.csv,csv
D23,2023-09-15T00:00:00Z,-69.43,74.7,7.0,6.0,Fasted,iceberg\AntarcticIcebergs_20230915.csv,csv
D27,2023-09-15T00:00:00Z,-73.13,-42.62,8.0,5.0,,iceberg\AntarcticIcebergs_20230915.csv,csv
D28,2023-09-15T00:00:00Z,-59.34,-52.42,30.0,19.0,Calved from Amery Ice Shelf,iceberg\AntarcticIcebergs_20230915.csv,csv
D29A,2023-09-15T00:00:00Z,-60.34,-27.78,21.0,9.0,,iceberg\AntarcticIcebergs_20230915.csv,csv
D29B,2023-09-15T00:00:00Z,-59.58,-52.57,13.0,7.0,,iceberg\AntarcticIcebergs_20230915.csv,csv
D29C,2023-09-15T00:00:00Z,-61.08,-40.88,13.0,6.0,,iceberg\AntarcticIcebergs_20230915.csv,csv
D30A,2023-09-15T00:00:00Z,-60.88,-54.25,39.0,11.0,,iceberg\AntarcticIcebergs_20230915.csv,csv
D30B,2023-09-15T00:00:00Z,-61.27,-45.26,15.0,5.0,,iceberg\AntarcticIcebergs_20230915.csv,csv
D31,2023-09-15T00:00:00Z,-61.95,-42.52,16.0,2.0,,iceberg\AntarcticIcebergs_20230915.csv,csv
D32,2023-09-15T00:00:00Z,-65.64,55.56,10.0,9.0,Calved from Amery Ice Shelf,iceberg\AntarcticIcebergs_20230915.csv,csv
D33A,2023-09-15T00:00:00Z,-69.23,14.37,34.0,10.0,,iceberg\AntarcticIcebergs_20230915.csv,csv
D33B,2023-09-15T00:00:00Z,-69.45,16.6,21.0,12.0,,iceberg\AntarcticIcebergs_20230915.csv,csv
A23A,2023-09-22T00:00:00Z,-64.64,-53.96,40.0,32.0,,iceberg\AntarcticIcebergs_20230922.csv,csv
A74A,2023-09-22T00:00:00Z,-72.43,-55.67,30.0,18.0,Calved from north Brunt,iceberg\AntarcticIcebergs_20230922.csv,csv
A74B,2023-09-22T00:00:00Z,-69.58,-56.24,8.0,4.0,Calved from A74,iceberg\AntarcticIcebergs_20230922.csv,csv
A76B,2023-09-22T00:00:00Z,-65.29,-58.56,20.0,7.0,,iceberg\AntarcticIcebergs_20230922.csv,csv
A76C,2023-09-22T00:00:00Z,-65.4,-59.52,16.0,7.0,,iceberg\AntarcticIcebergs_20230922.csv,csv
A77,2023-09-22T00:00:00Z,-73.62,-55.73,27.0,4.0,Calved from Ekstrom Ice shelf,iceberg\AntarcticIcebergs_20230922.csv,csv
A78,2023-09-22T00:00:00Z,-62.97,-37.25,18.0,4.0,,iceberg\AntarcticIcebergs_20230922.csv,csv
A80A,2023-09-22T00:00:00Z,-66.06,-58.18,11.0,9.0,,iceberg\AntarcticIcebergs_20230922.csv,csv
A80D,2023-09-22T00:00:00Z,-66.13,-57.79,6.0,5.0,,iceberg\AntarcticIcebergs_20230922.csv,csv
B09B,2023-09-22T00:00:00Z,-66.17,143.43,27.0,10.0,Grounded,iceberg\AntarcticIcebergs_20230922.csv,csv
B09G,2023-09-22T00:00:00Z,-68.19,41.73,12.0,7.0,,iceberg\AntarcticIcebergs_20230922.csv,csv
B15AB,2023-09-22T00:00:00Z,-71.78,-13.55,11.0,4.0,Result of B15T calving,iceberg\AntarcticIcebergs_20230922.csv,csv
B22A,2023-09-22T00:00:00Z,-71.9,-113.17,44.0,24.0,,iceberg\AntarcticIcebergs_20230922.csv,csv
B29,2023-09-22T00:00:00Z,-73.74,-110.53,11.0,5.0,,iceberg\AntarcticIcebergs_20230922.csv,csv
B39,2023-09-22T00:00:00Z,-72.38,-54.8,8.0,4.0,,iceberg\AntarcticIcebergs_20230922.csv,csv
B45,2023-09-22T00:00:00Z,-72.71,-111.46,8.0,6.0,Calved from Crosson ice shelf,iceberg\AntarcticIcebergs_20230922.csv,csv
B46,2023-09-22T00:00:00Z,-65.41,-150.46,18.0,5.0,Calved from PIG,iceberg\AntarcticIcebergs_20230922.csv,csv
B47,2023-09-22T00:00:00Z,-74.22,-129.01,19.0,5.0,Calved from the Getz Ice Shelf,iceberg\AntarcticIcebergs_20230922.csv,csv
C15,2023-09-22T00:00:00Z,-65.93,143.18,14.0,10.0,,iceberg\AntarcticIcebergs_20230922.csv,csv
C18B,2023-09-22T00:00:00Z,-65.82,81.75,20.0,4.0,,iceberg\AntarcticIcebergs_20230922.csv,csv
C24,2023-09-22T00:00:00Z,-64.84,96.02,11.0,3.0,Fasted,iceberg\AntarcticIcebergs_20230922.csv,csv
C29,2023-09-22T00:00:00Z,-66.06,142.75,7.0,5.0,Grounded,iceberg\AntarcticIcebergs_20230922.csv,csv
C30,2023-09-22T00:00:00Z,-64.78,96.29,9.0,3.0,Fasted,iceberg\AntarcticIcebergs_20230922.csv,csv
C31,2023-09-22T00:00:00Z,-64.68,96.5,9.0,3.0,Fasted,iceberg\AntarcticIcebergs_20230922.csv,csv
C33,2023-09-22T00:00:00Z,-65.55,124.3,11.0,4.0,Calved off Nansen Ice Shelf,iceberg\AntarcticIcebergs_20230922.csv,csv
C35,2023-09-22T00:00:00Z,-66.27,142.99,8.0,5.0,Calved from Ninnis Ice Shelf,iceberg\AntarcticIcebergs_20230922.csv,csv
C36,2023-09-22T00:00:00Z,-67.91,147.46,23.0,16.0,Calved from Ninnis Ice Shelf,iceberg\AntarcticIcebergs_20230922.csv,csv
C38B,2023-09-22T00:00:00Z,-64.91,98.46,8.0,7.0,,iceberg\AntarcticIcebergs_20230922.csv,csv
C39,2023-09-22T00:00:00Z,-64.68,98.33,15.0,8.0,,iceberg\AntarcticIcebergs_20230922.csv,csv
D20A,2023-09-22T00:00:00Z,-65.06,-51.37,14.0,5.0,,iceberg\AntarcticIcebergs_20230922.csv,csv
D23,2023-09-22T00:00:00Z,-69.43,74.7,7.0,6.0,Fasted,iceberg\AntarcticIcebergs_20230922.csv,csv
D27,2023-09-22T00:00:00Z,-72.56,-43.16,8.0,5.0,,iceberg\AntarcticIcebergs_20230922.csv,csv
D28,2023-09-22T00:00:00Z,-59.01,-52.13,30.0,19.0,Calved from Amery Ice Shelf,iceberg\AntarcticIcebergs_20230922.csv,csv
D29A,2023-09-22T00:00:00Z,-60.19,-26.93,21.0,9.0,,iceberg\AntarcticIcebergs_20230922.csv,csv
D29B,2023-09-22T00:00:00Z,-58.86,-52.46,13.0,7.0,,iceberg\AntarcticIcebergs_20230922.csv,csv
D29C,2023-09-22T00:00:00Z,-60.76,-41.21,13.0,6.0,,iceberg\AntarcticIcebergs_20230922.csv,csv
D30A,2023-09-22T00:00:00Z,-60.29,-54.24,39.0,11.0,,iceberg\AntarcticIcebergs_20230922.csv,csv
D30B,2023-09-22T00:00:00Z,-61.5,-46.22,15.0,5.0,,iceberg\AntarcticIcebergs_20230922.csv,csv
D31,2023-09-22T00:00:00Z,-61.41,-42.88,16.0,2.0,,iceberg\AntarcticIcebergs_20230922.csv,csv
D32,2023-09-22T00:00:00Z,-65.64,55.56,10.0,9.0,Calved from Amery Ice Shelf,iceberg\AntarcticIcebergs_20230922.csv,csv
D33A,2023-09-22T00:00:00Z,-69.37,13.16,34.0,10.0,,iceberg\AntarcticIcebergs_20230922.csv,csv
D33B,2023-09-22T00:00:00Z,-69.22,15.51,21.0,12.0,,iceberg\AntarcticIcebergs_20230922.csv,csv
A23A,2023-09-30T00:00:00Z,-64.23,-53.67,40.0,32.0,,iceberg\AntarcticIcebergs_20230930.csv,csv
A74A,2023-09-30T00:00:00Z,-72.43,-55.75,30.0,18.0,Calved from north Brunt,iceberg\AntarcticIcebergs_20230930.csv,csv
A74B,2023-09-30T00:00:00Z,-69.52,-56.29,8.0,4.0,Calved from A74,iceberg\AntarcticIcebergs_20230930.csv,csv
A76B,2023-09-30T00:00:00Z,-65.31,-58.65,20.0,7.0,,iceberg\AntarcticIcebergs_20230930.csv,csv
A76C,2023-09-30T00:00:00Z,-65.41,-59.54,16.0,7.0,,iceberg\AntarcticIcebergs_20230930.csv,csv
A77,2023-09-30T00:00:00Z,-73.55,-55.77,27.0,4.0,Calved from Ekstrom Ice shelf,iceberg\AntarcticIcebergs_20230930.csv,csv
A78,2023-09-30T00:00:00Z,-62.5,-36.94,18.0,4.0,,iceberg\AntarcticIcebergs_20230930.csv,csv
A80A,2023-09-30T00:00:00Z,-66.02,-58.26,11.0,9.0,,iceberg\AntarcticIcebergs_20230930.csv,csv
A80D,2023-09-30T00:00:00Z,-66.1,-57.88,6.0,5.0,,iceberg\AntarcticIcebergs_20230930.csv,csv
B09B,2023-09-30T00:00:00Z,-66.17,143.43,27.0,10.0,Grounded,iceberg\AntarcticIcebergs_20230930.csv,csv
B09G,2023-09-30T00:00:00Z,-68.19,41.73,12.0,7.0,,iceberg\AntarcticIcebergs_20230930.csv,csv
B15AB,2023-09-30T00:00:00Z,-71.78,-13.55,11.0,4.0,Result of B15T calving,iceberg\AntarcticIcebergs_20230930.csv,csv
B22A,2023-09-30T00:00:00Z,-71.92,-112.27,44.0,24.0,,iceberg\AntarcticIcebergs_20230930.csv,csv
B29,2023-09-30T00:00:00Z,-73.76,-110.51,11.0,5.0,,iceberg\AntarcticIcebergs_20230930.csv,csv
B39,2023-09-30T00:00:00Z,-72.17,-54.18,8.0,4.0,,iceberg\AntarcticIcebergs_20230930.csv,csv
B45,2023-09-30T00:00:00Z,-72.68,-111.49,8.0,6.0,Calved from Crosson ice shelf,iceberg\AntarcticIcebergs_20230930.csv,csv
B46,2023-09-30T00:00:00Z,-65.17,-150.33,18.0,5.0,Calved from PIG,iceberg\AntarcticIcebergs_20230930.csv,csv
B47,2023-09-30T00:00:00Z,-73.88,-133.97,19.0,5.0,Calved from the Getz Ice Shelf,iceberg\AntarcticIcebergs_20230930.csv,csv
C15,2023-09-30T00:00:00Z,-65.93,143.18,14.0,10.0,,iceberg\AntarcticIcebergs_20230930.csv,csv
C18B,2023-09-30T00:00:00Z,-65.85,81.7,20.0,4.0,,iceberg\AntarcticIcebergs_20230930.csv,csv
C24,2023-09-30T00:00:00Z,-64.84,96.02,11.0,3.0,Fasted,iceberg\AntarcticIcebergs_20230930.csv,csv
C29,2023-09-30T00:00:00Z,-66.06,142.75,7.0,5.0,Grounded,iceberg\AntarcticIcebergs_20230930.csv,csv
C30,2023-09-30T00:00:00Z,-64.78,96.29,9.0,3.0,Fasted,iceberg\AntarcticIcebergs_20230930.csv,csv
C31,2023-09-30T00:00:00Z,-64.68,96.5,9.0,3.0,Fasted,iceberg\AntarcticIcebergs_20230930.csv,csv
C33,2023-09-30T00:00:00Z,-65.51,124.52,11.0,4.0,Calved off Nansen Ice Shelf,iceberg\AntarcticIcebergs_20230930.csv,csv
C35,2023-09-30T00:00:00Z,-66.27,142.99,8.0,5.0,Calved from Ninnis Ice Shelf,iceberg\AntarcticIcebergs_20230930.csv,csv
C36,2023-09-30T00:00:00Z,-67.91,147.46,23.0,16.0,Calved from Ninnis Ice Shelf,iceberg\AntarcticIcebergs_20230930.csv,csv
C38B,2023-09-30T00:00:00Z,-64.91,98.46,8.0,7.0,,iceberg\AntarcticIcebergs_20230930.csv,csv
C39,2023-09-30T00:00:00Z,-64.69,98.32,15.0,8.0,,iceberg\AntarcticIcebergs_20230930.csv,csv
D20A,2023-09-30T00:00:00Z,-64.79,-51.04,14.0,5.0,,iceberg\AntarcticIcebergs_20230930.csv,csv
D23,2023-09-30T00:00:00Z,-69.43,74.7,7.0,6.0,Fasted,iceberg\AntarcticIcebergs_20230930.csv,csv
D27,2023-09-30T00:00:00Z,-72.63,-44.02,8.0,5.0,,iceberg\AntarcticIcebergs_20230930.csv,csv
D28,2023-09-30T00:00:00Z,-58.15,-51.86,30.0,19.0,Calved from Amery Ice Shelf,iceberg\AntarcticIcebergs_20230930.csv,csv
D29A,2023-09-30T00:00:00Z,-59.69,-26.64,21.0,9.0,,iceberg\AntarcticIcebergs_20230930.csv,csv
D29B,2023-09-30T00:00:00Z,-59.48,-52.41,13.0,7.0,,iceberg\AntarcticIcebergs_20230930.csv,csv
D29C,2023-09-30T00:00:00Z,-60.67,-40.51,13.0,6.0,,iceberg\AntarcticIcebergs_20230930.csv,csv
D30A,2023-09-30T00:00:00Z,-59.09,-54.0,39.0,11.0,,iceberg\AntarcticIcebergs_20230930.csv,csv
D30B,2023-09-30T00:00:00Z,-60.99,-45.57,15.0,5.0,,iceberg\AntarcticIcebergs_20230930.csv,csv
D31,2023-09-30T00:00:00Z,-60.93,-42.58,16.0,2.0,,iceberg\AntarcticIcebergs_20230930.csv,csv
D32,2023-09-30T00:00:00Z,-65.62,55.56,10.0,9.0,Calved from Amery Ice Shelf,iceberg\AntarcticIcebergs_20230930.csv,csv
D33A,2023-09-30T00:00:00Z,-69.58,11.84,34.0,10.0,,iceberg\AntarcticIcebergs_20230930.csv,csv
D33B,2023-09-30T00:00:00Z,-69.3,13.66,21.0,12.0,,iceberg\AntarcticIcebergs_20230930.csv,csv
A23A,2023-11-03T00:00:00Z,-63.34,-51.68,40.0,32.0,,iceberg\AntarcticIcebergs_20231103.csv,csv
A74A,2023-11-03T00:00:00Z,-71.4,-55.73,30.0,18.0,Calved from north Brunt,iceberg\AntarcticIcebergs_20231103.csv,csv
A74B,2023-11-03T00:00:00Z,-68.64,-56.0,8.0,4.0,Calved from A74,iceberg\AntarcticIcebergs_20231103.csv,csv
A76B,2023-11-03T00:00:00Z,-65.26,-58.39,20.0,7.0,,iceberg\AntarcticIcebergs_20231103.csv,csv
A76C,2023-11-03T00:00:00Z,-65.41,-59.53,16.0,7.0,,iceberg\AntarcticIcebergs_20231103.csv,csv
A77,2023-11-03T00:00:00Z,-72.4,-55.44,27.0,4.0,Calved from Ekstrom Ice shelf,iceberg\AntarcticIcebergs_20231103.csv,csv
A78,2023-11-03T00:00:00Z,-61.46,-33.48,18.0,4.0,,iceberg\AntarcticIcebergs_20231103.csv,csv
A80A,2023-11-03T00:00:00Z,-65.59,-57.94,11.0,9.0,,iceberg\AntarcticIcebergs_20231103.csv,csv
A80D,2023-11-03T00:00:00Z,-65.52,-57.6,6.0,5.0,,iceberg\AntarcticIcebergs_20231103.csv,csv
B09B,2023-11-03T00:00:00Z,-66.17,143.43,27.0,10.0,Grounded,iceberg\AntarcticIcebergs_20231103.csv,csv
B09G,2023-11-03T00:00:00Z,-68.19,41.72,12.0,7.0,,iceberg\AntarcticIcebergs_20231103.csv,csv
B15AB,2023-11-03T00:00:00Z,-72.19,-15.91,11.0,4.0,Result of B15T calving,iceberg\AntarcticIcebergs_20231103.csv,csv
B22A,2023-11-03T00:00:00Z,-71.71,-113.51,44.0,24.0,,iceberg\AntarcticIcebergs_20231103.csv,csv
B29,2023-11-03T00:00:00Z,-73.74,-110.49,11.0,5.0,,iceberg\AntarcticIcebergs_20231103.csv,csv
B39,2023-11-03T00:00:00Z,-71.2,-55.02,8.0,4.0,,iceberg\AntarcticIcebergs_20231103.csv,csv
B45,2023-11-03T00:00:00Z,-72.64,-112.67,8.0,6.0,Calved from Crosson ice shelf,iceberg\AntarcticIcebergs_20231103.csv,csv
B46,2023-11-03T00:00:00Z,-64.64,-147.36,18.0,5.0,Calved from PIG,iceberg\AntarcticIcebergs_20231103.csv,csv
B47,2023-11-03T00:00:00Z,-73.89,-133.9,19.0,5.0,Calved from the Getz Ice Shelf,iceberg\AntarcticIcebergs_20231103.csv,csv
C15,2023-11-03T00:00:00Z,-65.93,143.18,14.0,10.0,,iceberg\AntarcticIcebergs_20231103.csv,csv
C18B,2023-11-03T00:00:00Z,-65.77,81.64,20.0,4.0,,iceberg\AntarcticIcebergs_20231103.csv,csv
C24,2023-11-03T00:00:00Z,-64.84,96.02,11.0,3.0,Fasted,iceberg\AntarcticIcebergs_20231103.csv,csv
C29,2023-11-03T00:00:00Z,-66.06,142.75,7.0,5.0,Grounded,iceberg\AntarcticIcebergs_20231103.csv,csv
C30,2023-11-03T00:00:00Z,-64.78,96.29,9.0,3.0,Fasted,iceberg\AntarcticIcebergs_20231103.csv,csv
C31,2023-11-03T00:00:00Z,-64.68,96.5,9.0,3.0,Fasted,iceberg\AntarcticIcebergs_20231103.csv,csv
C33,2023-11-03T00:00:00Z,-65.41,124.35,11.0,4.0,Calved off Nansen Ice Shelf,iceberg\AntarcticIcebergs_20231103.csv,csv
C35,2023-11-03T00:00:00Z,-66.27,142.99,8.0,5.0,Calved from Ninnis Ice Shelf,iceberg\AntarcticIcebergs_20231103.csv,csv
C36,2023-11-03T00:00:00Z,-67.91,147.46,23.0,16.0,Calved from Ninnis Ice Shelf,iceberg\AntarcticIcebergs_20231103.csv,csv
C38B,2023-11-03T00:00:00Z,-64.9,98.45,8.0,7.0,,iceberg\AntarcticIcebergs_20231103.csv,csv
C39,2023-11-03T00:00:00Z,-64.66,98.3,15.0,8.0,,iceberg\AntarcticIcebergs_20231103.csv,csv
D20A,2023-11-03T00:00:00Z,-62.95,-49.81,14.0,5.0,,iceberg\AntarcticIcebergs_20231103.csv,csv
D23,2023-11-03T00:00:00Z,-69.43,74.71,7.0,6.0,Fasted,iceberg\AntarcticIcebergs_20231103.csv,csv
D27,2023-11-03T00:00:00Z,-70.81,-46.29,8.0,5.0,,iceberg\AntarcticIcebergs_20231103.csv,csv
D28,2023-11-03T00:00:00Z,-55.6,-41.05,30.0,19.0,Calved from Amery Ice Shelf,iceberg\AntarcticIcebergs_20231103.csv,csv
D29A,2023-11-03T00:00:00Z,-58.75,-25.39,21.0,9.0,,iceberg\AntarcticIcebergs_20231103.csv,csv
D29B,2023-11-03T00:00:00Z,-56.25,-42.17,13.0,7.0,,iceberg\AntarcticIcebergs_20231103.csv,csv
D29C,2023-11-03T00:00:00Z,-61.02,-36.58,13.0,6.0,,iceberg\AntarcticIcebergs_20231103.csv,csv
D30A,2023-11-03T00:00:00Z,-57.96,-47.18,39.0,11.0,,iceberg\AntarcticIcebergs_20231103.csv,csv
D30B,2023-11-03T00:00:00Z,-60.88,-44.99,15.0,5.0,,iceberg\AntarcticIcebergs_20231103.csv,csv
D31,2023-11-03T00:00:00Z,-60.44,-37.55,16.0,2.0,,iceberg\AntarcticIcebergs_20231103.csv,csv
D32,2023-11-03T00:00:00Z,-65.59,55.53,10.0,9.0,Calved from Amery Ice Shelf,iceberg\AntarcticIcebergs_20231103.csv,csv
D33A,2023-11-03T00:00:00Z,-69.69,9.03,34.0,10.0,,iceberg\AntarcticIcebergs_20231103.csv,csv
D33B,2023-11-03T00:00:00Z,-69.56,11.38,21.0,12.0,,iceberg\AntarcticIcebergs_20231103.csv,csv
A23A,2023-11-09T00:00:00Z,-63.13,-51.67,40.0,32.0,,iceberg\AntarcticIcebergs_20231109.csv,csv
A74A,2023-11-09T00:00:00Z,-71.51,-55.01,30.0,18.0,Calved from north Brunt,iceberg\AntarcticIcebergs_20231109.csv,csv
A74B,2023-11-09T00:00:00Z,-68.55,-54.75,8.0,4.0,Calved from A74,iceberg\AntarcticIcebergs_20231109.csv,csv
A76B,2023-11-09T00:00:00Z,-65.31,-58.29,20.0,7.0,,iceberg\AntarcticIcebergs_20231109.csv,csv
A76C,2023-11-09T00:00:00Z,-65.44,-59.46,16.0,7.0,,iceberg\AntarcticIcebergs_20231109.csv,csv
A77,2023-11-09T00:00:00Z,-72.54,-54.62,27.0,4.0,Calved from Ekstrom Ice shelf,iceberg\AntarcticIcebergs_20231109.csv,csv
A78,2023-11-09T00:00:00Z,-60.95,-32.94,18.0,4.0,,iceberg\AntarcticIcebergs_20231109.csv,csv
A80A,2023-11-09T00:00:00Z,-65.66,-57.48,11.0,9.0,,iceberg\AntarcticIcebergs_20231109.csv,csv
A80D,2023-11-09T00:00:00Z,-65.61,-56.98,6.0,5.0,,iceberg\AntarcticIcebergs_20231109.csv,csv
B09B,2023-11-09T00:00:00Z,-66.17,143.43,27.0,10.0,Grounded,iceberg\AntarcticIcebergs_20231109.csv,csv
B09G,2023-11-09T00:00:00Z,-68.19,41.72,12.0,7.0,,iceberg\AntarcticIcebergs_20231109.csv,csv
B15AB,2023-11-09T00:00:00Z,-72.19,-15.91,11.0,4.0,Result of B15T calving,iceberg\AntarcticIcebergs_20231109.csv,csv
B22A,2023-11-09T00:00:00Z,-71.71,-113.54,44.0,24.0,,iceberg\AntarcticIcebergs_20231109.csv,csv
B29,2023-11-09T00:00:00Z,-73.75,-110.39,11.0,5.0,,iceberg\AntarcticIcebergs_20231109.csv,csv
B39,2023-11-09T00:00:00Z,-71.09,-54.73,8.0,4.0,,iceberg\AntarcticIcebergs_20231109.csv,csv
B45,2023-11-09T00:00:00Z,-72.49,-113.12,8.0,6.0,Calved from Crosson ice shelf,iceberg\AntarcticIcebergs_20231109.csv,csv
B46,2023-11-09T00:00:00Z,-64.29,-146.28,18.0,5.0,Calved from PIG,iceberg\AntarcticIcebergs_20231109.csv,csv
B47,2023-11-09T00:00:00Z,-73.74,-132.26,19.0,5.0,Calved from the Getz Ice Shelf,iceberg\AntarcticIcebergs_20231109.csv,csv
C15,2023-11-09T00:00:00Z,-65.93,143.18,14.0,10.0,,iceberg\AntarcticIcebergs_20231109.csv,csv
C18B,2023-11-09T00:00:00Z,-65.77,81.64,20.0,4.0,,iceberg\AntarcticIcebergs_20231109.csv,csv
C24,2023-11-09T00:00:00Z,-64.84,96.02,11.0,3.0,Fasted,iceberg\AntarcticIcebergs_20231109.csv,csv
C29,2023-11-09T00:00:00Z,-66.06,142.75,7.0,5.0,Grounded,iceberg\AntarcticIcebergs_20231109.csv,csv
C30,2023-11-09T00:00:00Z,-64.78,96.29,9.0,3.0,Fasted,iceberg\AntarcticIcebergs_20231109.csv,csv
C31,2023-11-09T00:00:00Z,-64.68,96.5,9.0,3.0,Fasted,iceberg\AntarcticIcebergs_20231109.csv,csv
C33,2023-11-09T00:00:00Z,-65.24,125.01,11.0,4.0,Calved off Nansen Ice Shelf,iceberg\AntarcticIcebergs_20231109.csv,csv
C35,2023-11-09T00:00:00Z,-66.27,142.99,8.0,5.0,Calved from Ninnis Ice Shelf,iceberg\AntarcticIcebergs_20231109.csv,csv
C36,2023-11-09T00:00:00Z,-67.91,147.46,23.0,16.0,Calved from Ninnis Ice Shelf,iceberg\AntarcticIcebergs_20231109.csv,csv
C38B,2023-11-09T00:00:00Z,-64.9,98.45,8.0,7.0,,iceberg\AntarcticIcebergs_20231109.csv,csv
C39,2023-11-09T00:00:00Z,-64.66,98.3,15.0,8.0,,iceberg\AntarcticIcebergs_20231109.csv,csv
D20A,2023-11-09T00:00:00Z,-62.7,-50.5,14.0,5.0,,iceberg\AntarcticIcebergs_20231109.csv,csv
D23,2023-11-09T00:00:00Z,-69.43,74.7,7.0,6.0,Fasted,iceberg\AntarcticIcebergs_20231109.csv,csv
D27,2023-11-09T00:00:00Z,-71.17,-45.56,8.0,5.0,,iceberg\AntarcticIcebergs_20231109.csv,csv
D28,2023-11-09T00:00:00Z,-55.1,-38.91,30.0,19.0,Calved from Amery Ice Shelf,iceberg\AntarcticIcebergs_20231109.csv,csv
D29A,2023-11-09T00:00:00Z,-58.67,-25.67,21.0,9.0,,iceberg\AntarcticIcebergs_20231109.csv,csv
D29B,2023-11-09T00:00:00Z,-55.94,-41.15,13.0,7.0,,iceberg\AntarcticIcebergs_20231109.csv,csv
D29C,2023-11-09T00:00:00Z,-60.77,-35.82,13.0,6.0,,iceberg\AntarcticIcebergs_20231109.csv,csv
D30A,2023-11-09T00:00:00Z,-57.29,-47.31,39.0,11.0,,iceberg\AntarcticIcebergs_20231109.csv,csv
D30B,2023-11-09T00:00:00Z,-60.88,-44.99,15.0,5.0,,iceberg\AntarcticIcebergs_20231109.csv,csv
D31,2023-11-09T00:00:00Z,-60.35,-37.54,16.0,2.0,,iceberg\AntarcticIcebergs_20231109.csv,csv
D32,2023-11-09T00:00:00Z,-65.59,55.53,10.0,9.0,Calved from Amery Ice Shelf,iceberg\AntarcticIcebergs_20231109.csv,csv
D33A,2023-11-09T00:00:00Z,-69.67,7.25,34.0,10.0,,iceberg\AntarcticIcebergs_20231109.csv,csv
D33B,2023-11-09T00:00:00Z,-69.55,11.01,21.0,12.0,,iceberg\AntarcticIcebergs_20231109.csv,csv
A23A,2023-11-17T00:00:00Z,-62.96,-51.89,40.0,32.0,,iceberg\AntarcticIcebergs_20231117.csv,csv
A74A,2023-11-17T00:00:00Z,-71.57,-54.85,30.0,18.0,Calved from north Brunt,iceberg\AntarcticIcebergs_20231117.csv,csv
A74B,2023-11-17T00:00:00Z,-68.36,-54.26,8.0,4.0,Calved from A74,iceberg\AntarcticIcebergs_20231117.csv,csv
A76B,2023-11-17T00:00:00Z,-65.35,-57.99,20.0,7.0,,iceberg\AntarcticIcebergs_20231117.csv,csv
A76C,2023-11-17T00:00:00Z,-65.43,-59.27,16.0,7.0,,iceberg\AntarcticIcebergs_20231117.csv,csv
A77,2023-11-17T00:00:00Z,-72.69,-54.52,27.0,4.0,Calved from Ekstrom Ice shelf,iceberg\AntarcticIcebergs_20231117.csv,csv
A78,2023-11-17T00:00:00Z,-61.02,-32.31,18.0,4.0,,iceberg\AntarcticIcebergs_20231117.csv,csv
A80A,2023-11-17T00:00:00Z,-65.66,-57.48,11.0,9.0,,iceberg\AntarcticIcebergs_20231117.csv,csv
A80D,2023-11-17T00:00:00Z,-65.61,-56.98,6.0,5.0,,iceberg\AntarcticIcebergs_20231117.csv,csv
B09B,2023-11-17T00:00:00Z,-66.17,143.43,27.0,10.0,Grounded,iceberg\AntarcticIcebergs_20231117.csv,csv
B09G,2023-11-17T00:00:00Z,-68.19,41.72,12.0,7.0,,iceberg\AntarcticIcebergs_20231117.csv,csv
B15AB,2023-11-17T00:00:00Z,-72.19,-15.89,11.0,4.0,Result of B15T calving,iceberg\AntarcticIcebergs_20231117.csv,csv
B22A,2023-11-17T00:00:00Z,-71.62,-113.6,44.0,24.0,,iceberg\AntarcticIcebergs_20231117.csv,csv
B29,2023-11-17T00:00:00Z,-73.75,-110.39,11.0,5.0,,iceberg\AntarcticIcebergs_20231117.csv,csv
B39,2023-11-17T00:00:00Z,-70.98,-54.76,8.0,4.0,,iceberg\AntarcticIcebergs_20231117.csv,csv
B45,2023-11-17T00:00:00Z,-72.28,-113.07,8.0,6.0,Calved from Crosson ice shelf,iceberg\AntarcticIcebergs_20231117.csv,csv
B46,2023-11-17T00:00:00Z,-64.11,-145.58,18.0,5.0,Calved from PIG,iceberg\AntarcticIcebergs_20231117.csv,csv
B47,2023-11-17T00:00:00Z,-73.52,-131.68,19.0,5.0,Calved from the Getz Ice Shelf,iceberg\AntarcticIcebergs_20231117.csv,csv
C15,2023-11-17T00:00:00Z,-65.93,143.18,14.0,10.0,,iceberg\AntarcticIcebergs_20231117.csv,csv
C18B,2023-11-17T00:00:00Z,-65.77,81.64,20.0,4.0,,iceberg\AntarcticIcebergs_20231117.csv,csv
C24,2023-11-17T00:00:00Z,-64.84,96.02,11.0,3.0,Fasted,iceberg\AntarcticIcebergs_20231117.csv,csv
C29,2023-11-17T00:00:00Z,-66.06,142.75,7.0,5.0,Grounded,iceberg\AntarcticIcebergs_20231117.csv,csv
C30,2023-11-17T00:00:00Z,-64.78,96.29,9.0,3.0,Fasted,iceberg\AntarcticIcebergs_20231117.csv,csv
C31,2023-11-17T00:00:00Z,-64.68,96.5,9.0,3.0,Fasted,iceberg\AntarcticIcebergs_20231117.csv,csv
C33,2023-11-17T00:00:00Z,-65.33,124.55,11.0,4.0,Calved off Nansen Ice Shelf,iceberg\AntarcticIcebergs_20231117.csv,csv
C35,2023-11-17T00:00:00Z,-66.27,142.99,8.0,5.0,Calved from Ninnis Ice Shelf,iceberg\AntarcticIcebergs_20231117.csv,csv
C36,2023-11-17T00:00:00Z,-67.91,147.46,23.0,16.0,Calved from Ninnis Ice Shelf,iceberg\AntarcticIcebergs_20231117.csv,csv
C38B,2023-11-17T00:00:00Z,-64.88,98.44,8.0,7.0,,iceberg\AntarcticIcebergs_20231117.csv,csv
C39,2023-11-17T00:00:00Z,-64.64,98.33,15.0,8.0,,iceberg\AntarcticIcebergs_20231117.csv,csv
D20A,2023-11-17T00:00:00Z,-62.46,-50.37,14.0,5.0,,iceberg\AntarcticIcebergs_20231117.csv,csv
D23,2023-11-17T00:00:00Z,-69.43,74.7,7.0,6.0,Fasted,iceberg\AntarcticIcebergs_20231117.csv,csv
D27,2023-11-17T00:00:00Z,-71.27,-44.83,8.0,5.0,,iceberg\AntarcticIcebergs_20231117.csv,csv
D28,2023-11-17T00:00:00Z,-55.79,-36.51,30.0,19.0,Calved from Amery Ice Shelf,iceberg\AntarcticIcebergs_20231117.csv,csv
D29A,2023-11-17T00:00:00Z,-58.61,-25.77,21.0,9.0,,iceberg\AntarcticIcebergs_20231117.csv,csv
D29B,2023-11-17T00:00:00Z,-56.29,-41.83,13.0,7.0,,iceberg\AntarcticIcebergs_20231117.csv,csv
D29C,2023-11-17T00:00:00Z,-60.55,-35.72,13.0,6.0,,iceberg\AntarcticIcebergs_20231117.csv,csv
D30A,2023-11-17T00:00:00Z,-57.84,-46.19,39.0,11.0,,iceberg\AntarcticIcebergs_20231117.csv,csv
D30B,2023-11-17T00:00:00Z,-60.88,-44.99,15.0,5.0,,iceberg\AntarcticIcebergs_20231117.csv,csv
D31,2023-11-17T00:00:00Z,-60.47,-37.74,16.0,2.0,,iceberg\AntarcticIcebergs_20231117.csv,csv
D32,2023-11-17T00:00:00Z,-65.57,55.49,10.0,9.0,Calved from Amery Ice Shelf,iceberg\AntarcticIcebergs_20231117.csv,csv
D33A,2023-11-17T00:00:00Z,-69.48,6.51,34.0,10.0,,iceberg\AntarcticIcebergs_20231117.csv,csv
D33B,2023-11-17T00:00:00Z,-69.49,11.07,21.0,12.0,,iceberg\AntarcticIcebergs_20231117.csv,csv
A23A,2023-11-24T00:00:00Z,-62.82,-52.44,40.0,32.0,,iceberg\AntarcticIcebergs_20231124.csv,csv
A74A,2023-11-24T00:00:00Z,-71.61,-54.63,30.0,18.0,Calved from north Brunt,iceberg\AntarcticIcebergs_20231124.csv,csv
A74B,2023-11-24T00:00:00Z,-68.22,-54.56,8.0,4.0,Calved from A74,iceberg\AntarcticIcebergs_20231124.csv,csv
A76B,2023-11-24T00:00:00Z,-65.29,-57.79,20.0,7.0,,iceberg\AntarcticIcebergs_20231124.csv,csv
A76C,2023-11-24T00:00:00Z,-65.38,-58.92,16.0,7.0,,iceberg\AntarcticIcebergs_20231124.csv,csv
A77,2023-11-24T00:00:00Z,-72.51,-54.61,27.0,4.0,Calved from Ekstrom Ice shelf,iceberg\AntarcticIcebergs_20231124.csv,csv
A78,2023-11-24T00:00:00Z,-60.88,-31.36,18.0,4.0,,iceberg\AntarcticIcebergs_20231124.csv,csv
A80A,2023-11-24T00:00:00Z,-65.7,-56.95,11.0,9.0,,iceberg\AntarcticIcebergs_20231124.csv,csv
A80D,2023-11-24T00:00:00Z,-65.59,-56.73,6.0,5.0,,iceberg\AntarcticIcebergs_20231124.csv,csv
B09B,2023-11-24T00:00:00Z,-66.17,143.43,27.0,10.0,Grounded,iceberg\AntarcticIcebergs_20231124.csv,csv
B09G,2023-11-24T00:00:00Z,-68.19,41.72,12.0,7.0,,iceberg\AntarcticIcebergs_20231124.csv,csv
B15AB,2023-11-24T00:00:00Z,-72.19,-15.89,11.0,4.0,Result of B15T calving,iceberg\AntarcticIcebergs_20231124.csv,csv
B22A,2023-11-24T00:00:00Z,-71.59,-113.76,44.0,24.0,,iceberg\AntarcticIcebergs_20231124.csv,csv
B29,2023-11-24T00:00:00Z,-73.56,-109.78,11.0,5.0,,iceberg\AntarcticIcebergs_20231124.csv,csv
B39,2023-11-24T00:00:00Z,-70.88,-54.98,8.0,4.0,,iceberg\AntarcticIcebergs_20231124.csv,csv
B45,2023-11-24T00:00:00Z,-72.28,-112.88,8.0,6.0,Calved from Crosson ice shelf,iceberg\AntarcticIcebergs_20231124.csv,csv
B46,2023-11-24T00:00:00Z,-63.93,-145.42,18.0,5.0,Calved from PIG,iceberg\AntarcticIcebergs_20231124.csv,csv
B47,2023-11-24T00:00:00Z,-72.87,-124.87,19.0,5.0,Calved from the Getz Ice Shelf,iceberg\AntarcticIcebergs_20231124.csv,csv
C15,2023-11-24T00:00:00Z,-65.93,143.18,14.0,10.0,,iceberg\AntarcticIcebergs_20231124.csv,csv
C18B,2023-11-24T00:00:00Z,-65.78,81.61,20.0,4.0,,iceberg\AntarcticIcebergs_20231124.csv,csv
C24,2023-11-24T00:00:00Z,-64.84,96.02,11.0,3.0,Fasted,iceberg\AntarcticIcebergs_20231124.csv,csv
C29,2023-11-24T00:00:00Z,-66.06,142.75,7.0,5.0,Grounded,iceberg\AntarcticIcebergs_20231124.csv,csv
C30,2023-11-24T00:00:00Z,-64.78,96.29,9.0,3.0,Fasted,iceberg\AntarcticIcebergs_20231124.csv,csv
C31,2023-11-24T00:00:00Z,-64.68,96.5,9.0,3.0,Fasted,iceberg\AntarcticIcebergs_20231124.csv,csv
C33,2023-11-24T00:00:00Z,-65.58,123.99,11.0,4.0,Calved off Nansen Ice Shelf,iceberg\AntarcticIcebergs_20231124.csv,csv
C35,2023-11-24T00:00:00Z,-66.27,142.99,8.0,5.0,Calved from Ninnis Ice Shelf,iceberg\AntarcticIcebergs_20231124.csv,csv
C36,2023-11-24T00:00:00Z,-67.91,147.46,23.0,16.0,Calved from Ninnis Ice Shelf,iceberg\AntarcticIcebergs_20231124.csv,csv
C38B,2023-11-24T00:00:00Z,-64.91,98.45,8.0,7.0,,iceberg\AntarcticIcebergs_20231124.csv,csv
C39,2023-11-24T00:00:00Z,-64.66,98.32,15.0,8.0,,iceberg\AntarcticIcebergs_20231124.csv,csv
D20A,2023-11-24T00:00:00Z,-62.24,-50.3,14.0,5.0,,iceberg\AntarcticIcebergs_20231124.csv,csv
D23,2023-11-24T00:00:00Z,-69.43,74.7,7.0,6.0,Fasted,iceberg\AntarcticIcebergs_20231124.csv,csv
D27,2023-11-24T00:00:00Z,-71.1,-44.85,8.0,5.0,,iceberg\AntarcticIcebergs_20231124.csv,csv
D28,2023-11-24T00:00:00Z,-55.85,-35.31,30.0,19.0,Calved from Amery Ice Shelf,iceberg\AntarcticIcebergs_20231124.csv,csv
D29A,2023-11-24T00:00:00Z,-58.72,-25.59,21.0,9.0,,iceberg\AntarcticIcebergs_20231124.csv,csv
D29B,2023-11-24T00:00:00Z,-57.27,-42.21,13.0,7.0,,iceberg\AntarcticIcebergs_20231124.csv,csv
D29C,2023-11-24T00:00:00Z,-60.42,-35.22,13.0,6.0,,iceberg\AntarcticIcebergs_20231124.csv,csv
D30A,2023-11-24T00:00:00Z,-56.82,-44.15,39.0,11.0,,iceberg\AntarcticIcebergs_20231124.csv,csv
D30B,2023-11-24T00:00:00Z,-60.88,-44.99,15.0,5.0,,iceberg\AntarcticIcebergs_20231124.csv,csv
D31,2023-11-24T00:00:00Z,-60.45,-37.82,16.0,2.0,,iceberg\AntarcticIcebergs_20231124.csv,csv
D32,2023-11-24T00:00:00Z,-65.48,55.13,10.0,9.0,Calved from Amery Ice Shelf,iceberg\AntarcticIcebergs_20231124.csv,csv
D33A,2023-11-24T00:00:00Z,-69.66,5.51,34.0,10.0,,iceberg\AntarcticIcebergs_20231124.csv,csv
D33B,2023-11-24T00:00:00Z,-69.41,11.02,21.0,12.0,,iceberg\AntarcticIcebergs_20231124.csv,csv
A23A,2023-12-08T00:00:00Z,-62.39,-53.05,40.0,32.0,,iceberg\AntarcticIcebergs_20231208.csv,csv
A74A,2023-12-08T00:00:00Z,-72.11,-54.32,30.0,18.0,Calved from north Brunt,iceberg\AntarcticIcebergs_20231208.csv,csv
A74B,2023-12-08T00:00:00Z,-67.94,-55.36,8.0,4.0,Calved from A74,iceberg\AntarcticIcebergs_20231208.csv,csv
A76B,2023-12-08T00:00:00Z,-65.12,-56.98,20.0,7.0,,iceberg\AntarcticIcebergs_20231208.csv,csv
A76C,2023-12-08T00:00:00Z,-65.18,-57.76,16.0,7.0,,iceberg\AntarcticIcebergs_20231208.csv,csv
A77,2023-12-08T00:00:00Z,-72.6,-55.69,27.0,4.0,Calved from Ekstrom Ice shelf,iceberg\AntarcticIcebergs_20231208.csv,csv
A78,2023-12-08T00:00:00Z,-60.74,-31.07,18.0,4.0,,iceberg\AntarcticIcebergs_20231208.csv,csv
A80A,2023-12-08T00:00:00Z,-65.41,-57.34,11.0,9.0,,iceberg\AntarcticIcebergs_20231208.csv,csv
A80D,2023-12-08T00:00:00Z,-65.2,-56.64,6.0,5.0,,iceberg\AntarcticIcebergs_20231208.csv,csv
B09B,2023-12-08T00:00:00Z,-66.17,143.43,27.0,10.0,Grounded,iceberg\AntarcticIcebergs_20231208.csv,csv
B09G,2023-12-08T00:00:00Z,-68.19,41.72,12.0,7.0,,iceberg\AntarcticIcebergs_20231208.csv,csv
B15AB,2023-12-08T00:00:00Z,-72.19,-15.93,11.0,4.0,Result of B15T calving,iceberg\AntarcticIcebergs_20231208.csv,csv
B22A,2023-12-08T00:00:00Z,-71.47,-114.38,44.0,24.0,,iceberg\AntarcticIcebergs_20231208.csv,csv
B29,2023-12-08T00:00:00Z,-73.74,-110.51,11.0,5.0,,iceberg\AntarcticIcebergs_20231208.csv,csv
B39,2023-12-08T00:00:00Z,-70.94,-56.16,8.0,4.0,,iceberg\AntarcticIcebergs_20231208.csv,csv
B45,2023-12-08T00:00:00Z,-72.25,-113.79,8.0,6.0,Calved from Crosson ice shelf,iceberg\AntarcticIcebergs_20231208.csv,csv
B46,2023-12-08T00:00:00Z,-63.79,-143.36,18.0,5.0,Calved from PIG,iceberg\AntarcticIcebergs_20231208.csv,csv
B47,2023-12-08T00:00:00Z,-72.86,-125.04,19.0,5.0,Calved from the Getz Ice Shelf,iceberg\AntarcticIcebergs_20231208.csv,csv
C15,2023-12-08T00:00:00Z,-65.93,143.18,14.0,10.0,,iceberg\AntarcticIcebergs_20231208.csv,csv
C18B,2023-12-08T00:00:00Z,-65.78,81.61,20.0,4.0,,iceberg\AntarcticIcebergs_20231208.csv,csv
C24,2023-12-08T00:00:00Z,-64.84,96.02,11.0,3.0,Fasted,iceberg\AntarcticIcebergs_20231208.csv,csv
C29,2023-12-08T00:00:00Z,-66.06,142.75,7.0,5.0,Grounded,iceberg\AntarcticIcebergs_20231208.csv,csv
C30,2023-12-08T00:00:00Z,-64.78,96.29,9.0,3.0,Fasted,iceberg\AntarcticIcebergs_20231208.csv,csv
C31,2023-12-08T00:00:00Z,-64.68,96.5,9.0,3.0,Fasted,iceberg\AntarcticIcebergs_20231208.csv,csv
C33,2023-12-08T00:00:00Z,-65.49,122.85,11.0,4.0,Calved off Nansen Ice Shelf,iceberg\AntarcticIcebergs_20231208.csv,csv
C35,2023-12-08T00:00:00Z,-66.27,142.99,8.0,5.0,Calved from Ninnis Ice Shelf,iceberg\AntarcticIcebergs_20231208.csv,csv
C36,2023-12-08T00:00:00Z,-67.91,147.46,23.0,16.0,Calved from Ninnis Ice Shelf,iceberg\AntarcticIcebergs_20231208.csv,csv
C38B,2023-12-08T00:00:00Z,-64.87,98.54,8.0,7.0,,iceberg\AntarcticIcebergs_20231208.csv,csv
C39,2023-12-08T00:00:00Z,-64.67,98.3,15.0,8.0,,iceberg\AntarcticIcebergs_20231208.csv,csv
D20A,2023-12-08T00:00:00Z,-62.06,-49.07,14.0,5.0,,iceberg\AntarcticIcebergs_20231208.csv,csv
D23,2023-12-08T00:00:00Z,-69.43,74.7,7.0,6.0,Fasted,iceberg\AntarcticIcebergs_20231208.csv,csv
D27,2023-12-08T00:00:00Z,-71.57,-47.2,8.0,5.0,,iceberg\AntarcticIcebergs_20231208.csv,csv
D29A,2023-12-08T00:00:00Z,-56.95,-26.22,21.0,9.0,,iceberg\AntarcticIcebergs_20231208.csv,csv
D29B,2023-12-08T00:00:00Z,-57.2,-40.6,13.0,7.0,,iceberg\AntarcticIcebergs_20231208.csv,csv
D29C,2023-12-08T00:00:00Z,-59.92,-33.67,13.0,6.0,,iceberg\AntarcticIcebergs_20231208.csv,csv
D30A,2023-12-08T00:00:00Z,-56.2,-42.85,39.0,11.0,,iceberg\AntarcticIcebergs_20231208.csv,csv
D30B,2023-12-08T00:00:00Z,-60.88,-44.99,15.0,5.0,,iceberg\AntarcticIcebergs_20231208.csv,csv
D31,2023-12-08T00:00:00Z,-61.17,-36.5,16.0,2.0,,iceberg\AntarcticIcebergs_20231208.csv,csv
D32,2023-12-08T00:00:00Z,-65.41,53.8,10.0,9.0,Calved from Amery Ice Shelf,iceberg\AntarcticIcebergs_20231208.csv,csv
D33A,2023-12-08T00:00:00Z,-69.58,1.4,34.0,10.0,,iceberg\AntarcticIcebergs_20231208.csv,csv
D33B,2023-12-08T00:00:00Z,-69.61,9.8,21.0,12.0,,iceberg\AntarcticIcebergs_20231208.csv,csv
A23A,2023-12-15T00:00:00Z,-62.18,-52.91,40.0,32.0,,iceberg\AntarcticIcebergs_20231215.csv,csv
A74A,2023-12-15T00:00:00Z,-72.05,-54.1,30.0,18.0,Calved from north Brunt,iceberg\AntarcticIcebergs_20231215.csv,csv
A74B,2023-12-15T00:00:00Z,-67.61,-55.33,8.0,4.0,Calved from A74,iceberg\AntarcticIcebergs_20231215.csv,csv
A76B,2023-12-15T00:00:00Z,-65.13,-56.66,20.0,7.0,,iceberg\AntarcticIcebergs_20231215.csv,csv
A76C,2023-12-15T00:00:00Z,-65.19,-57.57,16.0,7.0,,iceberg\AntarcticIcebergs_20231215.csv,csv
A77,2023-12-15T00:00:00Z,-72.35,-55.55,27.0,4.0,Calved from Ekstrom Ice shelf,iceberg\AntarcticIcebergs_20231215.csv,csv
A78,2023-12-15T00:00:00Z,-60.62,-31.35,18.0,4.0,,iceberg\AntarcticIcebergs_20231215.csv,csv
A80A,2023-12-15T00:00:00Z,-65.33,-57.11,11.0,9.0,,iceberg\AntarcticIcebergs_20231215.csv,csv
A80D,2023-12-15T00:00:00Z,-65.09,-56.13,6.0,5.0,,iceberg\AntarcticIcebergs_20231215.csv,csv
A82,2023-12-15T00:00:00Z,-72.85,-72.42,12.0,6.0,George VI ice shelf,iceberg\AntarcticIcebergs_20231215.csv,csv
B09B,2023-12-15T00:00:00Z,-66.17,143.43,27.0,10.0,Grounded,iceberg\AntarcticIcebergs_20231215.csv,csv
B09G,2023-12-15T00:00:00Z,-68.19,41.72,12.0,7.0,,iceberg\AntarcticIcebergs_20231215.csv,csv
B15AB,2023-12-15T00:00:00Z,-72.19,-15.9,11.0,4.0,Result of B15T calving,iceberg\AntarcticIcebergs_20231215.csv,csv
B22A,2023-12-15T00:00:00Z,-71.45,-114.78,44.0,24.0,,iceberg\AntarcticIcebergs_20231215.csv,csv
B29,2023-12-15T00:00:00Z,-73.74,-110.51,11.0,5.0,,iceberg\AntarcticIcebergs_20231215.csv,csv
B39,2023-12-15T00:00:00Z,-70.81,-56.49,8.0,4.0,,iceberg\AntarcticIcebergs_20231215.csv,csv
B45,2023-12-15T00:00:00Z,-72.21,-114.05,8.0,6.0,Calved from Crosson ice shelf,iceberg\AntarcticIcebergs_20231215.csv,csv
B46,2023-12-15T00:00:00Z,-63.62,-141.94,18.0,5.0,Calved from PIG,iceberg\AntarcticIcebergs_20231215.csv,csv
B47,2023-12-15T00:00:00Z,-73.51,-129.99,19.0,5.0,Calved from the Getz Ice Shelf,iceberg\AntarcticIcebergs_20231215.csv,csv
C15,2023-12-15T00:00:00Z,-65.93,143.18,14.0,10.0,,iceberg\AntarcticIcebergs_20231215.csv,csv
C18B,2023-12-15T00:00:00Z,-65.71,81.61,20.0,4.0,,iceberg\AntarcticIcebergs_20231215.csv,csv
C24,2023-12-15T00:00:00Z,-64.84,96.02,11.0,3.0,Fasted,iceberg\AntarcticIcebergs_20231215.csv,csv
C29,2023-12-15T00:00:00Z,-66.06,142.75,7.0,5.0,Grounded,iceberg\AntarcticIcebergs_20231215.csv,csv
C30,2023-12-15T00:00:00Z,-64.78,96.29,9.0,3.0,Fasted,iceberg\AntarcticIcebergs_20231215.csv,csv
C31,2023-12-15T00:00:00Z,-64.68,96.5,9.0,3.0,Fasted,iceberg\AntarcticIcebergs_20231215.csv,csv
C33,2023-12-15T00:00:00Z,-65.75,122.4,11.0,4.0,Calved off Nansen Ice Shelf,iceberg\AntarcticIcebergs_20231215.csv,csv
C35,2023-12-15T00:00:00Z,-66.27,142.99,8.0,5.0,Calved from Ninnis Ice Shelf,iceberg\AntarcticIcebergs_20231215.csv,csv
C36,2023-12-15T00:00:00Z,-67.91,147.46,23.0,16.0,Calved from Ninnis Ice Shelf,iceberg\AntarcticIcebergs_20231215.csv,csv
C38B,2023-12-15T00:00:00Z,-64.89,98.61,8.0,7.0,,iceberg\AntarcticIcebergs_20231215.csv,csv
C39,2023-12-15T00:00:00Z,-64.66,98.33,15.0,8.0,,iceberg\AntarcticIcebergs_20231215.csv,csv
D20A,2023-12-15T00:00:00Z,-62.24,-48.0,14.0,5.0,,iceberg\AntarcticIcebergs_20231215.csv,csv
D23,2023-12-15T00:00:00Z,-69.43,74.7,7.0,6.0,Fasted,iceberg\AntarcticIcebergs_20231215.csv,csv
D27,2023-12-15T00:00:00Z,-71.4,-47.58,8.0,5.0,,iceberg\AntarcticIcebergs_20231215.csv,csv
D29A,2023-12-15T00:00:00Z,-60.81,-23.43,21.0,9.0,,iceberg\AntarcticIcebergs_20231215.csv,csv
D29B,2023-12-15T00:00:00Z,-57.29,-40.82,13.0,7.0,,iceberg\AntarcticIcebergs_20231215.csv,csv
D29C,2023-12-15T00:00:00Z,-59.74,-34.48,13.0,6.0,,iceberg\AntarcticIcebergs_20231215.csv,csv
D30A,2023-12-15T00:00:00Z,-56.45,-41.41,39.0,11.0,,iceberg\AntarcticIcebergs_20231215.csv,csv
D30B,2023-12-15T00:00:00Z,-60.87,-45.0,15.0,5.0,,iceberg\AntarcticIcebergs_20231215.csv,csv
D31,2023-12-15T00:00:00Z,-60.71,-35.63,16.0,2.0,,iceberg\AntarcticIcebergs_20231215.csv,csv
D32,2023-12-15T00:00:00Z,-65.36,53.95,10.0,9.0,Calved from Amery Ice Shelf,iceberg\AntarcticIcebergs_20231215.csv,csv
D33A,2023-12-15T00:00:00Z,-69.4,-0.74,34.0,10.0,,iceberg\AntarcticIcebergs_20231215.csv,csv
D33B,2023-12-15T00:00:00Z,-69.68,8.01,21.0,12.0,,iceberg\AntarcticIcebergs_20231215.csv,csv
A23A,2023-12-21T00:00:00Z,-62.02,-52.23,40.0,32.0,,iceberg\AntarcticIcebergs_20231221.csv,csv
A74A,2023-12-21T00:00:00Z,-72.1,-54.12,30.0,18.0,Calved from north Brunt,iceberg\AntarcticIcebergs_20231221.csv,csv
A74B,2023-12-21T00:00:00Z,-67.49,-55.22,8.0,4.0,Calved from A74,iceberg\AntarcticIcebergs_20231221.csv,csv
A76B,2023-12-21T00:00:00Z,-65.12,-56.43,20.0,7.0,,iceberg\AntarcticIcebergs_20231221.csv,csv
A76C,2023-12-21T00:00:00Z,-65.21,-57.35,16.0,7.0,,iceberg\AntarcticIcebergs_20231221.csv,csv
A77,2023-12-21T00:00:00Z,-72.34,-55.55,27.0,4.0,Calved from Ekstrom Ice shelf,iceberg\AntarcticIcebergs_20231221.csv,csv
A78,2023-12-21T00:00:00Z,-60.47,-31.32,18.0,4.0,,iceberg\AntarcticIcebergs_20231221.csv,csv
A80A,2023-12-21T00:00:00Z,-65.29,-57.05,11.0,9.0,,iceberg\AntarcticIcebergs_20231221.csv,csv
A80D,2023-12-21T00:00:00Z,-64.93,-56.03,6.0,5.0,,iceberg\AntarcticIcebergs_20231221.csv,csv
A82,2023-12-21T00:00:00Z,-72.94,-72.38,12.0,6.0,George VI ice shelf,iceberg\AntarcticIcebergs_20231221.csv,csv
B09B,2023-12-21T00:00:00Z,-66.17,143.43,27.0,10.0,Grounded,iceberg\AntarcticIcebergs_20231221.csv,csv
B09G,2023-12-21T00:00:00Z,-68.19,41.71,12.0,7.0,,iceberg\AntarcticIcebergs_20231221.csv,csv
B15AB,2023-12-21T00:00:00Z,-72.19,-15.9,11.0,4.0,Result of B15T calving,iceberg\AntarcticIcebergs_20231221.csv,csv
B22A,2023-12-21T00:00:00Z,-71.41,-115.24,44.0,24.0,,iceberg\AntarcticIcebergs_20231221.csv,csv
B29,2023-12-21T00:00:00Z,-73.74,-110.5,11.0,5.0,,iceberg\AntarcticIcebergs_20231221.csv,csv
B39,2023-12-21T00:00:00Z,-70.74,-56.37,8.0,4.0,,iceberg\AntarcticIcebergs_20231221.csv,csv
B45,2023-12-21T00:00:00Z,-72.17,-114.33,8.0,6.0,Calved from Crosson ice shelf,iceberg\AntarcticIcebergs_20231221.csv,csv
B46,2023-12-21T00:00:00Z,-63.73,-140.88,18.0,5.0,Calved from PIG,iceberg\AntarcticIcebergs_20231221.csv,csv
B47,2023-12-21T00:00:00Z,-73.9,-134.12,19.0,5.0,Calved from the Getz Ice Shelf,iceberg\AntarcticIcebergs_20231221.csv,csv
C15,2023-12-21T00:00:00Z,-65.93,143.18,14.0,10.0,,iceberg\AntarcticIcebergs_20231221.csv,csv
C18B,2023-12-21T00:00:00Z,-65.69,81.17,20.0,4.0,,iceberg\AntarcticIcebergs_20231221.csv,csv
C24,2023-12-21T00:00:00Z,-64.84,96.02,11.0,3.0,Fasted,iceberg\AntarcticIcebergs_20231221.csv,csv
C29,2023-12-21T00:00:00Z,-66.06,142.75,7.0,5.0,Grounded,iceberg\AntarcticIcebergs_20231221.csv,csv
C30,2023-12-21T00:00:00Z,-64.78,96.29,9.0,3.0,Fasted,iceberg\AntarcticIcebergs_20231221.csv,csv
C31,2023-12-21T00:00:00Z,-64.68,96.5,9.0,3.0,Fasted,iceberg\AntarcticIcebergs_20231221.csv,csv
C33,2023-12-21T00:00:00Z,-65.72,122.24,11.0,4.0,Calved off Nansen Ice Shelf,iceberg\AntarcticIcebergs_20231221.csv,csv
C35,2023-12-21T00:00:00Z,-66.27,142.99,8.0,5.0,Calved from Ninnis Ice Shelf,iceberg\AntarcticIcebergs_20231221.csv,csv
C36,2023-12-21T00:00:00Z,-67.91,147.46,23.0,16.0,Calved from Ninnis Ice Shelf,iceberg\AntarcticIcebergs_20231221.csv,csv
C38B,2023-12-21T00:00:00Z,-64.86,98.59,8.0,7.0,,iceberg\AntarcticIcebergs_20231221.csv,csv
C39,2023-12-21T00:00:00Z,-64.65,98.31,15.0,8.0,,iceberg\AntarcticIcebergs_20231221.csv,csv
D20A,2023-12-21T00:00:00Z,-62.24,-47.09,14.0,5.0,,iceberg\AntarcticIcebergs_20231221.csv,csv
D23,2023-12-21T00:00:00Z,-69.43,74.7,7.0,6.0,Fasted,iceberg\AntarcticIcebergs_20231221.csv,csv
D27,2023-12-21T00:00:00Z,-71.48,-47.77,8.0,5.0,,iceberg\AntarcticIcebergs_20231221.csv,csv
D29A,2023-12-21T00:00:00Z,-60.4,-20.42,21.0,9.0,,iceberg\AntarcticIcebergs_20231221.csv,csv
D29B,2023-12-21T00:00:00Z,-57.39,-40.68,13.0,7.0,,iceberg\AntarcticIcebergs_20231221.csv,csv
D29C,2023-12-21T00:00:00Z,-59.42,-34.86,13.0,6.0,,iceberg\AntarcticIcebergs_20231221.csv,csv
D30A,2023-12-21T00:00:00Z,-55.85,-40.95,39.0,11.0,,iceberg\AntarcticIcebergs_20231221.csv,csv
D30B,2023-12-21T00:00:00Z,-60.87,-44.98,15.0,5.0,,iceberg\AntarcticIcebergs_20231221.csv,csv
D31,2023-12-21T00:00:00Z,-60.4,-34.98,16.0,2.0,,iceberg\AntarcticIcebergs_20231221.csv,csv
D32,2023-12-21T00:00:00Z,-65.32,53.7,10.0,9.0,Calved from Amery Ice Shelf,iceberg\AntarcticIcebergs_20231221.csv,csv
D33A,2023-12-21T00:00:00Z,-69.6,-1.94,34.0,10.0,,iceberg\AntarcticIcebergs_20231221.csv,csv
D33B,2023-12-21T00:00:00Z,-69.68,6.9,21.0,12.0,,iceberg\AntarcticIcebergs_20231221.csv,csv
